{"type":"FeatureCollection","features":[{"type":"Feature","properties":{"DPTO_CCDGO":"18","MPIO_CCNCT":"18001","MPIO_CNMBR":"FLORENCIA"},"geometry":{"type":"Polygon","coordinates":[[[-75.3492227392583,1.9752641110764673],[-75.47898278489383,1.3431346818849956],[-75.56834583519002,1.3220637009119462],[-75.80460705035661,1.6158179650656308],[-75.7862447797478,1.7633148318769738],[-75.42634427581527,2.1946502070899783],[-75.3492227392583,1.9752641110764673]]]}},{"type":"Feature","properties":{"DPTO_CCDGO":"18","MPIO_CCNCT":"18029","MPIO_CNMBR":"ALBANIA"},"geometry":{"type":"Polygon","coordinates":[[[-75.75686514677372,1.1894404677286383],[-75.92212558225295,1.1076354827744472],[-75.99435051331425,1.2476955327717736],[-75.90621161439199,1.359247784982033],[-75.75686514677372,1.1894404677286383]]]}},{"type":"Feature","properties":{"DPTO_CCDGO":"18","MPIO_CCNCT":"18094","MPIO_CNMBR":"BELEN DE LOS ANDAQUIES"},"geometry":{"type":"Polygon","coordinates":[[[-75.7862447797478,1.7633148318769738],[-75.737278724791,1.4175028500251692],[-75.75686514677372,1.1894404677286383],[-76.09962753147138,1.563760247367509],[-75.7862447797478,1.7633148318769738]]]}},{"type":"Feature","properties":{"DPTO_CCDGO":"18","MPIO_CCNCT":"18247","MPIO_CNMBR":"EL DONCELLO"},"geometry":{"type":"Polygon","coordinates":[[[-75.3492227392583,2.3235550318662783],[-75.25741138621427,2.1376346115158453],[-75.31494650078852,1.801738385416063],[-75.17784154690946,1.7100176447098496],[-75.05420225814352,1.7323280951519013],[-74.92933881800366,1.4249396668391858],[-75.33086046864949,1.659199396480732],[-75.3492227392583,2.3235550318662783]]]}},{"type":"Feature","properties":{"DPTO_CCDGO":"18","MPIO_CCNCT":"18256","MPIO_CNMBR":"EL PAUJIL"},"geometry":{"type":"Polygon","coordinates":[[[-74.96483920784735,1.4435317088742297],[-75.08113358836977,1.273724391620834],[-75.36880916124102,1.5662391863055154],[-75.3859472804759,2.3148787455832576],[-75.33086046864949,1.659199396480732],[-74.96483920784735,1.4435317088742297]]]}},{"type":"Feature","properties":{"DPTO_CCDGO":"18","MPIO_CCNCT":"18410","MPIO_CNMBR":"LA MONTAÑITA"},"geometry":{"type":"Polygon","coordinates":[[[-75.08113358836977,1.273724391620834],[-74.89995918502959,0.9762517190601416],[-75.19497966614435,1.0419436009172944],[-75.36024010162357,1.3505714986990132],[-75.47898278489383,1.3431346818849956],[-75.40430955108471,1.7695121792219881],[-75.32841216590165,1.483194731882322],[-75.08113358836977,1.273724391620834]]]}},{"type":"Feature","properties":{"DPTO_CCDGO":"18","MPIO_CCNCT":"18460","MPIO_CNMBR":"MILAN"},"geometry":{"type":"Polygon","coordinates":[[[-75.19497966614435,1.0419436009172944],[-75.32351556040597,0.9241940013620207],[-75.54141450496377,1.087803971270401],[-75.56834583519002,1.3220637009119462],[-75.36024010162357,1.3505714986990132],[-75.19497966614435,1.0419436009172944]]]}},{"type":"Feature","properties":{"DPTO_CCDGO":"18","MPIO_CCNCT":"18479","MPIO_CNMBR":"MORELIA"},"geometry":{"type":"Polygon","coordinates":[[[-75.56834583519002,1.3220637009119462],[-75.56834583519002,1.2167087960467011],[-75.74217533028667,1.3233031703809495],[-75.77889987150428,1.5823522894025528],[-75.56834583519002,1.3220637009119462]]]}},{"type":"Feature","properties":{"DPTO_CCDGO":"18","MPIO_CCNCT":"18610","MPIO_CNMBR":"SAN JOSE DEL FRAGUA"},"geometry":{"type":"Polygon","coordinates":[[[-76.16940415978483,1.588549636747567],[-75.90621161439199,1.359247784982033],[-75.99435051331425,1.2476955327717736],[-75.9551776693488,1.1820036509146208],[-76.13267961856722,1.101438135429433],[-76.28080193481156,1.1373827500305165],[-76.30283665954212,1.2365403075507473],[-76.20368039825459,1.3530504376370187],[-76.16940415978483,1.588549636747567]]]}},{"type":"Feature","properties":{"DPTO_CCDGO":"18","MPIO_CCNCT":"18860","MPIO_CNMBR":"VALPARAISO"},"geometry":{"type":"Polygon","coordinates":[[[-75.56834583519002,1.2167087960467011],[-75.54141450496377,1.087803971270401],[-75.32351556040597,0.9241940013620207],[-75.46918957390247,0.8423890164078296],[-75.51693147748536,0.9613780854321075],[-75.63934661487738,1.0134358031302284],[-75.82052101821758,0.9341097571140438],[-75.87560783004398,1.0270699672892603],[-75.74217533028667,1.3233031703809495],[-75.56834583519002,1.2167087960467011]]]}},{"type":"Feature","properties":{"DPTO_CCDGO":"18","MPIO_CCNCT":"18150","MPIO_CNMBR":"CARTAGENA DEL CHAIRA"},"geometry":{"type":"Polygon","coordinates":[[[-73.72844632018794,0.6217634509253163],[-73.42485677945574,0.2561199575694655],[-73.14575026620193,0.1309335412001742],[-73.18492311016738,0.06028378146700941],[-73.7614984072838,0.07887582350205236],[-73.86187881994525,0.1693570947392633],[-74.51190319949687,0.1693570947392633],[-74.64166324513242,0.5263243018120942],[-74.81549274022909,0.6663843518094206],[-74.81304443748124,0.8485863637528448],[-75.08113358836977,1.273724391620834],[-75.05665056089137,1.3877555827691],[-74.96483920784735,1.4435317088742297],[-74.82406179984653,1.392713460645111],[-74.78733725862892,1.5674786557745177],[-74.57311076819289,1.2340613686127417],[-74.07610531038128,0.839910077469824],[-73.96225923260671,0.615566103580302],[-73.80801615949277,0.5647478553511833],[-73.72844632018794,0.6217634509253163]]]}},{"type":"Feature","properties":{"DPTO_CCDGO":"18","MPIO_CCNCT":"18753","MPIO_CNMBR":"SAN VICENTE DEL CAGUAN"},"geometry":{"type":"Polygon","coordinates":[[[-74.60004209841912,2.635901338055005],[-74.74326780916779,2.270257844699154],[-74.59392134154953,2.13515567257784],[-74.64411154788026,2.0954926495697475],[-74.56331755720153,1.8475987557691704],[-73.99408716832863,1.6393678849766857],[-73.65989384324841,1.612099556658622],[-73.39302884373382,1.1472985057825396],[-73.23878577061987,1.0320278451652714],[-73.4652537747951,1.0444225398553],[-73.67335950836154,0.5362400575641173],[-73.72844632018794,0.6217634509253163],[-73.80801615949277,0.5647478553511833],[-73.96225923260671,0.615566103580302],[-74.07610531038128,0.839910077469824],[-74.57311076819289,1.2340613686127417],[-74.8105961347334,1.6034232703756013],[-74.94647693723854,2.097971588507753],[-75.02604677654335,2.150029306205874],[-74.98075317570832,2.565251578321841],[-75.13377209744834,2.598717253984918],[-75.15213436805715,2.7090300367261753],[-74.89873503365565,2.96436074734077],[-74.6710428781065,2.8875136402625907],[-74.60004209841912,2.635901338055005]]]}},{"type":"Feature","properties":{"DPTO_CCDGO":"18","MPIO_CCNCT":"18756","MPIO_CNMBR":"SOLANO"},"geometry":{"type":"Polygon","coordinates":[[[-72.03299666730847,0.6639054128714141],[-71.83223584198555,0.3391644119926589],[-71.58373311307976,0.163159747394249],[-71.3744032281394,0.1743149726152744],[-71.25443639349523,0.059044311998006194],[-71.54945687460999,0.021860227927920306],[-71.70492409909785,-0.06738157384028742],[-71.71104485596746,-0.23223101321767148],[-72.14317029096128,-0.3475016738349397],[-72.24232655224883,-0.6053113233875402],[-72.31699978605795,-0.6524111632096496],[-72.43329416658037,-0.5668877698484507],[-72.59243384519,-0.6933136556867447],[-72.74545276693003,-0.5606904225034364],[-72.8776611153134,-0.6177060180775689],[-72.99640379858367,-0.5334220941853727],[-73.20940613764579,-0.6239033654225832],[-73.33549372915957,-0.5061537658673094],[-73.57053079295224,-0.5160695216193325],[-73.5803240039436,-0.4553355176381908],[-73.9989837738243,-0.34378326542793136],[-74.35153936951333,-0.10704459684837975],[-74.54128283247096,-0.1206787610074116],[-74.70409496520234,0.03673386155595448],[-74.67838778635003,0.16068080845624344],[-74.96483920784735,0.24496473234843918],[-75.03339168478688,0.48418233986599635],[-75.19620381751827,0.47922446198998436],[-75.26598044583172,0.7258788863215591],[-75.48387939038952,0.7828944818956911],[-75.19497966614435,1.0419436009172944],[-74.89995918502959,0.9762517190601416],[-74.81304443748124,0.8485863637528448],[-74.81549274022909,0.6663843518094206],[-74.64166324513242,0.5263243018120942],[-74.51190319949687,0.1693570947392633],[-73.86187881994525,0.1693570947392633],[-73.7614984072838,0.07887582350205236],[-73.47994359128215,0.11482043810313591],[-73.32814882091604,0.0379733310249577],[-73.14575026620193,0.1309335412001742],[-73.42485677945574,0.2561199575694655],[-73.67335950836154,0.5362400575641173],[-73.4652537747951,1.0444225398553],[-73.23878577061987,1.0320278451652714],[-73.07842194063632,0.8944467341059514],[-72.85685054195676,1.0431830703862977],[-72.87031620706989,1.1460590363135372],[-72.65119311113817,1.1720878951625977],[-72.46757040505014,1.0840855628633923],[-72.26925788247507,0.763062970391645],[-72.03299666730847,0.6639054128714141]]]}},{"type":"Feature","properties":{"DPTO_CCDGO":"18","MPIO_CCNCT":"18785","MPIO_CNMBR":"SOLITA"},"geometry":{"type":"Polygon","coordinates":[[[-75.51693147748536,0.9613780854321075],[-75.48387939038952,0.7828944818956911],[-75.63689831212955,0.8770941615399108],[-75.75808929814764,0.8374311385318185],[-75.82052101821758,0.9341097571140438],[-75.63934661487738,1.0134358031302284],[-75.51693147748536,0.9613780854321075]]]}},{"type":"Feature","properties":{"DPTO_CCDGO":"18","MPIO_CCNCT":"18205","MPIO_CNMBR":"CURILLO"},"geometry":{"type":"Polygon","coordinates":[[[-75.81440026134797,1.111353891181456],[-75.85602140806125,0.8845309783539284],[-75.97598824270544,1.0617751124213406],[-76.13267961856722,1.101438135429433],[-75.9551776693488,1.1820036509146208],[-75.92212558225295,1.1076354827744472],[-75.81440026134797,1.111353891181456]]]}},{"type":"Feature","properties":{"DPTO_CCDGO":"18","MPIO_CCNCT":"18592","MPIO_CNMBR":"PUERTO RICO"},"geometry":{"type":"Polygon","coordinates":[[[-74.78733725862892,1.5674786557745177],[-74.82406179984653,1.392713460645111],[-74.92933881800366,1.4249396668391858],[-75.05420225814352,1.7323280951519013],[-75.17784154690946,1.7100176447098496],[-75.31494650078852,1.801738385416063],[-75.25741138621427,2.1376346115158453],[-75.3492227392583,2.3235550318662783],[-75.05420225814352,2.6284645212409874],[-74.98075317570832,2.565251578321841],[-75.02604677654335,2.150029306205874],[-74.94647693723854,2.097971588507753],[-74.78733725862892,1.5674786557745177]]]}},{"type":"Feature","properties":{"DPTO_CCDGO":"19","MPIO_CCNCT":"19001","MPIO_CNMBR":"POPAYAN"},"geometry":{"type":"Polygon","coordinates":[[[-76.76801418163181,2.5677305172598466],[-76.38485480159478,2.4239520588555115],[-76.50726993898681,2.4152757725724916],[-76.5317529664652,2.312399806645252],[-76.76801418163181,2.5677305172598466]]]}},{"type":"Feature","properties":{"DPTO_CCDGO":"19","MPIO_CCNCT":"19022","MPIO_CNMBR":"ALMAGUER"},"geometry":{"type":"Polygon","coordinates":[[[-76.72394473217068,1.9802219889524784],[-76.79372136048413,1.8438803473621617],[-76.93572291985888,1.921966923909343],[-76.86594629154543,1.9827009278904848],[-76.72394473217068,1.9802219889524784]]]}},{"type":"Feature","properties":{"DPTO_CCDGO":"19","MPIO_CCNCT":"19050","MPIO_CNMBR":"ARGELIA"},"geometry":{"type":"Polygon","coordinates":[[[-77.30908908890453,2.508235982747708],[-77.13648374518179,2.4351072840765378],[-77.21238113036483,2.1574661230198915],[-77.30541663478277,2.145071428329863],[-77.37519326309622,2.26406049735414],[-77.40334874469639,2.383049566378417],[-77.30908908890453,2.508235982747708]]]}},{"type":"Feature","properties":{"DPTO_CCDGO":"19","MPIO_CCNCT":"19075","MPIO_CNMBR":"BALBOA"},"geometry":{"type":"Polygon","coordinates":[[[-77.20136376799955,1.9541931301034179],[-77.33234796500902,2.04963227921664],[-77.17810489189507,2.202087023903995],[-77.08751769022498,2.116563630542796],[-77.20136376799955,1.9541931301034179]]]}},{"type":"Feature","properties":{"DPTO_CCDGO":"19","MPIO_CCNCT":"19100","MPIO_CNMBR":"BOLIVAR"},"geometry":{"type":"Polygon","coordinates":[[[-76.86594629154543,1.9827009278904848],[-76.93572291985888,1.921966923909343],[-76.80841117697118,1.702580827895832],[-76.8524806264323,1.635649476569677],[-77.0520173003813,1.7397649119659189],[-77.01896521328544,1.816612019044098],[-77.13036298831219,1.9380800270063805],[-76.95163688771984,2.09673211903875],[-76.98346482344176,2.0434349318716256],[-76.86594629154543,1.9827009278904848]]]}},{"type":"Feature","properties":{"DPTO_CCDGO":"19","MPIO_CCNCT":"19110","MPIO_CNMBR":"BUENOS AIRES"},"geometry":{"type":"Polygon","coordinates":[[[-76.55746014531753,3.1019418584000897],[-76.63090922775274,2.8726400066345565],[-76.80473872284941,3.051123610170972],[-76.78270399811885,3.23084668317639],[-76.67742697996171,3.099462919462084],[-76.55746014531753,3.1019418584000897]]]}},{"type":"Feature","properties":{"DPTO_CCDGO":"19","MPIO_CCNCT":"19130","MPIO_CNMBR":"CAJIBIO"},"geometry":{"type":"Polygon","coordinates":[[[-76.85125647505838,2.761087754424296],[-76.49747672799545,2.6061540707989357],[-76.76801418163181,2.5677305172598466],[-76.87329119978894,2.678043300001103],[-76.85125647505838,2.761087754424296]]]}},{"type":"Feature","properties":{"DPTO_CCDGO":"19","MPIO_CCNCT":"19137","MPIO_CNMBR":"CALDONO"},"geometry":{"type":"Polygon","coordinates":[[[-76.36526837961206,2.7672851017693114],[-76.50482163623896,2.7065510977881697],[-76.63090922775274,2.8726400066345565],[-76.47789030601272,2.8441322088474896],[-76.36282007686422,2.918500376987663],[-76.36526837961206,2.7672851017693114]]]}},{"type":"Feature","properties":{"DPTO_CCDGO":"19","MPIO_CCNCT":"19142","MPIO_CNMBR":"CALOTO"},"geometry":{"type":"Polygon","coordinates":[[[-76.43014840242984,3.21349411061035],[-76.4044412235775,3.0759129995510293],[-76.3554751686207,3.1725916181332545],[-76.27590532931589,3.069715652206015],[-76.36649253098598,2.9197398464566655],[-76.43749331067335,3.0188974039768963],[-76.43014840242984,3.21349411061035]]]}},{"type":"Feature","properties":{"DPTO_CCDGO":"19","MPIO_CCNCT":"19212","MPIO_CNMBR":"CORINTO"},"geometry":{"type":"Polygon","coordinates":[[[-76.08371356361042,3.1577179845052195],[-76.21469776061987,3.059799896453992],[-76.33221629251622,3.131689125656159],[-76.28692269168117,3.2283677442383842],[-76.08371356361042,3.1577179845052195]]]}},{"type":"Feature","properties":{"DPTO_CCDGO":"19","MPIO_CCNCT":"19290","MPIO_CNMBR":"FLORENCIA"},"geometry":{"type":"Polygon","coordinates":[[[-77.0520173003813,1.7397649119659189],[-77.0703795709901,1.674073030108766],[-77.1438286534253,1.6777914385157748],[-77.0520173003813,1.7397649119659189]]]}},{"type":"Feature","properties":{"DPTO_CCDGO":"19","MPIO_CCNCT":"19300","MPIO_CNMBR":"GUACHENE"},"geometry":{"type":"Polygon","coordinates":[[[-76.43504500792551,3.1626758623812314],[-76.3554751686207,3.1725916181332545],[-76.35669931999462,3.070955121675018],[-76.43504500792551,3.1626758623812314]]]}},{"type":"Feature","properties":{"DPTO_CCDGO":"19","MPIO_CCNCT":"19355","MPIO_CNMBR":"INZA"},"geometry":{"type":"Polygon","coordinates":[[[-75.96252257759231,2.498320226995685],[-76.21959436611556,2.3185971539902663],[-76.32364723289878,2.39296532213044],[-76.22693927435908,2.4809676544296444],[-76.21102530649812,2.632182929647996],[-76.03841996277536,2.669367013718083],[-75.96252257759231,2.498320226995685]]]}},{"type":"Feature","properties":{"DPTO_CCDGO":"19","MPIO_CCNCT":"19364","MPIO_CNMBR":"JAMBALO"},"geometry":{"type":"Polygon","coordinates":[[[-76.31385402190742,2.9916290756588335],[-76.30528496228997,2.873879476103559],[-76.22449097161123,2.8540479645995127],[-76.24407739359395,2.7821587353973456],[-76.36526837961206,2.7672851017693114],[-76.31385402190742,2.9916290756588335]]]}},{"type":"Feature","properties":{"DPTO_CCDGO":"19","MPIO_CCNCT":"19392","MPIO_CNMBR":"LA SIERRA"},"geometry":{"type":"Polygon","coordinates":[[[-76.93205046573712,2.2578631500091255],[-76.72761718629243,2.2293553522220586],[-76.64927149836154,2.188452859744964],[-76.88798101627599,2.1624240008959026],[-76.93205046573712,2.2578631500091255]]]}},{"type":"Feature","properties":{"DPTO_CCDGO":"19","MPIO_CCNCT":"19397","MPIO_CNMBR":"LA VEGA"},"geometry":{"type":"Polygon","coordinates":[[[-76.70925491568363,2.1425924893918564],[-76.58071902142201,2.0285612982435914],[-76.79127305773629,1.9504747216964091],[-76.88798101627599,2.1624240008959026],[-76.70925491568363,2.1425924893918564]]]}},{"type":"Feature","properties":{"DPTO_CCDGO":"19","MPIO_CCNCT":"19450","MPIO_CNMBR":"MERCADERES"},"geometry":{"type":"Polygon","coordinates":[[[-77.20136376799955,1.9541931301034179],[-77.01896521328544,1.816612019044098],[-77.0520173003813,1.7397649119659189],[-77.32989966226118,1.6815098469227836],[-77.20136376799955,1.9541931301034179]]]}},{"type":"Feature","properties":{"DPTO_CCDGO":"19","MPIO_CCNCT":"19455","MPIO_CNMBR":"MIRANDA"},"geometry":{"type":"Polygon","coordinates":[[[-76.05555808201025,3.223409866362373],[-76.1253347103237,3.156478515036217],[-76.36894083373382,3.2395229694594105],[-76.35180271449894,3.2866228092815195],[-76.05555808201025,3.223409866362373]]]}},{"type":"Feature","properties":{"DPTO_CCDGO":"19","MPIO_CCNCT":"19473","MPIO_CNMBR":"MORALES"},"geometry":{"type":"Polygon","coordinates":[[[-76.64437489286587,2.888753109731594],[-76.57582241592634,2.73257995663723],[-76.91613649787615,2.8156244110604236],[-76.8586013833019,2.9767554420307984],[-76.79984211735373,2.9544449915887467],[-76.8279975989539,2.8528084951305104],[-76.719048126675,2.8057086553084005],[-76.64437489286587,2.888753109731594]]]}},{"type":"Feature","properties":{"DPTO_CCDGO":"19","MPIO_CCNCT":"19513","MPIO_CNMBR":"PADILLA"},"geometry":{"type":"Polygon","coordinates":[[[-76.28692269168117,3.2283677442383842],[-76.33221629251622,3.131689125656159],[-76.36894083373382,3.2395229694594105],[-76.28692269168117,3.2283677442383842]]]}},{"type":"Feature","properties":{"DPTO_CCDGO":"19","MPIO_CCNCT":"19517","MPIO_CNMBR":"PAEZ (BELALCAZAR)"},"geometry":{"type":"Polygon","coordinates":[[[-76.06779959574945,3.04616573229496],[-75.74829608715628,2.7189457924781983],[-75.84133159157422,2.4586572039875927],[-75.96252257759231,2.498320226995685],[-76.03841996277536,2.669367013718083],[-76.25019815046356,2.6520144411520423],[-76.22449097161123,2.8540479645995127],[-76.06779959574945,3.04616573229496]]]}},{"type":"Feature","properties":{"DPTO_CCDGO":"19","MPIO_CCNCT":"19532","MPIO_CNMBR":"PATIA (EL BORDO)"},"geometry":{"type":"Polygon","coordinates":[[[-76.93205046573712,2.2578631500091255],[-76.89287762177166,2.1661424093029114],[-77.03487918114641,2.002532439394531],[-77.20136376799955,1.9541931301034179],[-77.08751769022498,2.116563630542796],[-77.16586337815588,2.2962867035482146],[-77.02875842427682,2.316118215052261],[-76.99325803443313,2.2058054323110037],[-76.93205046573712,2.2578631500091255]]]}},{"type":"Feature","properties":{"DPTO_CCDGO":"19","MPIO_CCNCT":"19533","MPIO_CNMBR":"PIAMONTE"},"geometry":{"type":"Polygon","coordinates":[[[-76.28080193481156,1.1373827500305165],[-76.08493771498433,1.0580567040143318],[-76.21347360924595,0.9787306579981472],[-76.40076876945575,0.9799701274671504],[-76.5672533563089,1.0816066239253868],[-76.46932124639528,1.0964802575534218],[-76.16940415978483,1.588549636747567],[-76.20368039825459,1.3530504376370187],[-76.30283665954212,1.2365403075507473],[-76.28080193481156,1.1373827500305165]]]}},{"type":"Feature","properties":{"DPTO_CCDGO":"19","MPIO_CCNCT":"19548","MPIO_CNMBR":"PIENDAMO"},"geometry":{"type":"Polygon","coordinates":[[[-76.61132280577002,2.855287434068516],[-76.5011491821172,2.6148303570819564],[-76.66885792034427,2.7189457924781983],[-76.57582241592634,2.73257995663723],[-76.61132280577002,2.855287434068516]]]}},{"type":"Feature","properties":{"DPTO_CCDGO":"19","MPIO_CCNCT":"19573","MPIO_CNMBR":"PUERTO TEJADA"},"geometry":{"type":"Polygon","coordinates":[[[-76.37750989335126,3.2048178243273293],[-76.46075218677784,3.3287647712276183],[-76.35180271449894,3.2866228092815195],[-76.37750989335126,3.2048178243273293]]]}},{"type":"Feature","properties":{"DPTO_CCDGO":"19","MPIO_CCNCT":"19585","MPIO_CNMBR":"PURACE (COCONUCO)"},"geometry":{"type":"Polygon","coordinates":[[[-76.50726993898681,2.4152757725724916],[-76.21959436611556,2.3185971539902663],[-76.12655886169762,2.3805706274404104],[-76.12166225620194,2.2243974743460475],[-76.36037177411637,2.270257844699154],[-76.42525179693415,2.1289583252328255],[-76.55378769119577,2.1388740809848485],[-76.50726993898681,2.4152757725724916]]]}},{"type":"Feature","properties":{"DPTO_CCDGO":"19","MPIO_CCNCT":"19622","MPIO_CNMBR":"ROSAS"},"geometry":{"type":"Polygon","coordinates":[[[-76.75944512201437,2.3062024593002377],[-76.65416810385723,2.2343132300980706],[-76.64927149836154,2.188452859744964],[-76.8402391126931,2.226876413284053],[-76.75944512201437,2.3062024593002377]]]}},{"type":"Feature","properties":{"DPTO_CCDGO":"19","MPIO_CCNCT":"19693","MPIO_CNMBR":"SAN SEBASTIAN"},"geometry":{"type":"Polygon","coordinates":[[[-76.62356431950923,1.9752641110764673],[-76.59051223241337,1.868669736742219],[-76.80841117697118,1.702580827895832],[-76.86839459429326,1.8463592863001672],[-76.79372136048413,1.8438803473621617],[-76.72394473217068,1.9802219889524784],[-76.62356431950923,1.9752641110764673]]]}},{"type":"Feature","properties":{"DPTO_CCDGO":"19","MPIO_CCNCT":"19698","MPIO_CNMBR":"SANTANDER DE QUILICHAO"},"geometry":{"type":"Polygon","coordinates":[[[-76.50359748486504,3.1440838203461885],[-76.36282007686422,2.918500376987663],[-76.47789030601272,2.8441322088474896],[-76.61132280577002,2.875118945572562],[-76.50359748486504,3.1440838203461885]]]}},{"type":"Feature","properties":{"DPTO_CCDGO":"19","MPIO_CCNCT":"19701","MPIO_CNMBR":"SANTA ROSA"},"geometry":{"type":"Polygon","coordinates":[[[-76.59051223241337,1.868669736742219],[-76.22693927435908,1.664157274356743],[-76.2159219119938,1.4955894265723506],[-76.46932124639528,1.0964802575534218],[-76.5672533563089,1.0816066239253868],[-76.60152959477865,1.4137844416181604],[-76.92103310337183,1.3456136208230012],[-76.92837801161535,1.5005473044483626],[-76.719048126675,1.8054567938230717],[-76.59051223241337,1.868669736742219]]]}},{"type":"Feature","properties":{"DPTO_CCDGO":"19","MPIO_CCNCT":"19743","MPIO_CNMBR":"SILVIA"},"geometry":{"type":"Polygon","coordinates":[[[-76.24407739359395,2.7821587353973456],[-76.22571512298515,2.5478990057558004],[-76.34445780625542,2.516912269030728],[-76.49747672799545,2.6061540707989357],[-76.50482163623896,2.7065510977881697],[-76.24407739359395,2.7821587353973456]]]}},{"type":"Feature","properties":{"DPTO_CCDGO":"19","MPIO_CCNCT":"19760","MPIO_CNMBR":"SOTARA (PAISPAMBA)"},"geometry":{"type":"Polygon","coordinates":[[[-76.61866771401354,2.4152757725724916],[-76.5317529664652,2.312399806645252],[-76.58071902142201,2.0285612982435914],[-76.70925491568363,2.1425924893918564],[-76.64927149836154,2.188452859744964],[-76.71537567255324,2.2863709477961915],[-76.61866771401354,2.4152757725724916]]]}},{"type":"Feature","properties":{"DPTO_CCDGO":"19","MPIO_CCNCT":"19780","MPIO_CNMBR":"SUAREZ"},"geometry":{"type":"Polygon","coordinates":[[[-76.64437489286587,2.888753109731594],[-76.719048126675,2.8057086553084005],[-76.8279975989539,2.8528084951305104],[-76.79984211735373,2.9544449915887467],[-76.8586013833019,2.9767554420307984],[-76.80473872284941,3.051123610170972],[-76.64437489286587,2.888753109731594]]]}},{"type":"Feature","properties":{"DPTO_CCDGO":"19","MPIO_CCNCT":"19785","MPIO_CNMBR":"SUCRE"},"geometry":{"type":"Polygon","coordinates":[[[-76.88798101627599,2.1624240008959026],[-76.87818780528463,2.0434349318716256],[-76.83656665857134,1.9851798668284903],[-76.98346482344176,2.0434349318716256],[-76.88798101627599,2.1624240008959026]]]}},{"type":"Feature","properties":{"DPTO_CCDGO":"19","MPIO_CCNCT":"19807","MPIO_CNMBR":"TIMBIO"},"geometry":{"type":"Polygon","coordinates":[[[-76.61866771401354,2.4152757725724916],[-76.64927149836154,2.3099208677072465],[-76.75944512201437,2.3062024593002377],[-76.72394473217068,2.4772492460226356],[-76.61866771401354,2.4152757725724916]]]}},{"type":"Feature","properties":{"DPTO_CCDGO":"19","MPIO_CCNCT":"19821","MPIO_CNMBR":"TORIBIO"},"geometry":{"type":"Polygon","coordinates":[[[-76.06779959574945,3.04616573229496],[-76.11676565070626,2.9246977243326775],[-76.30528496228997,2.873879476103559],[-76.27590532931589,3.069715652206015],[-76.06779959574945,3.04616573229496]]]}},{"type":"Feature","properties":{"DPTO_CCDGO":"19","MPIO_CCNCT":"19824","MPIO_CNMBR":"TOTORO"},"geometry":{"type":"Polygon","coordinates":[[[-76.49747672799545,2.6061540707989357],[-76.34445780625542,2.516912269030728],[-76.22571512298515,2.5478990057558004],[-76.22693927435908,2.4809676544296444],[-76.32364723289878,2.39296532213044],[-76.58806392966554,2.5528568836318115],[-76.49747672799545,2.6061540707989357]]]}},{"type":"Feature","properties":{"DPTO_CCDGO":"19","MPIO_CCNCT":"19256","MPIO_CNMBR":"EL TAMBO"},"geometry":{"type":"Polygon","coordinates":[[[-76.91613649787615,2.8156244110604236],[-76.72394473217068,2.4772492460226356],[-76.75944512201437,2.3062024593002377],[-76.99325803443313,2.2058054323110037],[-77.31031324027846,2.5578147615078235],[-77.20626037349524,2.645817093807028],[-77.21850188723444,2.769764040707317],[-76.91613649787615,2.8156244110604236]]]}},{"type":"Feature","properties":{"DPTO_CCDGO":"19","MPIO_CCNCT":"19318","MPIO_CNMBR":"GUAPI"},"geometry":{"type":"Polygon","coordinates":[[[-77.40334874469639,2.383049566378417],[-77.37519326309622,2.26406049735414],[-77.45965970789672,2.2863709477961915],[-77.48781518949689,2.1946502070899783],[-77.83547417969022,2.1760581650549344],[-77.90769911075151,2.6805222389391092],[-77.72285225328956,2.687959055753126],[-77.40334874469639,2.383049566378417]]]}},{"type":"Feature","properties":{"DPTO_CCDGO":"19","MPIO_CCNCT":"19418","MPIO_CNMBR":"LOPEZ (MICAY)"},"geometry":{"type":"Polygon","coordinates":[[[-76.78882475498845,3.218451988486361],[-76.91613649787615,2.8156244110604236],[-77.21850188723444,2.769764040707317],[-77.25155397433029,2.702832689381161],[-77.31031324027846,2.82677963628145],[-77.63348920299339,2.9061056822976346],[-77.69102431756764,3.0003053619418534],[-77.43028007492263,3.2543966030874447],[-77.2344158550954,3.108139205745104],[-77.1009833553381,3.184986312823283],[-76.93817122260671,3.1143365530901193],[-76.90879158963263,3.2010994159203205],[-76.78882475498845,3.218451988486361]]]}},{"type":"Feature","properties":{"DPTO_CCDGO":"19","MPIO_CCNCT":"19809","MPIO_CNMBR":"TIMBIQUI"},"geometry":{"type":"Polygon","coordinates":[[[-77.40334874469639,2.888753109731594],[-77.20626037349524,2.645817093807028],[-77.40334874469639,2.383049566378417],[-77.7975254870987,2.7474535902652644],[-77.670213744211,2.9482476442437324],[-77.40334874469639,2.888753109731594]]]}},{"type":"Feature","properties":{"DPTO_CCDGO":"19","MPIO_CCNCT":"19845","MPIO_CNMBR":"VILLA RICA"},"geometry":{"type":"Polygon","coordinates":[[[-76.46075218677784,3.2593544809634567],[-76.45707973265607,3.1539995760982116],[-76.43137255380375,3.104420797338096],[-76.50359748486504,3.1440838203461885],[-76.46075218677784,3.2593544809634567]]]}},{"type":"Feature","properties":{"DPTO_CCDGO":"76","MPIO_CCNCT":"76001","MPIO_CNMBR":"CALI"},"geometry":{"type":"Polygon","coordinates":[[[-76.49135597112584,3.5060089052950305],[-76.49258012249976,3.289101748219526],[-76.69578925057051,3.3114121986615777],[-76.7068066129358,3.427922328747849],[-76.59540883790906,3.5481508672411284],[-76.49135597112584,3.5060089052950305]]]}},{"type":"Feature","properties":{"DPTO_CCDGO":"76","MPIO_CCNCT":"76036","MPIO_CNMBR":"ANDALUCIA"},"geometry":{"type":"Polygon","coordinates":[[[-76.07147204987122,4.088559555726388],[-76.24530154496789,4.167885601742572],[-76.23550833397653,4.213745972095678],[-76.15104188917603,4.182759235370606],[-76.07147204987122,4.088559555726388]]]}},{"type":"Feature","properties":{"DPTO_CCDGO":"76","MPIO_CCNCT":"76041","MPIO_CNMBR":"ANSERMANUEVO"},"geometry":{"type":"Polygon","coordinates":[[[-76.14736943505426,4.785141397306008],[-75.91478067400942,4.8731437296052125],[-76.0163852380448,4.692181187130792],[-76.14736943505426,4.785141397306008]]]}},{"type":"Feature","properties":{"DPTO_CCDGO":"76","MPIO_CCNCT":"76054","MPIO_CNMBR":"ARGELIA"},"geometry":{"type":"Polygon","coordinates":[[[-76.14736943505426,4.785141397306008],[-76.12288640757586,4.651278694653696],[-76.19388718726323,4.682265431378768],[-76.14736943505426,4.785141397306008]]]}},{"type":"Feature","properties":{"DPTO_CCDGO":"76","MPIO_CCNCT":"76111","MPIO_CNMBR":"BUGA"},"geometry":{"type":"Polygon","coordinates":[[[-76.3126298705335,3.993120406613164],[-76.14124867818467,3.903878604844957],[-76.1008516828453,3.9571757920120803],[-75.84990065119166,3.889004971216922],[-75.9551776693488,3.714239776087515],[-76.10452413696706,3.8195946809527612],[-76.37261328785559,3.8121578641387437],[-76.3126298705335,3.993120406613164]]]}},{"type":"Feature","properties":{"DPTO_CCDGO":"76","MPIO_CCNCT":"76113","MPIO_CNMBR":"BUGALAGRANDE"},"geometry":{"type":"Polygon","coordinates":[[[-76.17185246253267,4.31786140749192],[-75.95395351797487,4.176561888025592],[-76.00169542155776,4.102193719885419],[-76.23550833397653,4.213745972095678],[-76.17185246253267,4.31786140749192]]]}},{"type":"Feature","properties":{"DPTO_CCDGO":"76","MPIO_CCNCT":"76122","MPIO_CNMBR":"CAICEDONIA"},"geometry":{"type":"Polygon","coordinates":[[[-75.86703877042653,4.410821617667137],[-75.79481383936525,4.310424590677902],[-75.82541762371325,4.21498544156468],[-75.89274594927886,4.299269365456878],[-75.86703877042653,4.410821617667137]]]}},{"type":"Feature","properties":{"DPTO_CCDGO":"76","MPIO_CCNCT":"76126","MPIO_CNMBR":"CALIMA (DARIEN)"},"geometry":{"type":"Polygon","coordinates":[[[-76.49870087936937,4.063770166346329],[-76.42402764556023,3.942302158384047],[-76.56113259943929,3.8481024787398272],[-76.81453193384077,3.875370807057891],[-76.88798101627599,3.993120406613164],[-76.68109943408348,3.964612608826098],[-76.49870087936937,4.063770166346329]]]}},{"type":"Feature","properties":{"DPTO_CCDGO":"76","MPIO_CCNCT":"76130","MPIO_CNMBR":"CANDELARIA"},"geometry":{"type":"Polygon","coordinates":[[[-76.29059514580293,3.47130376016295],[-76.3432336548815,3.2816649314055084],[-76.46075218677784,3.3287647712276183],[-76.47544200326487,3.451472248658904],[-76.29059514580293,3.47130376016295]]]}},{"type":"Feature","properties":{"DPTO_CCDGO":"76","MPIO_CCNCT":"76147","MPIO_CNMBR":"CARTAGO"},"geometry":{"type":"Polygon","coordinates":[[[-75.93559124736606,4.807451847748061],[-75.82786592646109,4.659954980936718],[-75.86581461905261,4.612855141114608],[-76.0163852380448,4.666152328281731],[-75.93559124736606,4.807451847748061]]]}},{"type":"Feature","properties":{"DPTO_CCDGO":"76","MPIO_CCNCT":"76243","MPIO_CNMBR":"EL AGUILA"},"geometry":{"type":"Polygon","coordinates":[[[-75.99067805919248,4.912806752613305],[-76.07147204987122,4.837199115004129],[-76.1375762240629,4.843396462349144],[-76.07759280674081,5.046669455265617],[-75.99067805919248,4.912806752613305]]]}},{"type":"Feature","properties":{"DPTO_CCDGO":"76","MPIO_CCNCT":"76246","MPIO_CNMBR":"EL CAIRO"},"geometry":{"type":"Polygon","coordinates":[[[-76.13880037543683,4.840917523411138],[-76.19388718726323,4.682265431378768],[-76.29794005404645,4.698378534475806],[-76.21102530649812,4.829762298190111],[-76.13880037543683,4.840917523411138]]]}},{"type":"Feature","properties":{"DPTO_CCDGO":"76","MPIO_CCNCT":"76248","MPIO_CNMBR":"EL CERRITO"},"geometry":{"type":"Polygon","coordinates":[[[-75.9551776693488,3.714239776087515],[-76.29304344855076,3.6026875238772558],[-76.42647594830807,3.694408264583469],[-76.39709631533398,3.7625790853786283],[-76.20123209550675,3.6621820583893943],[-76.0824894122365,3.770015902192645],[-75.9551776693488,3.714239776087515]]]}},{"type":"Feature","properties":{"DPTO_CCDGO":"76","MPIO_CCNCT":"76250","MPIO_CNMBR":"EL DOVIO"},"geometry":{"type":"Polygon","coordinates":[[[-76.30038835679429,4.653757633591702],[-76.16573170566306,4.512458114125373],[-76.36526837961206,4.492626602621327],[-76.30038835679429,4.653757633591702]]]}},{"type":"Feature","properties":{"DPTO_CCDGO":"76","MPIO_CCNCT":"76275","MPIO_CNMBR":"FLORIDA"},"geometry":{"type":"Polygon","coordinates":[[[-76.06167883887986,3.3547936300766787],[-76.05555808201025,3.223409866362373],[-76.3432336548815,3.2816649314055084],[-76.30038835679429,3.365948855297704],[-76.06167883887986,3.3547936300766787]]]}},{"type":"Feature","properties":{"DPTO_CCDGO":"76","MPIO_CCNCT":"76306","MPIO_CNMBR":"GINEBRA"},"geometry":{"type":"Polygon","coordinates":[[[-76.0824894122365,3.770015902192645],[-76.20123209550675,3.6621820583893943],[-76.32119893015093,3.7068029592734977],[-76.17797321940228,3.804721047324726],[-76.0824894122365,3.770015902192645]]]}},{"type":"Feature","properties":{"DPTO_CCDGO":"76","MPIO_CCNCT":"76318","MPIO_CNMBR":"GUACARI"},"geometry":{"type":"Polygon","coordinates":[[[-76.17797321940228,3.804721047324726],[-76.32119893015093,3.7068029592734977],[-76.39709631533398,3.7625790853786283],[-76.27712948068981,3.8381867229878033],[-76.17797321940228,3.804721047324726]]]}},{"type":"Feature","properties":{"DPTO_CCDGO":"76","MPIO_CCNCT":"76020","MPIO_CNMBR":"ALCALA"},"geometry":{"type":"Polygon","coordinates":[[[-75.70912324319083,4.679786492440764],[-75.82786592646109,4.659954980936718],[-75.85602140806125,4.713252168103841],[-75.70912324319083,4.679786492440764]]]}},{"type":"Feature","properties":{"DPTO_CCDGO":"76","MPIO_CCNCT":"76497","MPIO_CNMBR":"OBANDO"},"geometry":{"type":"Polygon","coordinates":[[[-75.86581461905261,4.612855141114608],[-75.88050443553966,4.531050156160417],[-76.03841996277536,4.583107873858538],[-76.0163852380448,4.666152328281731],[-75.86581461905261,4.612855141114608]]]}},{"type":"Feature","properties":{"DPTO_CCDGO":"76","MPIO_CCNCT":"76520","MPIO_CNMBR":"PALMIRA"},"geometry":{"type":"Polygon","coordinates":[[[-75.96007427484447,3.704324020335492],[-76.03719581140145,3.4527117181279063],[-76.47544200326487,3.451472248658904],[-76.42647594830807,3.694408264583469],[-76.29304344855076,3.6026875238772558],[-75.96007427484447,3.704324020335492]]]}},{"type":"Feature","properties":{"DPTO_CCDGO":"76","MPIO_CCNCT":"76563","MPIO_CNMBR":"PRADERA"},"geometry":{"type":"Polygon","coordinates":[[[-76.03719581140145,3.4527117181279063],[-76.06167883887986,3.3547936300766787],[-76.32976798976837,3.3833014278637448],[-76.29059514580293,3.47130376016295],[-76.03719581140145,3.4527117181279063]]]}},{"type":"Feature","properties":{"DPTO_CCDGO":"76","MPIO_CCNCT":"76606","MPIO_CNMBR":"RESTREPO"},"geometry":{"type":"Polygon","coordinates":[[[-76.47789030601272,3.865455051305867],[-76.5366495719609,3.7489449212195964],[-76.60275374615259,3.751423860157602],[-76.56113259943929,3.8481024787398272],[-76.47789030601272,3.865455051305867]]]}},{"type":"Feature","properties":{"DPTO_CCDGO":"76","MPIO_CCNCT":"76616","MPIO_CNMBR":"RIOFRIO"},"geometry":{"type":"Polygon","coordinates":[[[-76.24897399908964,4.18399870483961],[-76.41545858594279,4.009233509710201],[-76.49870087936937,4.063770166346329],[-76.44851067303864,4.161688254397557],[-76.24897399908964,4.18399870483961]]]}},{"type":"Feature","properties":{"DPTO_CCDGO":"76","MPIO_CCNCT":"76622","MPIO_CNMBR":"ROLDANILLO"},"geometry":{"type":"Polygon","coordinates":[[[-76.26856042107237,4.481471377400302],[-76.06902374712337,4.455442518551241],[-76.14859358642819,4.372398064128047],[-76.25631890733317,4.4021453313841175],[-76.26856042107237,4.481471377400302]]]}},{"type":"Feature","properties":{"DPTO_CCDGO":"76","MPIO_CCNCT":"76670","MPIO_CNMBR":"SAN PEDRO"},"geometry":{"type":"Polygon","coordinates":[[[-76.1008516828453,3.9571757920120803],[-76.22693927435908,3.932386402632023],[-76.30038835679429,4.048896532718295],[-76.16205925154131,4.022867673869234],[-76.1008516828453,3.9571757920120803]]]}},{"type":"Feature","properties":{"DPTO_CCDGO":"76","MPIO_CCNCT":"76736","MPIO_CNMBR":"SEVILLA"},"geometry":{"type":"Polygon","coordinates":[[[-75.86703877042653,4.410821617667137],[-75.8401074402003,4.100954250416416],[-75.74584778440844,4.04269918537328],[-75.82296932096541,3.9051180743139593],[-75.9135565226355,4.175322418556588],[-76.03719581140145,4.255887934041777],[-75.86703877042653,4.410821617667137]]]}},{"type":"Feature","properties":{"DPTO_CCDGO":"76","MPIO_CCNCT":"76823","MPIO_CNMBR":"TORO"},"geometry":{"type":"Polygon","coordinates":[[[-76.0163852380448,4.692181187130792],[-76.03841996277536,4.583107873858538],[-76.15104188917603,4.57567105704452],[-76.08861016910609,4.735562618545893],[-76.0163852380448,4.692181187130792]]]}},{"type":"Feature","properties":{"DPTO_CCDGO":"76","MPIO_CCNCT":"76828","MPIO_CNMBR":"TRUJILLO"},"geometry":{"type":"Polygon","coordinates":[[[-76.21224945787203,4.2596063424487856],[-76.24897399908964,4.18399870483961],[-76.44851067303864,4.161688254397557],[-76.40688952632534,4.299269365456878],[-76.21224945787203,4.2596063424487856]]]}},{"type":"Feature","properties":{"DPTO_CCDGO":"76","MPIO_CCNCT":"76834","MPIO_CNMBR":"TULUA"},"geometry":{"type":"Polygon","coordinates":[[[-75.82296932096541,3.9051180743139593],[-76.08371356361042,3.9063575437829634],[-76.30283665954212,4.067488574753337],[-76.24530154496789,4.167885601742572],[-76.07147204987122,4.088559555726388],[-75.9135565226355,4.175322418556588],[-75.82296932096541,3.9051180743139593]]]}},{"type":"Feature","properties":{"DPTO_CCDGO":"76","MPIO_CCNCT":"76845","MPIO_CNMBR":"ULLOA"},"geometry":{"type":"Polygon","coordinates":[[[-75.71401984868652,4.713252168103841],[-75.70912324319083,4.679786492440764],[-75.85602140806125,4.728125801731876],[-75.71401984868652,4.713252168103841]]]}},{"type":"Feature","properties":{"DPTO_CCDGO":"76","MPIO_CCNCT":"76863","MPIO_CNMBR":"VERSALLES"},"geometry":{"type":"Polygon","coordinates":[[[-76.30038835679429,4.653757633591702],[-76.12288640757586,4.651278694653696],[-76.18531812764579,4.545923789788452],[-76.30038835679429,4.653757633591702]]]}},{"type":"Feature","properties":{"DPTO_CCDGO":"76","MPIO_CCNCT":"76869","MPIO_CNMBR":"VIJES"},"geometry":{"type":"Polygon","coordinates":[[[-76.46809709502136,3.8307499061737857],[-76.42647594830807,3.680774100424437],[-76.5366495719609,3.7489449212195964],[-76.46809709502136,3.8307499061737857]]]}},{"type":"Feature","properties":{"DPTO_CCDGO":"76","MPIO_CCNCT":"76890","MPIO_CNMBR":"YOTOCO"},"geometry":{"type":"Polygon","coordinates":[[[-76.30038835679429,4.048896532718295],[-76.40076876945575,3.7402686349365757],[-76.44483821891687,3.74646598228159],[-76.41545858594279,4.009233509710201],[-76.30038835679429,4.048896532718295]]]}},{"type":"Feature","properties":{"DPTO_CCDGO":"76","MPIO_CCNCT":"76892","MPIO_CNMBR":"YUMBO"},"geometry":{"type":"Polygon","coordinates":[[[-76.42647594830807,3.680774100424437],[-76.49135597112584,3.5060089052950305],[-76.54766693432617,3.499811557950016],[-76.59173638378729,3.546911397772126],[-76.50604578761289,3.699366142459481],[-76.42647594830807,3.680774100424437]]]}},{"type":"Feature","properties":{"DPTO_CCDGO":"76","MPIO_CCNCT":"76895","MPIO_CNMBR":"ZARZAL"},"geometry":{"type":"Polygon","coordinates":[[[-75.8951942520267,4.425695251295172],[-76.03719581140145,4.255887934041777],[-76.17185246253267,4.31786140749192],[-76.06902374712337,4.455442518551241],[-75.8951942520267,4.425695251295172]]]}},{"type":"Feature","properties":{"DPTO_CCDGO":"76","MPIO_CCNCT":"76403","MPIO_CNMBR":"LA VICTORIA"},"geometry":{"type":"Polygon","coordinates":[[[-75.88050443553966,4.531050156160417],[-75.8951942520267,4.425695251295172],[-76.06902374712337,4.455442518551241],[-76.03107505453184,4.569473709699507],[-75.88050443553966,4.531050156160417]]]}},{"type":"Feature","properties":{"DPTO_CCDGO":"76","MPIO_CCNCT":"76400","MPIO_CNMBR":"LA UNION"},"geometry":{"type":"Polygon","coordinates":[[[-76.03841996277536,4.583107873858538],[-76.06535129300161,4.492626602621327],[-76.18531812764579,4.545923789788452],[-76.15104188917603,4.57567105704452],[-76.03841996277536,4.583107873858538]]]}},{"type":"Feature","properties":{"DPTO_CCDGO":"76","MPIO_CCNCT":"76377","MPIO_CNMBR":"LA CUMBRE"},"geometry":{"type":"Polygon","coordinates":[[[-76.56113259943929,3.8481024787398272],[-76.60275374615259,3.751423860157602],[-76.50604578761289,3.699366142459481],[-76.59173638378729,3.546911397772126],[-76.64437489286587,3.78488953582068],[-76.56113259943929,3.8481024787398272]]]}},{"type":"Feature","properties":{"DPTO_CCDGO":"76","MPIO_CCNCT":"76364","MPIO_CNMBR":"JAMUNDI"},"geometry":{"type":"Polygon","coordinates":[[[-76.49258012249976,3.289101748219526],[-76.55746014531753,3.1019418584000897],[-76.67742697996171,3.099462919462084],[-76.78270399811885,3.23084668317639],[-76.70191000744012,3.356033099545681],[-76.49258012249976,3.289101748219526]]]}},{"type":"Feature","properties":{"DPTO_CCDGO":"76","MPIO_CCNCT":"76100","MPIO_CNMBR":"BOLIVAR"},"geometry":{"type":"Polygon","coordinates":[[[-76.26856042107237,4.481471377400302],[-76.25631890733317,4.4021453313841175],[-76.14859358642819,4.372398064128047],[-76.21224945787203,4.2596063424487856],[-76.40688952632534,4.299269365456878],[-76.48768351700409,4.236056422537731],[-76.53909787470873,4.395947984039102],[-76.26856042107237,4.481471377400302]]]}},{"type":"Feature","properties":{"DPTO_CCDGO":"76","MPIO_CCNCT":"76233","MPIO_CNMBR":"DAGUA"},"geometry":{"type":"Polygon","coordinates":[[[-76.59296053516121,3.8629761123678623],[-76.64927149836154,3.632434791133325],[-76.59540883790906,3.5481508672411284],[-76.74842775964909,3.4341196760928634],[-76.85492892918015,3.5642639703381667],[-76.77535908987532,3.7625790853786283],[-76.81453193384077,3.875370807057891],[-76.59296053516121,3.8629761123678623]]]}},{"type":"Feature","properties":{"DPTO_CCDGO":"76","MPIO_CCNCT":"76109","MPIO_CNMBR":"BUENAVENTURA"},"geometry":{"type":"Polygon","coordinates":[[[-76.85982553467582,4.0303044906832515],[-76.77535908987532,3.7625790853786283],[-76.85492892918015,3.5642639703381667],[-76.7068066129358,3.427922328747849],[-76.78882475498845,3.218451988486361],[-76.90879158963263,3.2010994159203205],[-76.93817122260671,3.1143365530901193],[-77.1009833553381,3.184986312823283],[-77.2344158550954,3.108139205745104],[-77.43028007492263,3.2543966030874447],[-77.55024690956681,3.23084668317639],[-77.18422564876468,3.6547452415753767],[-77.18055319464291,3.83198937564279],[-77.28338191005221,3.841905131394812],[-77.31765814852197,3.9497389751980627],[-77.21238113036483,4.009233509710201],[-77.24298491471285,4.083601677850375],[-77.35927929523527,3.9261890552870096],[-77.44986649690536,4.038980776966271],[-77.35315853836566,4.197632868998641],[-76.85982553467582,4.0303044906832515]]]}},{"type":"Feature","properties":{"DPTO_CCDGO":"86","MPIO_CCNCT":"86001","MPIO_CNMBR":"MOCOA"},"geometry":{"type":"Polygon","coordinates":[[[-76.5672533563089,1.0816066239253868],[-76.41056198044711,0.868417875256891],[-76.63702998462234,1.0754092765803724],[-76.74108285140557,1.0059989863162109],[-76.74597945690124,1.1993562234806614],[-76.92103310337183,1.3456136208230012],[-76.60152959477865,1.4137844416181604],[-76.5672533563089,1.0816066239253868]]]}},{"type":"Feature","properties":{"DPTO_CCDGO":"86","MPIO_CCNCT":"86219","MPIO_CNMBR":"COLON"},"geometry":{"type":"Polygon","coordinates":[[[-76.93327461711104,1.2848796168418604],[-76.96510255283296,1.1572142615345626],[-77.02141351603329,1.1956378150736526],[-76.93327461711104,1.2848796168418604]]]}},{"type":"Feature","properties":{"DPTO_CCDGO":"86","MPIO_CCNCT":"86320","MPIO_CNMBR":"ORITO"},"geometry":{"type":"Polygon","coordinates":[[[-77.07282787373794,0.9427860433970636],[-76.95041273634591,0.901883550919969],[-76.89165347039774,0.7704997872056625],[-76.69946170469228,0.7457103978256052],[-76.65416810385723,0.6477923097743767],[-76.77168663575357,0.5052533208390448],[-76.99937879130272,0.4928586261490162],[-77.02141351603329,0.558550508006169],[-77.08996599297282,0.4197299274778459],[-77.18667395151252,0.630439737208337],[-77.07282787373794,0.9427860433970636]]]}},{"type":"Feature","properties":{"DPTO_CCDGO":"86","MPIO_CCNCT":"86749","MPIO_CNMBR":"SIBUNDOY"},"geometry":{"type":"Polygon","coordinates":[[[-76.8769636539107,1.2898374947178715],[-76.88798101627599,1.1733273646316],[-76.96510255283296,1.1572142615345626],[-76.93327461711104,1.2848796168418604],[-76.8769636539107,1.2898374947178715]]]}},{"type":"Feature","properties":{"DPTO_CCDGO":"86","MPIO_CCNCT":"86755","MPIO_CNMBR":"SAN FRANCISCO"},"geometry":{"type":"Polygon","coordinates":[[[-76.74108285140557,1.0059989863162109],[-76.94796443359807,1.0964802575534218],[-76.8769636539107,1.2898374947178715],[-76.74597945690124,1.1993562234806614],[-76.74108285140557,1.0059989863162109]]]}},{"type":"Feature","properties":{"DPTO_CCDGO":"86","MPIO_CCNCT":"86757","MPIO_CNMBR":"SAN MIGUEL (LA DORADA)"},"geometry":{"type":"Polygon","coordinates":[[[-76.65661640660507,0.33172759517864137],[-76.6407024387441,0.25859889650747103],[-77.04956899763346,0.2895856332325435],[-76.91858480062399,0.38130637393875677],[-76.84146326406702,0.3019803279225721],[-76.65661640660507,0.33172759517864137]]]}},{"type":"Feature","properties":{"DPTO_CCDGO":"86","MPIO_CCNCT":"86760","MPIO_CNMBR":"SANTIAGO"},"geometry":{"type":"Polygon","coordinates":[[[-77.0887418415989,1.1820036509146208],[-76.94796443359807,1.0964802575534218],[-76.85370477780621,1.0456620093243032],[-77.0471206948856,0.9787306579981472],[-77.0887418415989,1.1820036509146208]]]}},{"type":"Feature","properties":{"DPTO_CCDGO":"86","MPIO_CCNCT":"86865","MPIO_CNMBR":"VALLE DEL GUAMUEZ (LA HORMIGA)"},"geometry":{"type":"Polygon","coordinates":[[[-76.99937879130272,0.4928586261490162],[-76.69211679644876,0.5052533208390448],[-76.65661640660507,0.33172759517864137],[-76.84146326406702,0.3019803279225721],[-76.91858480062399,0.38130637393875677],[-77.04956899763346,0.2895856332325435],[-77.1132248690773,0.3726300876557369],[-77.02141351603329,0.558550508006169],[-76.99937879130272,0.4928586261490162]]]}},{"type":"Feature","properties":{"DPTO_CCDGO":"86","MPIO_CCNCT":"86885","MPIO_CNMBR":"VILLAGARZON"},"geometry":{"type":"Polygon","coordinates":[[[-76.46564879227351,0.868417875256891],[-76.49013181975192,0.7866128903026999],[-76.89165347039774,0.7704997872056625],[-76.95041273634591,0.901883550919969],[-77.07282787373794,0.9427860433970636],[-76.63702998462234,1.0754092765803724],[-76.46564879227351,0.868417875256891]]]}},{"type":"Feature","properties":{"DPTO_CCDGO":"86","MPIO_CCNCT":"86569","MPIO_CNMBR":"PUERTO CAICEDO"},"geometry":{"type":"Polygon","coordinates":[[[-76.23673248535044,0.6614264739334086],[-76.59418468653514,0.6068898172972821],[-76.76556587888396,0.7928102376477142],[-76.49013181975192,0.7866128903026999],[-76.41056198044711,0.868417875256891],[-76.23673248535044,0.6614264739334086]]]}},{"type":"Feature","properties":{"DPTO_CCDGO":"86","MPIO_CCNCT":"86568","MPIO_CNMBR":"PUERTO ASIS"},"geometry":{"type":"Polygon","coordinates":[[[-75.77155496326077,0.43956143898189204],[-76.20000794413284,0.3726300876557369],[-76.3126298705335,0.4333640916368777],[-76.41178613182103,0.3788274350007512],[-76.41178613182103,0.24124632394143042],[-76.58439147554378,0.22017534296838193],[-76.69211679644876,0.5052533208390448],[-76.77168663575357,0.5052533208390448],[-76.65416810385723,0.6477923097743767],[-76.23673248535044,0.6614264739334086],[-75.92947049049647,0.5833398973862272],[-75.77155496326077,0.43956143898189204]]]}},{"type":"Feature","properties":{"DPTO_CCDGO":"86","MPIO_CCNCT":"86571","MPIO_CNMBR":"PUERTO GUZMAN"},"geometry":{"type":"Polygon","coordinates":[[[-75.8095036558523,0.8956862035749538],[-75.26598044583172,0.7258788863215591],[-75.45572390878935,0.49533756508702176],[-75.77155496326077,0.43956143898189204],[-75.92947049049647,0.5833398973862272],[-76.23673248535044,0.6614264739334086],[-76.48523521425624,1.0084779252542164],[-76.21347360924595,0.9787306579981472],[-75.97598824270544,1.0617751124213406],[-75.8095036558523,0.8956862035749538]]]}},{"type":"Feature","properties":{"DPTO_CCDGO":"86","MPIO_CCNCT":"86573","MPIO_CNMBR":"PUERTO LEGUIZAMO"},"geometry":{"type":"Polygon","coordinates":[[[-73.8410682465886,-0.3983199220640583],[-74.38948806210486,-0.5532536056894188],[-74.72612968993292,-0.3499806127729457],[-74.77754404763756,-0.208681093306617],[-74.92811466662974,-0.2285126048106627],[-75.20232457438787,-0.04507112339823571],[-75.27577365682308,-0.1268761083524259],[-75.73972702753883,0.03177598367994339],[-76.14492113230642,0.37510902659374246],[-75.45572390878935,0.49533756508702176],[-75.26598044583172,0.7258788863215591],[-75.19620381751827,0.47922446198998436],[-75.03339168478688,0.48418233986599635],[-74.96483920784735,0.24496473234843918],[-74.67838778635003,0.16068080845624344],[-74.70409496520234,0.03673386155595448],[-74.54128283247096,-0.1206787610074116],[-74.35153936951333,-0.10704459684837975],[-73.8410682465886,-0.3983199220640583]]]}},{"type":"Feature","properties":{"DPTO_CCDGO":"52","MPIO_CCNCT":"52683","MPIO_CNMBR":"SANDONA"},"geometry":{"type":"Polygon","coordinates":[[[-77.46700461614024,1.3629661933890418],[-77.4523147996532,1.307190067283912],[-77.37519326309622,1.230342960205733],[-77.50617746010569,1.263808635868811],[-77.46700461614024,1.3629661933890418]]]}},{"type":"Feature","properties":{"DPTO_CCDGO":"52","MPIO_CCNCT":"52685","MPIO_CNMBR":"SAN BERNARDO"},"geometry":{"type":"Polygon","coordinates":[[[-76.93205046573712,1.5005473044483626],[-77.07160372236402,1.5154209380763968],[-77.06303466274657,1.5538444916154859],[-77.01162030504193,1.5724365336505297],[-76.93205046573712,1.5005473044483626]]]}},{"type":"Feature","properties":{"DPTO_CCDGO":"52","MPIO_CCNCT":"52687","MPIO_CNMBR":"SAN LORENZO"},"geometry":{"type":"Polygon","coordinates":[[[-77.23808830921716,1.6579599270117287],[-77.14505280479923,1.5278156327664254],[-77.18422564876468,1.4484895867502408],[-77.30174418066102,1.5178998770144023],[-77.23808830921716,1.6579599270117287]]]}},{"type":"Feature","properties":{"DPTO_CCDGO":"52","MPIO_CCNCT":"52560","MPIO_CNMBR":"POTOSI"},"geometry":{"type":"Polygon","coordinates":[[[-77.18667395151252,0.630439737208337],[-77.3862106254615,0.6267213288013282],[-77.46088385927064,0.7432314588875988],[-77.63838580848906,0.7395130504805909],[-77.55759181781033,0.8411495469388273],[-77.18667395151252,0.630439737208337]]]}},{"type":"Feature","properties":{"DPTO_CCDGO":"52","MPIO_CCNCT":"52693","MPIO_CNMBR":"SAN PABLO"},"geometry":{"type":"Polygon","coordinates":[[[-76.90022253001518,1.6616783354187374],[-76.98468897481568,1.6567204575427255],[-77.0703795709901,1.674073030108766],[-76.93572291985888,1.7286096867448935],[-76.90022253001518,1.6616783354187374]]]}},{"type":"Feature","properties":{"DPTO_CCDGO":"52","MPIO_CCNCT":"52565","MPIO_CNMBR":"PROVIDENCIA"},"geometry":{"type":"Polygon","coordinates":[[[-77.5735057856713,1.1894404677286383],[-77.62247184062811,1.221666673922713],[-77.61390278101067,1.297274311531889],[-77.5735057856713,1.1894404677286383]]]}},{"type":"Feature","properties":{"DPTO_CCDGO":"52","MPIO_CCNCT":"52694","MPIO_CNMBR":"SAN PEDRO DE CARTAGO"},"geometry":{"type":"Polygon","coordinates":[[[-77.06303466274657,1.5538444916154859],[-77.08139693335538,1.4869131402893307],[-77.14750110754707,1.5302945717044318],[-77.06303466274657,1.5538444916154859]]]}},{"type":"Feature","properties":{"DPTO_CCDGO":"52","MPIO_CCNCT":"52573","MPIO_CNMBR":"PUERRES"},"geometry":{"type":"Polygon","coordinates":[[[-77.22951924959972,0.8857704478229307],[-77.17688074052116,0.6713422296854317],[-77.54167784994937,0.8919677951679459],[-77.22951924959972,0.8857704478229307]]]}},{"type":"Feature","properties":{"DPTO_CCDGO":"52","MPIO_CCNCT":"52699","MPIO_CNMBR":"SANTACRUZ (GUACHAVES)"},"geometry":{"type":"Polygon","coordinates":[[[-77.61390278101067,1.297274311531889],[-77.72162810191564,1.0977197270224242],[-77.85628475304686,1.282400677903854],[-77.8403707851859,1.4633632203782758],[-77.61390278101067,1.297274311531889]]]}},{"type":"Feature","properties":{"DPTO_CCDGO":"52","MPIO_CCNCT":"52585","MPIO_CNMBR":"PUPIALES"},"geometry":{"type":"Polygon","coordinates":[[[-77.59554051040186,0.992364822157179],[-77.56983333154953,0.8956862035749538],[-77.67266204695883,0.8659389363188845],[-77.67633450108059,0.963857024370113],[-77.59554051040186,0.992364822157179]]]}},{"type":"Feature","properties":{"DPTO_CCDGO":"52","MPIO_CCNCT":"52678","MPIO_CNMBR":"SAMANIEGO"},"geometry":{"type":"Polygon","coordinates":[[[-77.55024690956681,1.4336159531222066],[-77.5735057856713,1.1894404677286383],[-77.64573071673259,1.3369373345399813],[-77.87464702365567,1.4893920792273363],[-77.84281908793375,1.5947469840925814],[-77.55024690956681,1.4336159531222066]]]}},{"type":"Feature","properties":{"DPTO_CCDGO":"52","MPIO_CCNCT":"52207","MPIO_CNMBR":"CONSACA"},"geometry":{"type":"Polygon","coordinates":[[[-77.37519326309622,1.230342960205733],[-77.47924612987944,1.1559747920655603],[-77.50617746010569,1.263808635868811],[-77.37519326309622,1.230342960205733]]]}},{"type":"Feature","properties":{"DPTO_CCDGO":"52","MPIO_CCNCT":"52210","MPIO_CNMBR":"CONTADERO"},"geometry":{"type":"Polygon","coordinates":[[[-77.470677070262,0.9489833907420779],[-77.53800539582761,0.8956862035749538],[-77.57595408841914,0.9564202075560955],[-77.470677070262,0.9489833907420779]]]}},{"type":"Feature","properties":{"DPTO_CCDGO":"52","MPIO_CCNCT":"52215","MPIO_CNMBR":"CORDOBA"},"geometry":{"type":"Polygon","coordinates":[[[-77.54167784994937,0.8919677951679459],[-77.2282950982258,0.7283578252595646],[-77.18667395151252,0.630439737208337],[-77.55759181781033,0.8411495469388273],[-77.54167784994937,0.8919677951679459]]]}},{"type":"Feature","properties":{"DPTO_CCDGO":"52","MPIO_CCNCT":"52001","MPIO_CNMBR":"PASTO"},"geometry":{"type":"Polygon","coordinates":[[[-77.31031324027846,1.3530504376370187],[-77.0887418415989,1.1820036509146208],[-77.0397757866421,1.0394646619792889],[-77.13893204792963,0.8213180354347811],[-77.31765814852197,0.9613780854321075],[-77.37519326309622,1.3059505978149089],[-77.31031324027846,1.3530504376370187]]]}},{"type":"Feature","properties":{"DPTO_CCDGO":"52","MPIO_CCNCT":"52019","MPIO_CNMBR":"ALBAN (SAN JOSE)"},"geometry":{"type":"Polygon","coordinates":[[[-77.01896521328544,1.4955894265723506],[-77.10465580945986,1.4360948920602121],[-77.11077656632946,1.4435317088742297],[-77.07160372236402,1.5154209380763968],[-77.01896521328544,1.4955894265723506]]]}},{"type":"Feature","properties":{"DPTO_CCDGO":"52","MPIO_CCNCT":"52022","MPIO_CNMBR":"ALDANA"},"geometry":{"type":"Polygon","coordinates":[[[-77.67633450108059,0.963857024370113],[-77.67266204695883,0.8659389363188845],[-77.68490356069803,0.8374311385318185],[-77.72530055603741,0.9093203677339856],[-77.67633450108059,0.963857024370113]]]}},{"type":"Feature","properties":{"DPTO_CCDGO":"52","MPIO_CCNCT":"52224","MPIO_CNMBR":"CUASPUD (CARLOSAMA)"},"geometry":{"type":"Polygon","coordinates":[[[-77.72530055603741,0.9093203677339856],[-77.68490356069803,0.8374311385318185],[-77.68490356069803,0.8287548522487986],[-77.75835264313325,0.8386706080008217],[-77.72530055603741,0.9093203677339856]]]}},{"type":"Feature","properties":{"DPTO_CCDGO":"52","MPIO_CCNCT":"52036","MPIO_CNMBR":"ANCUYA"},"geometry":{"type":"Polygon","coordinates":[[[-77.53800539582761,1.3047111283459065],[-77.50128085461,1.2191877349847076],[-77.56860918017561,1.2080325097636813],[-77.53800539582761,1.3047111283459065]]]}},{"type":"Feature","properties":{"DPTO_CCDGO":"52","MPIO_CCNCT":"52051","MPIO_CNMBR":"ARBOLEDA (BERRUECOS)"},"geometry":{"type":"Polygon","coordinates":[[[-77.14505280479923,1.5278156327664254],[-77.11077656632946,1.4435317088742297],[-77.18422564876468,1.4484895867502408],[-77.14505280479923,1.5278156327664254]]]}},{"type":"Feature","properties":{"DPTO_CCDGO":"52","MPIO_CCNCT":"52083","MPIO_CNMBR":"BELEN"},"geometry":{"type":"Polygon","coordinates":[[[-77.07894863060754,1.5935075146235782],[-77.01162030504193,1.5724365336505297],[-77.06303466274657,1.5538444916154859],[-77.07894863060754,1.5935075146235782]]]}},{"type":"Feature","properties":{"DPTO_CCDGO":"52","MPIO_CCNCT":"52110","MPIO_CNMBR":"BUESACO"},"geometry":{"type":"Polygon","coordinates":[[[-77.23564000646932,1.4522079951572495],[-76.93327461711104,1.2848796168418604],[-77.02141351603329,1.1956378150736526],[-77.23564000646932,1.2588507579927999],[-77.23564000646932,1.4522079951572495]]]}},{"type":"Feature","properties":{"DPTO_CCDGO":"52","MPIO_CCNCT":"52203","MPIO_CNMBR":"COLON (GENOVA)"},"geometry":{"type":"Polygon","coordinates":[[[-77.06915541961618,1.6653967438257462],[-77.01406860778977,1.6170574345346331],[-77.07894863060754,1.5935075146235782],[-77.06915541961618,1.6653967438257462]]]}},{"type":"Feature","properties":{"DPTO_CCDGO":"52","MPIO_CCNCT":"52480","MPIO_CNMBR":"NARIÑO"},"geometry":{"type":"Polygon","coordinates":[[[-77.35927929523527,1.221666673922713],[-77.37519326309622,1.3059505978149089],[-77.32867551088725,1.3009927199388978],[-77.35927929523527,1.221666673922713]]]}},{"type":"Feature","properties":{"DPTO_CCDGO":"52","MPIO_CCNCT":"52506","MPIO_CNMBR":"OSPINA"},"geometry":{"type":"Polygon","coordinates":[[[-77.49638424911433,1.0245910283512538],[-77.59554051040186,0.992364822157179],[-77.55881596918425,1.0716908681733637],[-77.49638424911433,1.0245910283512538]]]}},{"type":"Feature","properties":{"DPTO_CCDGO":"52","MPIO_CCNCT":"52720","MPIO_CNMBR":"SAPUYES"},"geometry":{"type":"Polygon","coordinates":[[[-77.76447340000286,1.0394646619792889],[-77.58085069391483,1.0555777650763263],[-77.59554051040186,0.992364822157179],[-77.76447340000286,1.0394646619792889]]]}},{"type":"Feature","properties":{"DPTO_CCDGO":"52","MPIO_CCNCT":"52786","MPIO_CNMBR":"TAMINANGO"},"geometry":{"type":"Polygon","coordinates":[[[-77.26991624493908,1.6629178048877398],[-77.2588988825738,1.5439287358634628],[-77.38498647408758,1.5278156327664254],[-77.35438268973958,1.669115152232755],[-77.26991624493908,1.6629178048877398]]]}},{"type":"Feature","properties":{"DPTO_CCDGO":"52","MPIO_CCNCT":"52788","MPIO_CNMBR":"TANGUA"},"geometry":{"type":"Polygon","coordinates":[[[-77.31765814852197,0.9613780854321075],[-77.4278317721748,1.054338295607323],[-77.3617275979831,1.201835162418667],[-77.30541663478277,1.1237485858714846],[-77.31765814852197,0.9613780854321075]]]}},{"type":"Feature","properties":{"DPTO_CCDGO":"52","MPIO_CCNCT":"52240","MPIO_CNMBR":"CHACHAGUI"},"geometry":{"type":"Polygon","coordinates":[[[-77.30174418066102,1.5178998770144023],[-77.23564000646932,1.4522079951572495],[-77.24910567158244,1.2885980252488691],[-77.31031324027846,1.3530504376370187],[-77.30174418066102,1.5178998770144023]]]}},{"type":"Feature","properties":{"DPTO_CCDGO":"52","MPIO_CCNCT":"52254","MPIO_CNMBR":"EL PEÑOL"},"geometry":{"type":"Polygon","coordinates":[[[-77.38498647408758,1.5278156327664254],[-77.43028007492263,1.4435317088742297],[-77.4829185840012,1.454686934095255],[-77.4461940427836,1.5873101672785639],[-77.38498647408758,1.5278156327664254]]]}},{"type":"Feature","properties":{"DPTO_CCDGO":"52","MPIO_CCNCT":"52258","MPIO_CNMBR":"EL TABLON"},"geometry":{"type":"Polygon","coordinates":[[[-76.93205046573712,1.5005473044483626],[-76.90389498413695,1.320824231442944],[-76.93327461711104,1.2848796168418604],[-77.10465580945986,1.4360948920602121],[-76.93205046573712,1.5005473044483626]]]}},{"type":"Feature","properties":{"DPTO_CCDGO":"52","MPIO_CCNCT":"52838","MPIO_CNMBR":"TuQUERRES"},"geometry":{"type":"Polygon","coordinates":[[[-77.61512693238458,1.2898374947178715],[-77.55881596918425,1.0716908681733637],[-77.64328241398475,1.0369857230412833],[-77.69959337718508,1.0940013186154154],[-77.61512693238458,1.2898374947178715]]]}},{"type":"Feature","properties":{"DPTO_CCDGO":"52","MPIO_CCNCT":"52411","MPIO_CNMBR":"LINARES"},"geometry":{"type":"Polygon","coordinates":[[[-77.47434952438377,1.5055051823243737],[-77.48047028125336,1.369163540734056],[-77.53800539582761,1.3047111283459065],[-77.55024690956681,1.4336159531222066],[-77.47434952438377,1.5055051823243737]]]}},{"type":"Feature","properties":{"DPTO_CCDGO":"52","MPIO_CCNCT":"52885","MPIO_CNMBR":"YACUANQUER"},"geometry":{"type":"Polygon","coordinates":[[[-77.4278317721748,1.054338295607323],[-77.47924612987944,1.1559747920655603],[-77.37886571721799,1.1919194066666439],[-77.36417590073094,1.1361432805615141],[-77.4278317721748,1.054338295607323]]]}},{"type":"Feature","properties":{"DPTO_CCDGO":"52","MPIO_CCNCT":"52435","MPIO_CNMBR":"MALLAMA (PIEDRANCHA)"},"geometry":{"type":"Polygon","coordinates":[[[-77.72162810191564,1.0977197270224242],[-77.79874963847261,0.9985621695021933],[-77.97747573906497,1.1993562234806614],[-77.8464915420555,1.3790792964860792],[-77.72162810191564,1.0977197270224242]]]}},{"type":"Feature","properties":{"DPTO_CCDGO":"52","MPIO_CCNCT":"52378","MPIO_CNMBR":"LA CRUZ"},"geometry":{"type":"Polygon","coordinates":[[[-76.8524806264323,1.635649476569677],[-76.8586013833019,1.5228577548904143],[-77.01162030504193,1.5724365336505297],[-76.98468897481568,1.6567204575427255],[-76.8524806264323,1.635649476569677]]]}},{"type":"Feature","properties":{"DPTO_CCDGO":"52","MPIO_CCNCT":"52381","MPIO_CNMBR":"LA FLORIDA"},"geometry":{"type":"Polygon","coordinates":[[[-77.29807172653925,1.4224607279011803],[-77.35927929523527,1.221666673922713],[-77.46700461614024,1.3629661933890418],[-77.40090044194855,1.3319794566639693],[-77.29807172653925,1.4224607279011803]]]}},{"type":"Feature","properties":{"DPTO_CCDGO":"52","MPIO_CCNCT":"52260","MPIO_CNMBR":"EL TAMBO"},"geometry":{"type":"Polygon","coordinates":[[[-77.32255475401766,1.5005473044483626],[-77.29807172653925,1.4224607279011803],[-77.40090044194855,1.3319794566639693],[-77.48047028125336,1.369163540734056],[-77.4829185840012,1.454686934095255],[-77.32255475401766,1.5005473044483626]]]}},{"type":"Feature","properties":{"DPTO_CCDGO":"52","MPIO_CCNCT":"52287","MPIO_CNMBR":"FUNES"},"geometry":{"type":"Polygon","coordinates":[[[-77.4278317721748,1.054338295607323],[-77.13893204792963,0.8213180354347811],[-77.15974262128627,0.7432314588875988],[-77.22951924959972,0.8857704478229307],[-77.48047028125336,0.9279124097690294],[-77.4278317721748,1.054338295607323]]]}},{"type":"Feature","properties":{"DPTO_CCDGO":"52","MPIO_CCNCT":"52317","MPIO_CNMBR":"GUACHUCAL"},"geometry":{"type":"Polygon","coordinates":[[[-77.61390278101067,0.9948437610951846],[-77.72530055603741,0.9093203677339856],[-77.79874963847261,0.9985621695021933],[-77.76447340000286,1.0394646619792889],[-77.61390278101067,0.9948437610951846]]]}},{"type":"Feature","properties":{"DPTO_CCDGO":"52","MPIO_CCNCT":"52399","MPIO_CNMBR":"LA UNION"},"geometry":{"type":"Polygon","coordinates":[[[-77.23808830921716,1.6579599270117287],[-77.0703795709901,1.674073030108766],[-77.06303466274657,1.5538444916154859],[-77.14750110754707,1.5302945717044318],[-77.23808830921716,1.6579599270117287]]]}},{"type":"Feature","properties":{"DPTO_CCDGO":"52","MPIO_CCNCT":"52320","MPIO_CNMBR":"GUAITARILLA"},"geometry":{"type":"Polygon","coordinates":[[[-77.56860918017561,1.2080325097636813],[-77.47802197850552,1.1175512385264703],[-77.56983333154953,1.092761849146413],[-77.56860918017561,1.2080325097636813]]]}},{"type":"Feature","properties":{"DPTO_CCDGO":"52","MPIO_CCNCT":"52405","MPIO_CNMBR":"LEIVA"},"geometry":{"type":"Polygon","coordinates":[[[-77.20258791937349,1.9517141911654123],[-77.2943992724175,1.8314856526721321],[-77.41069365293991,1.888501248246265],[-77.39600383645286,1.9827009278904848],[-77.31031324027846,1.9678272942624497],[-77.35193438699174,2.0533506876236487],[-77.30908908890453,2.1252399168258167],[-77.33234796500902,2.04963227921664],[-77.20258791937349,1.9517141911654123]]]}},{"type":"Feature","properties":{"DPTO_CCDGO":"52","MPIO_CCNCT":"52323","MPIO_CNMBR":"GUALMATAN"},"geometry":{"type":"Polygon","coordinates":[[[-77.58941975353225,0.9750122495911384],[-77.55147106094074,0.9031230203889713],[-77.56983333154953,0.8956862035749538],[-77.58941975353225,0.9750122495911384]]]}},{"type":"Feature","properties":{"DPTO_CCDGO":"52","MPIO_CCNCT":"52352","MPIO_CNMBR":"ILES"},"geometry":{"type":"Polygon","coordinates":[[[-77.49638424911433,1.0245910283512538],[-77.470677070262,0.9489833907420779],[-77.59554051040186,0.992364822157179],[-77.49638424911433,1.0245910283512538]]]}},{"type":"Feature","properties":{"DPTO_CCDGO":"52","MPIO_CCNCT":"52354","MPIO_CNMBR":"IMUES"},"geometry":{"type":"Polygon","coordinates":[[[-77.47802197850552,1.1175512385264703],[-77.49638424911433,1.0245910283512538],[-77.56983333154953,1.092761849146413],[-77.47802197850552,1.1175512385264703]]]}},{"type":"Feature","properties":{"DPTO_CCDGO":"52","MPIO_CCNCT":"52356","MPIO_CNMBR":"IPIALES"},"geometry":{"type":"Polygon","coordinates":[[[-77.53800539582761,0.8956862035749538],[-77.63838580848906,0.7395130504805909],[-77.12791468556435,0.6019319394212701],[-77.1132248690773,0.3726300876557369],[-77.52331557934058,0.4160115190708371],[-77.48536688674905,0.6564685960573975],[-77.69714507443724,0.7543866841086251],[-77.67266204695883,0.8659389363188845],[-77.53800539582761,0.8956862035749538]]]}},{"type":"Feature","properties":{"DPTO_CCDGO":"52","MPIO_CCNCT":"52227","MPIO_CNMBR":"CUMBAL"},"geometry":{"type":"Polygon","coordinates":[[[-77.79874963847261,0.9985621695021933],[-77.75835264313325,0.8386706080008217],[-77.86730211541214,0.8014865239307349],[-78.20884034873588,1.0047595168472077],[-77.91626817036895,1.077888215518378],[-77.79874963847261,0.9985621695021933]]]}},{"type":"Feature","properties":{"DPTO_CCDGO":"52","MPIO_CCNCT":"52233","MPIO_CNMBR":"CUMBITARA"},"geometry":{"type":"Polygon","coordinates":[[[-77.67143789558492,1.9033748818743002],[-77.59554051040186,1.7608358929389683],[-77.48047028125336,1.602183800906599],[-77.60043711589755,1.6009443314375957],[-77.65919638184572,1.7013413584268298],[-77.7130590422982,1.8153725495750948],[-77.67143789558492,1.9033748818743002]]]}},{"type":"Feature","properties":{"DPTO_CCDGO":"52","MPIO_CCNCT":"52256","MPIO_CNMBR":"EL ROSARIO"},"geometry":{"type":"Polygon","coordinates":[[[-77.39600383645286,1.9827009278904848],[-77.41069365293991,1.888501248246265],[-77.2943992724175,1.8314856526721321],[-77.35438268973958,1.669115152232755],[-77.44129743728791,1.8091752022300804],[-77.67143789558492,1.9033748818743002],[-77.39600383645286,1.9827009278904848]]]}},{"type":"Feature","properties":{"DPTO_CCDGO":"52","MPIO_CCNCT":"52385","MPIO_CNMBR":"LA LLANADA"},"geometry":{"type":"Polygon","coordinates":[[[-77.53433294170586,1.4484895867502408],[-77.73754206977661,1.5104630602003857],[-77.86485381266431,1.6170574345346331],[-77.5979888131497,1.578633880995544],[-77.53433294170586,1.4484895867502408]]]}},{"type":"Feature","properties":{"DPTO_CCDGO":"52","MPIO_CCNCT":"52418","MPIO_CNMBR":"LOS ANDES (SOTOMAYOR)"},"geometry":{"type":"Polygon","coordinates":[[[-77.73386961565484,1.8674302672732166],[-77.60043711589755,1.6009443314375957],[-77.4461940427836,1.5873101672785639],[-77.53433294170586,1.4484895867502408],[-77.5979888131497,1.578633880995544],[-77.67266204695883,1.545168205332466],[-77.92361307861248,1.6678756827637518],[-77.87464702365567,1.8029778548850661],[-77.73386961565484,1.8674302672732166]]]}},{"type":"Feature","properties":{"DPTO_CCDGO":"52","MPIO_CCNCT":"52540","MPIO_CNMBR":"POLICARPA"},"geometry":{"type":"Polygon","coordinates":[[[-77.35438268973958,1.669115152232755],[-77.48047028125336,1.602183800906599],[-77.60900617551499,1.8723881451492277],[-77.44129743728791,1.8091752022300804],[-77.35438268973958,1.669115152232755]]]}},{"type":"Feature","properties":{"DPTO_CCDGO":"52","MPIO_CCNCT":"52612","MPIO_CNMBR":"RICAURTE"},"geometry":{"type":"Polygon","coordinates":[[[-77.91626817036895,1.077888215518378],[-78.20884034873588,1.0047595168472077],[-78.29085849078854,1.1386222194995197],[-78.02889009676962,1.2501744717097791],[-78.04970067012626,1.3778398270170769],[-77.87464702365567,1.4893920792273363],[-77.8464915420555,1.3790792964860792],[-77.97747573906497,1.1993562234806614],[-77.91626817036895,1.077888215518378]]]}},{"type":"Feature","properties":{"DPTO_CCDGO":"52","MPIO_CCNCT":"52079","MPIO_CNMBR":"BARBACOAS"},"geometry":{"type":"Polygon","coordinates":[[[-77.86485381266431,1.6170574345346331],[-77.92116477586464,1.401389746928131],[-78.04970067012626,1.3778398270170769],[-78.02889009676962,1.2501744717097791],[-78.29085849078854,1.1386222194995197],[-78.50998158672026,1.1894404677286383],[-78.46591213725912,1.3840371743620912],[-78.26270300918837,1.3902345217071055],[-78.23332337621429,1.731088625682899],[-78.00807952341297,1.726130747806887],[-77.79630133572478,1.8537961031141847],[-77.92361307861248,1.6678756827637518],[-77.86485381266431,1.6170574345346331]]]}},{"type":"Feature","properties":{"DPTO_CCDGO":"52","MPIO_CCNCT":"52250","MPIO_CNMBR":"EL CHARCO"},"geometry":{"type":"Polygon","coordinates":[[[-78.11335654157011,2.6433381548690225],[-77.94075119784736,2.1611845314269003],[-77.8281292714467,2.044674401340629],[-77.58329899666266,2.0248428898365827],[-77.59921296452362,2.1673818787719146],[-77.48781518949689,2.1946502070899783],[-77.45965970789672,2.2863709477961915],[-77.32255475401766,2.221918535408041],[-77.31031324027846,1.9678272942624497],[-77.68123110657628,1.8959380650602826],[-77.83057757419454,1.9232063933783463],[-77.90402665662975,2.084337424348721],[-78.18313316988356,2.1103662831977816],[-78.22475431659684,2.6668880747800774],[-78.11335654157011,2.6433381548690225]]]}},{"type":"Feature","properties":{"DPTO_CCDGO":"52","MPIO_CCNCT":"52390","MPIO_CNMBR":"LA TOLA"},"geometry":{"type":"Polygon","coordinates":[[[-78.18680562400532,2.593759376108907],[-78.20761619736196,2.0347586455886058],[-78.19904713774451,2.4251915283245147],[-78.31044491277126,2.6582117884970566],[-78.18680562400532,2.593759376108907]]]}},{"type":"Feature","properties":{"DPTO_CCDGO":"52","MPIO_CCNCT":"52427","MPIO_CNMBR":"MAGUI (PAYAN)"},"geometry":{"type":"Polygon","coordinates":[[[-77.68123110657628,1.8959380650602826],[-77.7130590422982,1.8153725495750948],[-77.79630133572478,1.8537961031141847],[-78.20516789461412,1.7013413584268298],[-78.27127206880581,2.017406073022565],[-78.18313316988356,2.1103662831977816],[-77.90402665662975,2.084337424348721],[-77.83057757419454,1.9232063933783463],[-77.68123110657628,1.8959380650602826]]]}},{"type":"Feature","properties":{"DPTO_CCDGO":"52","MPIO_CCNCT":"52473","MPIO_CNMBR":"MOSQUERA"},"geometry":{"type":"Polygon","coordinates":[[[-78.32635888063223,2.6569723190280543],[-78.42551514191976,2.2727367836371597],[-78.3851181465804,2.193410737620975],[-78.55894764167707,2.3185971539902663],[-78.56384424717274,2.432628345138532],[-78.32635888063223,2.6569723190280543]]]}},{"type":"Feature","properties":{"DPTO_CCDGO":"52","MPIO_CCNCT":"52490","MPIO_CNMBR":"OLAYA HERRERA"},"geometry":{"type":"Polygon","coordinates":[[[-78.20761619736196,2.0347586455886058],[-78.35084190811062,2.08805583275573],[-78.42551514191976,2.2727367836371597],[-78.32635888063223,2.6569723190280543],[-78.19904713774451,2.4251915283245147],[-78.20761619736196,2.0347586455886058]]]}},{"type":"Feature","properties":{"DPTO_CCDGO":"52","MPIO_CCNCT":"52520","MPIO_CNMBR":"FRANCISCO PIZARRO (SALAHONDA)"},"geometry":{"type":"Polygon","coordinates":[[[-78.46958459138088,2.250426333195108],[-78.52956800870298,2.131437264170831],[-78.55160273343354,1.8984170039982882],[-78.71319071479101,2.164902939833909],[-78.46958459138088,2.250426333195108]]]}},{"type":"Feature","properties":{"DPTO_CCDGO":"52","MPIO_CCNCT":"52621","MPIO_CNMBR":"ROBERTO PAYAN (SAN JOSE)"},"geometry":{"type":"Polygon","coordinates":[[[-78.46958459138088,2.250426333195108],[-78.27127206880581,2.017406073022565],[-78.23332337621429,1.731088625682899],[-78.32880718338006,1.5649997168365122],[-78.53446461419865,1.9703062332004553],[-78.46958459138088,2.250426333195108]]]}},{"type":"Feature","properties":{"DPTO_CCDGO":"52","MPIO_CCNCT":"52696","MPIO_CNMBR":"SANTA BARBARA (ISCUANDE)"},"geometry":{"type":"Polygon","coordinates":[[[-77.92850968410815,2.640859215931017],[-77.83547417969022,2.1760581650549344],[-77.59921296452362,2.1673818787719146],[-77.58329899666266,2.0248428898365827],[-77.72407640466348,1.9913772141735047],[-77.94075119784736,2.1611845314269003],[-78.11335654157011,2.6433381548690225],[-77.92850968410815,2.640859215931017]]]}},{"type":"Feature","properties":{"DPTO_CCDGO":"94","MPIO_CCNCT":"94001","MPIO_CNMBR":"INIRIDA"},"geometry":{"type":"Polygon","coordinates":[[[-67.7080698632484,4.0451781243112865],[-67.55872339563014,3.6150822185672844],[-67.84639896850138,3.389498775208759],[-67.77907064293578,3.1478022287531964],[-68.15243681198143,3.089547163710061],[-68.17324738533807,2.9866711977828215],[-68.45235389859188,2.9717975641547874],[-69.11094733776095,2.60367513186093],[-69.18806887431792,2.3632180548743706],[-69.41820933261492,2.8676821287585446],[-69.38760554826692,2.997826423003848],[-69.125637154248,3.2097757022033413],[-68.97873898937758,3.2060572937963325],[-68.52090637553141,3.4452749013138897],[-68.4841818343138,3.5097273137020393],[-68.68616681101064,3.5407140504271117],[-68.83796158137675,3.670858344672414],[-68.75349513657625,3.7836500663516777],[-68.58945885247094,3.7774527190066625],[-68.3140247933389,3.9782467729851305],[-68.04348733970254,4.011712448648208],[-67.87945105559723,3.917512769003988],[-67.7080698632484,4.0451781243112865]]]}},{"type":"Feature","properties":{"DPTO_CCDGO":"94","MPIO_CCNCT":"94343","MPIO_CNMBR":"BARRANCOMINAS"},"geometry":{"type":"Polygon","coordinates":[[[-68.83796158137675,3.670858344672414],[-68.68616681101064,3.5407140504271117],[-68.4841818343138,3.5097273137020393],[-68.52090637553141,3.4452749013138897],[-68.97873898937758,3.2060572937963325],[-69.125637154248,3.2097757022033413],[-69.38760554826692,2.997826423003848],[-69.41820933261492,2.8676821287585446],[-69.71322981372968,2.8614847814135302],[-69.75362680906906,2.7189457924781983],[-69.87604194646107,2.6966353420361466],[-70.05354389567951,3.3969355920227766],[-69.87359364371324,3.43288020662386],[-69.87236949233932,3.5357561725510998],[-69.69119508899912,3.5444324588341205],[-69.56021089198967,3.6782951614864317],[-68.83796158137675,3.670858344672414]]]}},{"type":"Feature","properties":{"DPTO_CCDGO":"94","MPIO_CCNCT":"94663","MPIO_CNMBR":"BARRANCOMINAS"},"geometry":{"type":"Polygon","coordinates":[[[-70.05354389567951,3.3969355920227766],[-69.87604194646107,2.8999083349526193],[-69.87604194646107,2.6966353420361466],[-69.9984570838531,2.6916774641601346],[-69.9984570838531,2.5330253721277654],[-70.38161646389011,2.6049146013299334],[-70.45506554632533,2.4760097765536333],[-70.58482559196088,2.5293069637207566],[-70.6350157982916,2.3483444212463356],[-70.76599999530106,2.5392227194727797],[-70.91657061429325,2.560293700445829],[-70.94227779314556,2.6061540707989357],[-70.35101267954211,2.860245311944527],[-70.28001189985474,2.9346134800847006],[-70.2836843539765,3.1292101867181534],[-70.12821712948863,3.203578354858327],[-70.15759676246272,3.2816649314055084],[-70.05354389567951,3.3969355920227766]]]}},{"type":"Feature","properties":{"DPTO_CCDGO":"94","MPIO_CCNCT":"94883","MPIO_CNMBR":"SAN FELIPE"},"geometry":{"type":"Polygon","coordinates":[[[-67.33592784557666,2.5007991659336906],[-67.18780552933231,2.350823360184341],[-67.22085761642816,2.250426333195108],[-67.1143564468971,2.1339162031088366],[-67.12292550651455,1.9802219889524784],[-66.98582055263549,1.6864677247987947],[-67.14373607987119,1.6046627398446045],[-67.13394286887983,1.7955410380710486],[-67.30287575848081,1.9008959429362937],[-67.3689799326725,2.2157211880630268],[-67.6774660789004,2.0087297867395453],[-67.66644871653511,2.4586572039875927],[-67.33592784557666,2.5007991659336906]]]}},{"type":"Feature","properties":{"DPTO_CCDGO":"94","MPIO_CCNCT":"94884","MPIO_CNMBR":"PUERTO COLOMBIA"},"geometry":{"type":"Polygon","coordinates":[[[-67.51587809754292,3.17507055707126],[-67.86231293636234,2.865203189820539],[-67.62115511570006,2.8143849415914204],[-67.5685166066215,2.6681275442490797],[-67.33592784557666,2.5007991659336906],[-67.66644871653511,2.4586572039875927],[-67.6774660789004,2.0087297867395453],[-67.77539818881401,2.012448195146554],[-67.9076065371974,1.8042173243540693],[-68.2173168347992,1.9653483553244442],[-68.27117949525169,2.1772976345239377],[-68.32381800433026,2.09673211903875],[-68.8232717648897,2.0806190159417124],[-68.82816837038538,2.26406049735414],[-68.73880532008921,2.3347102570873037],[-68.7987887374113,2.4251915283245147],[-69.0595329800563,2.327273440273287],[-69.17705151195264,2.3632180548743706],[-69.11094733776095,2.60367513186093],[-68.45235389859188,2.9717975641547874],[-68.17324738533807,2.9866711977828215],[-68.15243681198143,3.089547163710061],[-67.51587809754292,3.17507055707126]]]}},{"type":"Feature","properties":{"DPTO_CCDGO":"94","MPIO_CCNCT":"94885","MPIO_CNMBR":"LA GUADALUPE"},"geometry":{"type":"Polygon","coordinates":[[[-67.14373607987119,1.6046627398446045],[-66.98582055263549,1.6864677247987947],[-66.85728465837386,1.2278640212677274],[-67.08864926804478,1.1658905478175834],[-67.14373607987119,1.6046627398446045]]]}},{"type":"Feature","properties":{"DPTO_CCDGO":"94","MPIO_CCNCT":"94886","MPIO_CNMBR":"CACAHUAL"},"geometry":{"type":"Polygon","coordinates":[[[-67.51587809754292,3.17507055707126],[-67.77907064293578,3.1478022287531964],[-67.84639896850138,3.389498775208759],[-67.55872339563014,3.6150822185672844],[-67.58198227173462,3.752663329626605],[-67.50118828105589,3.7675369632546394],[-67.31266896947217,3.394456653084771],[-67.51587809754292,3.17507055707126]]]}},{"type":"Feature","properties":{"DPTO_CCDGO":"94","MPIO_CCNCT":"94887","MPIO_CNMBR":"PANA PANA (CAMPO ALEGRE)"},"geometry":{"type":"Polygon","coordinates":[[[-68.2173168347992,1.9653483553244442],[-68.28464516036482,1.8364435305481441],[-68.16345417434671,1.7273702172758902],[-69.53450371313734,1.7769489960360056],[-69.7805581392953,1.6951440110818154],[-70.05476804705343,1.7769489960360056],[-70.16371751933232,1.9194879849713375],[-69.93724951515708,2.0136876646155564],[-69.6716086670164,2.0000535004565245],[-69.42188178673668,2.35454176859135],[-69.0595329800563,2.327273440273287],[-68.7987887374113,2.4251915283245147],[-68.73880532008921,2.3347102570873037],[-68.82816837038538,2.26406049735414],[-68.8232717648897,2.0806190159417124],[-68.32381800433026,2.09673211903875],[-68.27117949525169,2.1772976345239377],[-68.2173168347992,1.9653483553244442]]]}},{"type":"Feature","properties":{"DPTO_CCDGO":"94","MPIO_CCNCT":"94888","MPIO_CNMBR":"MORICHAL (MORICHAL NUEVO)"},"geometry":{"type":"Polygon","coordinates":[[[-69.41820933261492,2.8676821287585446],[-69.18806887431792,2.3632180548743706],[-69.48676180955445,2.3297523792112926],[-69.6716086670164,2.0000535004565245],[-69.93724951515708,2.0136876646155564],[-70.16371751933232,1.9194879849713375],[-69.99600878110526,2.2243974743460475],[-70.07068201491438,2.2913288256722026],[-70.31061568420274,2.20828437124901],[-70.63011919279592,2.312399806645252],[-70.58482559196088,2.5293069637207566],[-70.45506554632533,2.4760097765536333],[-70.38161646389011,2.6049146013299334],[-69.9984570838531,2.5330253721277654],[-69.9984570838531,2.6916774641601346],[-69.75362680906906,2.7189457924781983],[-69.71322981372968,2.8614847814135302],[-69.41820933261492,2.8676821287585446]]]}},{"type":"Feature","properties":{"DPTO_CCDGO":"99","MPIO_CCNCT":"99624","MPIO_CNMBR":"SANTA ROSALIA"},"geometry":{"type":"Polygon","coordinates":[[[-70.65215391752648,5.373889395082379],[-70.1979937578021,4.883059485357236],[-70.47710027105589,4.7120126986348385],[-70.89086343544092,4.817367603500083],[-71.0781585956507,4.726886332262874],[-70.9741057288675,5.080135130928696],[-70.65215391752648,5.373889395082379]]]}},{"type":"Feature","properties":{"DPTO_CCDGO":"99","MPIO_CCNCT":"99001","MPIO_CNMBR":"PUERTO CARREÑO"},"geometry":{"type":"Polygon","coordinates":[[[-67.62482756982183,5.476765361009619],[-67.94555522978892,5.306958043756223],[-68.47683692607029,5.562288754370817],[-68.81592685664619,5.418510295966483],[-68.81347855389834,6.173347202589239],[-68.02634922046765,6.196897122500294],[-67.8353816061361,6.317125660993575],[-67.53424036815173,6.258870595950439],[-67.41794598762931,5.982468904362795],[-67.58932717997814,5.838690445958461],[-67.62482756982183,5.476765361009619]]]}},{"type":"Feature","properties":{"DPTO_CCDGO":"99","MPIO_CCNCT":"99524","MPIO_CNMBR":"LA PRIMAVERA"},"geometry":{"type":"Polygon","coordinates":[[[-68.81347855389834,6.173347202589239],[-68.81592685664619,5.418510295966483],[-69.156240938596,5.174334810572914],[-69.39495045651043,5.171855871634909],[-69.56510749748534,4.915285691551311],[-69.8050411667737,4.892975241109259],[-69.8895076115742,4.963625000842423],[-70.1979937578021,4.883059485357236],[-70.65215391752648,5.373889395082379],[-70.35835758778563,5.587078143750874],[-70.15270015696704,5.600712307909907],[-69.83564495112171,6.040723969405931],[-69.53572786451126,6.0456818472819425],[-69.3447602501797,6.144839404802173],[-69.23703492927473,6.080386992414024],[-69.04361901219534,6.221686511880353],[-68.81347855389834,6.173347202589239]]]}},{"type":"Feature","properties":{"DPTO_CCDGO":"99","MPIO_CCNCT":"99773","MPIO_CNMBR":"CUMARIBO"},"geometry":{"type":"Polygon","coordinates":[[[-67.81457103277945,5.342902658357307],[-67.85741633086667,4.524852808815403],[-67.7080698632484,4.0451781243112865],[-67.87945105559723,3.917512769003988],[-68.04348733970254,4.011712448648208],[-68.3140247933389,3.9782467729851305],[-68.58945885247094,3.7774527190066625],[-68.75349513657625,3.7836500663516777],[-68.83796158137675,3.670858344672414],[-69.56021089198967,3.6782951614864317],[-69.69119508899912,3.5444324588341205],[-69.87236949233932,3.5357561725510998],[-69.87359364371324,3.43288020662386],[-70.11230316162768,3.3857803668017503],[-70.12821712948863,3.203578354858327],[-70.2836843539765,3.1292101867181534],[-70.28001189985474,2.9346134800847006],[-70.35101267954211,2.860245311944527],[-70.72070639446602,2.749932529203271],[-71.05489971954623,2.851569025661507],[-71.0781585956507,4.726886332262874],[-70.89086343544092,4.817367603500083],[-70.47710027105589,4.7120126986348385],[-69.8895076115742,4.963625000842423],[-69.8050411667737,4.892975241109259],[-69.56510749748534,4.915285691551311],[-69.39495045651043,5.171855871634909],[-69.156240938596,5.174334810572914],[-69.02403259021261,5.325550085791267],[-68.47683692607029,5.562288754370817],[-67.94555522978892,5.306958043756223],[-67.81457103277945,5.342902658357307]]]}},{"type":"Feature","properties":{"DPTO_CCDGO":"85","MPIO_CCNCT":"85001","MPIO_CNMBR":"YOPAL"},"geometry":{"type":"Polygon","coordinates":[[[-72.39656962536277,5.569725571184835],[-72.22396428164002,5.53749936499076],[-71.9742374013603,5.067740436238665],[-72.15541180470049,4.904130466330285],[-72.58386478557256,5.382565681365399],[-72.39656962536277,5.569725571184835]]]}},{"type":"Feature","properties":{"DPTO_CCDGO":"85","MPIO_CCNCT":"85010","MPIO_CNMBR":"AGUAZUL"},"geometry":{"type":"Polygon","coordinates":[[[-72.56672666633767,5.373889395082379],[-72.34025866216244,5.002048554381513],[-72.48470852428503,4.989653859691485],[-72.4467598316935,4.85455168757017],[-72.72341804219946,5.050387863672626],[-72.75647012929531,5.184250566324938],[-72.56672666633767,5.373889395082379]]]}},{"type":"Feature","properties":{"DPTO_CCDGO":"85","MPIO_CCNCT":"85015","MPIO_CNMBR":"CHAMEZA"},"geometry":{"type":"Polygon","coordinates":[[[-72.76871164303451,5.178053218979922],[-72.90948905103534,5.103685050839751],[-72.97314492247918,5.145827012785848],[-72.81155694112172,5.377607803489388],[-72.83359166585228,5.21523730305001],[-72.76871164303451,5.178053218979922]]]}},{"type":"Feature","properties":{"DPTO_CCDGO":"85","MPIO_CCNCT":"85136","MPIO_CNMBR":"LA SALINA"},"geometry":{"type":"Polygon","coordinates":[[[-72.27293033659683,6.131205240643142],[-72.362293386893,6.075429114538013],[-72.41248359322373,6.188220836217274],[-72.39656962536277,6.27250476010947],[-72.33903451078852,6.345633458780641],[-72.27293033659683,6.131205240643142]]]}},{"type":"Feature","properties":{"DPTO_CCDGO":"85","MPIO_CCNCT":"85139","MPIO_CNMBR":"MANI"},"geometry":{"type":"Polygon","coordinates":[[[-72.3378103594146,5.067740436238665],[-71.80775281450715,4.6066577937695925],[-71.66942370925418,4.609136732707599],[-71.81387357137675,4.574431587575518],[-71.99872042883871,4.382313819880071],[-72.35372432727556,4.415779495543148],[-72.4896051297807,4.533529095098423],[-72.56305421221592,4.832241237128118],[-72.4467598316935,4.85455168757017],[-72.48470852428503,4.989653859691485],[-72.34025866216244,5.002048554381513],[-72.3378103594146,5.067740436238665]]]}},{"type":"Feature","properties":{"DPTO_CCDGO":"85","MPIO_CCNCT":"85162","MPIO_CNMBR":"MONTERREY"},"geometry":{"type":"Polygon","coordinates":[[[-72.75891843204315,4.641362938901674],[-72.98905889034015,4.8458754012871506],[-72.90336829416573,5.067740436238665],[-72.75524597792139,4.8979331189852715],[-72.75891843204315,4.641362938901674]]]}},{"type":"Feature","properties":{"DPTO_CCDGO":"85","MPIO_CCNCT":"85225","MPIO_CNMBR":"NUNCHIA"},"geometry":{"type":"Polygon","coordinates":[[[-72.10522159836977,5.713504029589169],[-71.95220267662974,5.547415120742782],[-71.83345999335947,5.416031357028476],[-72.09787669012624,5.344142127826309],[-72.22396428164002,5.53749936499076],[-72.301085818197,5.506512628265687],[-72.24844730911842,5.696151457023129],[-72.10522159836977,5.713504029589169]]]}},{"type":"Feature","properties":{"DPTO_CCDGO":"85","MPIO_CCNCT":"85230","MPIO_CNMBR":"OROCUE"},"geometry":{"type":"Polygon","coordinates":[[[-70.9741057288675,5.080135130928696],[-71.0781585956507,4.899172588454274],[-71.66942370925418,4.609136732707599],[-71.80775281450715,4.6066577937695925],[-72.15541180470049,4.904130466330285],[-71.98158230960382,5.019401126947553],[-71.9558751307515,5.128474440219808],[-71.70369994772393,5.0739377835836805],[-71.52252554438374,5.211518894643001],[-71.21281524678193,5.005766962788522],[-70.9741057288675,5.080135130928696]]]}},{"type":"Feature","properties":{"DPTO_CCDGO":"85","MPIO_CCNCT":"85263","MPIO_CNMBR":"PORE"},"geometry":{"type":"Polygon","coordinates":[[[-71.65963049826281,5.556091407025804],[-71.95220267662974,5.547415120742782],[-72.101549144248,5.784153789322334],[-71.97056494723854,5.800266892419371],[-71.65963049826281,5.556091407025804]]]}},{"type":"Feature","properties":{"DPTO_CCDGO":"85","MPIO_CCNCT":"85279","MPIO_CNMBR":"RECETOR"},"geometry":{"type":"Polygon","coordinates":[[[-72.70015916609498,5.2734923680931445],[-72.76871164303451,5.178053218979922],[-72.83359166585228,5.21523730305001],[-72.81155694112172,5.377607803489388],[-72.70015916609498,5.2734923680931445]]]}},{"type":"Feature","properties":{"DPTO_CCDGO":"85","MPIO_CCNCT":"85300","MPIO_CNMBR":"SABANALARGA"},"geometry":{"type":"Polygon","coordinates":[[[-72.97559322522703,4.97478022606345],[-72.98905889034015,4.8458754012871506],[-72.85685054195676,4.719449515448856],[-72.98416228484447,4.66119445040572],[-73.0771977892624,4.812409725624072],[-73.03068003705343,4.982217042877467],[-72.97559322522703,4.97478022606345]]]}},{"type":"Feature","properties":{"DPTO_CCDGO":"85","MPIO_CCNCT":"85315","MPIO_CNMBR":"SACAMA"},"geometry":{"type":"Polygon","coordinates":[[[-72.06115214890863,6.11757107648411],[-72.02565175906494,6.049400255688951],[-72.09298008463055,6.004779354804848],[-72.34270696491028,6.001060946397839],[-72.27293033659683,6.131205240643142],[-72.1382736854656,6.066752828254991],[-72.06115214890863,6.11757107648411]]]}},{"type":"Feature","properties":{"DPTO_CCDGO":"85","MPIO_CCNCT":"85325","MPIO_CNMBR":"SAN LUIS DE PALENQUE"},"geometry":{"type":"Polygon","coordinates":[[[-71.90568492442077,5.53749936499076],[-71.37317907676548,5.258618734465111],[-70.91289816017148,5.1408691349098365],[-71.04143405443311,5.01320377960254],[-71.21281524678193,5.005766962788522],[-71.52252554438374,5.211518894643001],[-71.70369994772393,5.0739377835836805],[-71.9558751307515,5.128474440219808],[-71.9742374013603,5.067740436238665],[-72.09787669012624,5.344142127826309],[-71.83345999335947,5.416031357028476],[-71.90568492442077,5.53749936499076]]]}},{"type":"Feature","properties":{"DPTO_CCDGO":"85","MPIO_CCNCT":"85400","MPIO_CNMBR":"TAMARA"},"geometry":{"type":"Polygon","coordinates":[[[-72.02565175906494,6.049400255688951],[-72.10522159836977,5.713504029589169],[-72.24844730911842,5.696151457023129],[-72.46144964818055,5.847366732241481],[-72.34025866216244,5.891987633125584],[-72.34270696491028,6.001060946397839],[-72.02565175906494,6.049400255688951]]]}},{"type":"Feature","properties":{"DPTO_CCDGO":"85","MPIO_CCNCT":"85410","MPIO_CNMBR":"TAURAMENA"},"geometry":{"type":"Polygon","coordinates":[[[-72.75647012929531,5.184250566324938],[-72.72341804219946,5.050387863672626],[-72.4467598316935,4.85455168757017],[-72.56305421221592,4.832241237128118],[-72.4896051297807,4.533529095098423],[-72.25824052010978,4.418258434481155],[-72.40513868498022,4.31786140749192],[-72.65976217075561,4.329016632712946],[-72.75157352379962,4.501302888904348],[-72.71117652846026,4.760352007925951],[-72.90948905103534,5.103685050839751],[-72.75647012929531,5.184250566324938]]]}},{"type":"Feature","properties":{"DPTO_CCDGO":"85","MPIO_CCNCT":"85430","MPIO_CNMBR":"TRINIDAD"},"geometry":{"type":"Polygon","coordinates":[[[-71.65963049826281,5.556091407025804],[-71.2470914852517,5.4457786242845465],[-70.6044120139436,5.422228704373492],[-70.91289816017148,5.1408691349098365],[-71.37317907676548,5.258618734465111],[-71.90568492442077,5.53749936499076],[-71.65963049826281,5.556091407025804]]]}},{"type":"Feature","properties":{"DPTO_CCDGO":"85","MPIO_CCNCT":"85440","MPIO_CNMBR":"VILLANUEVA"},"geometry":{"type":"Polygon","coordinates":[[[-72.75891843204315,4.641362938901674],[-72.75157352379962,4.501302888904348],[-72.61691687266841,4.310424590677902],[-72.73933201006042,4.3091851212089],[-73.04047324804479,4.677307553502757],[-72.85685054195676,4.719449515448856],[-72.75891843204315,4.641362938901674]]]}},{"type":"Feature","properties":{"DPTO_CCDGO":"85","MPIO_CCNCT":"85125","MPIO_CNMBR":"HATO COROZAL"},"geometry":{"type":"Polygon","coordinates":[[[-69.89195591432204,6.054358133564962],[-70.73294790820522,6.121289484891118],[-70.92636382528461,6.037005560998923],[-71.21036694403409,6.056837072502969],[-71.70247579635002,5.820098403923417],[-71.92037474090782,5.9266927782576655],[-72.06115214890863,6.11757107648411],[-71.22505676052114,6.294815210551523],[-70.71948224309209,6.220447042411349],[-70.3803923125162,6.30225202736554],[-70.12087222124512,6.257631126481437],[-69.89195591432204,6.054358133564962]]]}},{"type":"Feature","properties":{"DPTO_CCDGO":"85","MPIO_CCNCT":"85250","MPIO_CNMBR":"PAZ DE ARIPORO (MORENO)"},"geometry":{"type":"Polygon","coordinates":[[[-70.73294790820522,6.121289484891118],[-69.8478864648609,5.998582007459833],[-70.15270015696704,5.600712307909907],[-70.35835758778563,5.587078143750874],[-70.6044120139436,5.422228704373492],[-71.47600779217478,5.496596872513665],[-72.04891063516943,5.837450976489459],[-72.02565175906494,6.049400255688951],[-71.70247579635002,5.820098403923417],[-71.21036694403409,6.056837072502969],[-70.92636382528461,6.037005560998923],[-70.73294790820522,6.121289484891118]]]}},{"type":"Feature","properties":{"DPTO_CCDGO":"91","MPIO_CCNCT":"91001","MPIO_CNMBR":"LETICIA"},"geometry":{"type":"Polygon","coordinates":[[[-69.71445396510362,-3.0024452764391203],[-69.84911061623482,-3.751084835716863],[-69.93357706103532,-4.219604294999954],[-70.17718318444544,-4.034923344118524],[-70.36570249602916,-3.6903508317357216],[-70.33509871168116,-3.197041983072573],[-70.168614124828,-3.179689410506533],[-69.98009481324429,-3.0024452764391203],[-69.71445396510362,-3.0024452764391203]]]}},{"type":"Feature","properties":{"DPTO_CCDGO":"91","MPIO_CCNCT":"91263","MPIO_CNMBR":"EL ENCANTO"},"geometry":{"type":"Polygon","coordinates":[[[-73.49218510502135,-1.502687218945629],[-72.6891418037297,-1.502687218945629],[-72.45288058856309,-1.8447807923904254],[-72.28272354758819,-1.9129516131855842],[-72.19948125416161,-2.096393094598011],[-72.08318687363919,-2.1063088503500342],[-72.09298008463055,-2.184395426897216],[-71.76857997054171,-2.1806770184902073],[-71.91547813541213,-2.367836908309643],[-72.04891063516943,-2.3393291105225766],[-72.36596584101477,-2.4930233246789344],[-72.63160668915545,-2.359160622026623],[-72.69281425785145,-2.4521208322018393],[-73.05393891315792,-2.36659743884064],[-73.15676762856721,-2.260003064506392],[-73.10902572498432,-1.8844438153985177],[-73.20940613764579,-1.7580179295602236],[-73.33549372915957,-1.8038782999133303],[-73.54115115997816,-1.6985233950480851],[-73.49218510502135,-1.502687218945629]]]}},{"type":"Feature","properties":{"DPTO_CCDGO":"91","MPIO_CCNCT":"91405","MPIO_CNMBR":"LA CHORRERA"},"geometry":{"type":"Polygon","coordinates":[[[-72.99640379858367,-0.5334220941853727],[-72.7503493724257,-1.146959481341801],[-72.17744652943105,-1.221327649481974],[-72.0770661167696,-1.309329981781179],[-71.99015136922127,-1.533673955670701],[-71.99504797471694,-2.142253464951118],[-72.09298008463055,-2.184395426897216],[-72.08318687363919,-2.1063088503500342],[-72.19948125416161,-2.096393094598011],[-72.28272354758819,-1.9129516131855842],[-72.45288058856309,-1.8447807923904254],[-72.6891418037297,-1.502687218945629],[-72.99640379858367,-1.502687218945629],[-73.8410682465886,-0.3983199220640583],[-73.5803240039436,-0.4553355176381908],[-73.57053079295224,-0.5160695216193325],[-73.33549372915957,-0.5061537658673094],[-73.20940613764579,-0.6239033654225832],[-72.99640379858367,-0.5334220941853727]]]}},{"type":"Feature","properties":{"DPTO_CCDGO":"91","MPIO_CCNCT":"91407","MPIO_CNMBR":"LA PEDRERA"},"geometry":{"type":"Polygon","coordinates":[[[-70.25552887237635,-0.4330250671961391],[-70.3204088951941,-0.5495351972824101],[-70.22492508802833,-0.8953471791342151],[-70.3020466245853,-0.9783916335574085],[-70.17840733581937,-1.0998596415196915],[-70.07925107453183,-1.035407229131541],[-70.1012857992624,-0.9536022441773508],[-69.96050839126157,-0.9684758778053855],[-69.93602536378316,-1.0961412331126827],[-69.70466075411224,-1.0478019238215701],[-69.68017772663384,-1.2027356074469306],[-69.59203882771159,-1.1457200118727981],[-69.48186520405878,-1.213890832667957],[-69.43289914910196,-1.068872904794619],[-69.39617460788436,-1.1370437255897778],[-69.53450371313734,-2.002193414953792],[-70.49668669303861,-2.0034328844227947],[-70.49668669303861,-0.38592522737402923],[-70.43670327571652,-0.47764596808024296],[-70.25552887237635,-0.4330250671961391]]]}},{"type":"Feature","properties":{"DPTO_CCDGO":"91","MPIO_CCNCT":"91430","MPIO_CNMBR":"LA VICTORIA"},"geometry":{"type":"Polygon","coordinates":[[[-70.84312153185803,-0.33262804020690506],[-71.17241825144256,-0.25082305525271487],[-71.27279866410403,-0.04631059286723893],[-71.43683494820934,0.00698659429988524],[-71.18465976518178,0.09746786553709619],[-71.13691786159887,0.00698659429988524],[-70.9985887563459,-0.0029291614521378406],[-70.84312153185803,-0.33262804020690506]]]}},{"type":"Feature","properties":{"DPTO_CCDGO":"91","MPIO_CCNCT":"91460","MPIO_CNMBR":"MIRITI PARANA"},"geometry":{"type":"Polygon","coordinates":[[[-71.43683494820934,0.00698659429988524],[-71.27279866410403,-0.04631059286723893],[-71.2593329989909,-0.16653913136051823],[-71.08550350389423,-0.30040183401283027],[-70.89820834368444,-0.3487411433039429],[-70.73906866507481,-0.2867676698537984],[-70.49668669303861,-0.38592522737402923],[-70.49668669303861,-1.4766583600965686],[-70.77701735766634,-1.3998112530183895],[-71.17364240281648,-1.0539992711665844],[-71.56047423697527,-1.1296069087757608],[-71.57516405346232,-0.9374891410803134],[-71.74042448894154,-0.9684758778053855],[-71.91180568129037,-0.756526598605892],[-71.99627212609086,-0.7837949269239557],[-71.99627212609086,-0.27685191410177534],[-71.71104485596746,-0.23223101321767148],[-71.70492409909785,-0.06738157384028742],[-71.43683494820934,0.00698659429988524]]]}},{"type":"Feature","properties":{"DPTO_CCDGO":"91","MPIO_CCNCT":"91530","MPIO_CNMBR":"PUERTO ALEGRIA"},"geometry":{"type":"Polygon","coordinates":[[[-72.99640379858367,-1.502687218945629],[-73.49218510502135,-1.502687218945629],[-73.63173836164825,-1.2721458977110922],[-73.86922372818877,-1.2250460578889828],[-73.90472411803246,-1.1283674393067575],[-74.27441783295636,-0.9796311030264113],[-74.38948806210486,-0.5532536056894188],[-73.8410682465886,-0.3983199220640583],[-72.99640379858367,-1.502687218945629]]]}},{"type":"Feature","properties":{"DPTO_CCDGO":"91","MPIO_CCNCT":"91536","MPIO_CNMBR":"PUERTO ARICA"},"geometry":{"type":"Polygon","coordinates":[[[-71.22505676052114,-1.3923744362043724],[-70.49668669303861,-1.4766583600965686],[-70.4954625416647,-2.476910221581897],[-70.628895041422,-2.4793891605199025],[-70.66317127989177,-2.359160622026623],[-70.86882871071036,-2.2277768583123168],[-71.31686811356515,-2.3802316029996717],[-71.6290267139148,-2.2104242857462766],[-71.99504797471694,-2.142253464951118],[-71.96077173624718,-1.513842444166655],[-71.84447735572476,-1.5609422839887648],[-71.64494068177576,-1.8509781397354397],[-71.49314591140966,-1.8274282198243852],[-71.33890283829571,-1.4642636654065395],[-71.20547033853842,-1.4531084401855137],[-71.22505676052114,-1.3923744362043724]]]}},{"type":"Feature","properties":{"DPTO_CCDGO":"91","MPIO_CCNCT":"91540","MPIO_CNMBR":"PUERTO NARIÑO"},"geometry":{"type":"Polygon","coordinates":[[[-70.30816738145491,-3.8118188396980046],[-70.48566933067333,-3.8762712520861546],[-70.7133614862225,-3.7957057366009668],[-70.33509871168116,-3.197041983072573],[-70.36570249602916,-3.6903508317357216],[-70.30816738145491,-3.8118188396980046]]]}},{"type":"Feature","properties":{"DPTO_CCDGO":"91","MPIO_CCNCT":"91669","MPIO_CNMBR":"PUERTO SANTANDER"},"geometry":{"type":"Polygon","coordinates":[[[-70.72805130270953,-1.428319050805456],[-71.22505676052114,-1.3923744362043724],[-71.20547033853842,-1.4531084401855137],[-71.33890283829571,-1.4642636654065395],[-71.49314591140966,-1.8274282198243852],[-71.64494068177576,-1.8509781397354397],[-71.84447735572476,-1.5609422839887648],[-71.99015136922127,-1.533673955670701],[-72.17744652943105,-1.221327649481974],[-72.78340145952156,-1.1184516835547345],[-72.99640379858367,-0.5334220941853727],[-72.8776611153134,-0.6177060180775689],[-72.74545276693003,-0.5606904225034364],[-72.59243384519,-0.6933136556867447],[-72.43329416658037,-0.5668877698484507],[-72.31699978605795,-0.6524111632096496],[-72.14317029096128,-0.3475016738349397],[-71.99627212609086,-0.27685191410177534],[-71.99627212609086,-0.7837949269239557],[-71.91180568129037,-0.756526598605892],[-71.74042448894154,-0.9684758778053855],[-71.57516405346232,-0.9374891410803134],[-71.56047423697527,-1.1296069087757608],[-71.17364240281648,-1.0539992711665844],[-70.72805130270953,-1.428319050805456]]]}},{"type":"Feature","properties":{"DPTO_CCDGO":"91","MPIO_CCNCT":"91798","MPIO_CNMBR":"TARAPACA"},"geometry":{"type":"Polygon","coordinates":[[[-69.71445396510362,-3.0024452764391203],[-69.98009481324429,-3.0024452764391203],[-70.168614124828,-3.179689410506533],[-70.33509871168116,-3.197041983072573],[-70.06088880392302,-2.759509260514555],[-70.07557862041007,-2.6640701114013323],[-70.21880433115874,-2.6566332945873152],[-70.26042547787202,-2.5549967981290784],[-70.4954625416647,-2.476910221581897],[-70.49668669303861,-2.0034328844227947],[-69.53450371313734,-2.002193414953792],[-69.71445396510362,-3.0024452764391203]]]}},{"type":"Feature","properties":{"DPTO_CCDGO":"97","MPIO_CCNCT":"97001","MPIO_CNMBR":"MITu"},"geometry":{"type":"Polygon","coordinates":[[[-69.86869703821756,1.7186939309928704],[-69.81483437776507,1.0642540513593461],[-70.11597561574943,0.8275153827797954],[-70.0474231388099,0.25983836597647425],[-70.21145942291521,0.158201869518237],[-70.36570249602916,0.34660122880667554],[-70.57135992684775,0.34784069827567876],[-70.64848146340472,0.6044108783592756],[-70.828431715371,0.40237735491180615],[-70.89331173818876,0.5424374049091316],[-70.95084685276301,0.4531956031409239],[-71.11855559099008,0.7890918292407063],[-71.01939932970254,0.8808125699469196],[-70.99369215085022,1.1534958531275539],[-70.84312153185803,1.34065574294699],[-70.45384139495141,1.7905831601950375],[-70.12944128086255,1.659199396480732],[-69.86869703821756,1.7186939309928704]]]}},{"type":"Feature","properties":{"DPTO_CCDGO":"97","MPIO_CCNCT":"97161","MPIO_CNMBR":"CARURu"},"geometry":{"type":"Polygon","coordinates":[[[-71.2532122421213,1.6703546217017573],[-70.99369215085022,1.1534958531275539],[-71.01939932970254,0.8808125699469196],[-71.11855559099008,0.7890918292407063],[-71.03653744893742,0.5721846721652009],[-71.48090439767046,0.5957345920762558],[-71.80285620901147,0.8882493867609371],[-71.5739399020884,1.0816066239253868],[-71.3927654987482,1.73604650355891],[-71.2532122421213,1.6703546217017573]]]}},{"type":"Feature","properties":{"DPTO_CCDGO":"97","MPIO_CCNCT":"97511","MPIO_CNMBR":"BUENOS AIRES (PACOA)"},"geometry":{"type":"Polygon","coordinates":[[[-71.03653744893742,0.5721846721652009],[-70.95084685276301,0.4531956031409239],[-70.89331173818876,0.5424374049091316],[-70.828431715371,0.40237735491180615],[-70.64848146340472,0.6044108783592756],[-70.57135992684775,0.34784069827567876],[-70.36570249602916,0.34660122880667554],[-70.21145942291521,0.158201869518237],[-70.0474231388099,0.25983836597647425],[-70.04619898743599,-0.1157208831314005],[-70.25552887237635,-0.4330250671961391],[-70.43670327571652,-0.47764596808024296],[-70.63746410103944,-0.32023334551687643],[-70.84312153185803,-0.33262804020690506],[-70.92758797665853,-0.05126847074325003],[-71.13691786159887,0.00698659429988524],[-71.18465976518178,0.09746786553709619],[-71.29728169158243,0.07515741509504359],[-71.3744032281394,0.1743149726152744],[-71.58373311307976,0.163159747394249],[-71.83223584198555,0.3391644119926589],[-72.03299666730847,0.6639054128714141],[-71.80285620901147,0.8882493867609371],[-71.48090439767046,0.5957345920762558],[-71.03653744893742,0.5721846721652009]]]}},{"type":"Feature","properties":{"DPTO_CCDGO":"97","MPIO_CCNCT":"97666","MPIO_CNMBR":"TARAIRA"},"geometry":{"type":"Polygon","coordinates":[[[-69.43289914910196,-1.068872904794619],[-69.48186520405878,-1.213890832667957],[-69.59203882771159,-1.1457200118727981],[-69.68017772663384,-1.2027356074469306],[-69.70466075411224,-1.0478019238215701],[-69.93602536378316,-1.0961412331126827],[-69.96050839126157,-0.9684758778053855],[-70.1012857992624,-0.9536022441773508],[-70.12699297811471,-1.1097753972717146],[-70.3020466245853,-0.9783916335574085],[-70.22492508802833,-0.8953471791342151],[-70.3204088951941,-0.5495351972824101],[-70.04619898743599,-0.1157208831314005],[-69.9017491253134,-0.3375859180829166],[-69.61162524969431,-0.49995641852229467],[-69.61162524969431,-0.7664423543579151],[-69.43289914910196,-1.068872904794619]]]}},{"type":"Feature","properties":{"DPTO_CCDGO":"97","MPIO_CCNCT":"97777","MPIO_CNMBR":"MORICHAL (PAPUNAGUA)"},"geometry":{"type":"Polygon","coordinates":[[[-70.10985485887983,2.0806190159417124],[-70.14902770284527,1.8674302672732166],[-69.86869703821756,1.7186939309928704],[-70.12944128086255,1.659199396480732],[-70.45384139495141,1.7905831601950375],[-70.99369215085022,1.1534958531275539],[-71.2532122421213,1.6703546217017573],[-70.89453588956269,1.9194879849713375],[-70.48689348204725,1.9492352522274068],[-70.10985485887983,2.0806190159417124]]]}},{"type":"Feature","properties":{"DPTO_CCDGO":"97","MPIO_CCNCT":"97889","MPIO_CNMBR":"YAVARATE"},"geometry":{"type":"Polygon","coordinates":[[[-70.03885407919246,0.5659873248201865],[-70.11597561574943,0.8275153827797954],[-69.74505774945162,1.1138328301194615],[-69.32150137407523,1.087803971270401],[-69.1990862366832,0.9960832305641878],[-69.14032697073503,0.6899342717204755],[-69.1990862366832,0.615566103580302],[-69.35822591529283,0.6168055730493052],[-69.48186520405878,0.7357946420735821],[-69.63365997442487,0.6366370845533513],[-70.03885407919246,0.5659873248201865]]]}},{"type":"Feature","properties":{"DPTO_CCDGO":"95","MPIO_CCNCT":"95001","MPIO_CNMBR":"SAN JOSE DEL GUAVIARE"},"geometry":{"type":"Polygon","coordinates":[[[-71.07693444427679,2.8825557623865796],[-70.72070639446602,2.749932529203271],[-70.58360144058695,2.840413800440481],[-70.5015832985343,2.78835608274236],[-70.94227779314556,2.6061540707989357],[-70.76599999530106,2.5392227194727797],[-70.54320444524758,2.2801736004511772],[-70.84679398597979,2.1760581650549344],[-71.17364240281648,2.1859739208069575],[-71.24953978799954,2.344626012839327],[-71.52497384713159,2.22563694381505],[-71.55312932873176,2.117803100011799],[-71.79061469527227,2.2851314783271883],[-71.90323662167293,2.202087023903995],[-72.101549144248,2.3433865433703245],[-72.74912522105178,2.431388875669529],[-72.79809127600859,2.2950472340792114],[-72.94254113813118,2.255384211071119],[-73.11024987635824,2.022363950898577],[-73.66111799462233,2.0620269739066694],[-73.63173836164825,2.3533022991223476],[-73.15309517444545,2.3669364632813794],[-72.92173056477453,2.560293700445829],[-72.59977875343353,2.6148303570819564],[-72.2043778596573,2.8590058424755247],[-71.07693444427679,2.8825557623865796]]]}},{"type":"Feature","properties":{"DPTO_CCDGO":"95","MPIO_CCNCT":"95015","MPIO_CNMBR":"CALAMAR"},"geometry":{"type":"Polygon","coordinates":[[[-72.60345120755528,2.083097954879718],[-72.36474168964085,1.78314634338102],[-72.40024207948453,1.6145784955966276],[-72.29496506132739,1.5315340411734342],[-72.40024207948453,1.4385738309982177],[-72.57774402870297,1.4856736708203275],[-72.7258663449473,1.1857220593216296],[-72.87031620706989,1.1460590363135372],[-72.85685054195676,1.0431830703862977],[-73.07842194063632,0.8944467341059514],[-73.39302884373382,1.1472985057825396],[-73.6586696918745,1.5761549420575385],[-73.66111799462233,2.0620269739066694],[-73.11024987635824,2.022363950898577],[-72.85195393646109,2.1909317986829695],[-72.76626334028667,2.0917742411627387],[-72.60345120755528,2.083097954879718]]]}},{"type":"Feature","properties":{"DPTO_CCDGO":"95","MPIO_CCNCT":"95025","MPIO_CNMBR":"EL RETORNO"},"geometry":{"type":"Polygon","coordinates":[[[-70.54320444524758,2.2801736004511772],[-70.31061568420274,2.20828437124901],[-70.07068201491438,2.2913288256722026],[-69.99600878110526,2.2243974743460475],[-70.18820054681072,2.0236034203675795],[-70.89453588956269,1.9194879849713375],[-71.2532122421213,1.6703546217017573],[-72.02932421318671,1.9950956225805134],[-72.43574246932822,1.855035572583187],[-72.45655304268486,1.955432599572421],[-72.67445198724266,2.1277188557638222],[-72.99028304171406,2.1562266535508883],[-72.94254113813118,2.255384211071119],[-72.79809127600859,2.2950472340792114],[-72.74912522105178,2.431388875669529],[-72.101549144248,2.3433865433703245],[-71.90323662167293,2.202087023903995],[-71.79061469527227,2.2851314783271883],[-71.55312932873176,2.117803100011799],[-71.52497384713159,2.22563694381505],[-71.24953978799954,2.344626012839327],[-71.17364240281648,2.1859739208069575],[-70.84679398597979,2.1760581650549344],[-70.54320444524758,2.2801736004511772]]]}},{"type":"Feature","properties":{"DPTO_CCDGO":"95","MPIO_CCNCT":"95200","MPIO_CNMBR":"MIRAFLORES"},"geometry":{"type":"Polygon","coordinates":[[[-71.3927654987482,1.73604650355891],[-71.5739399020884,1.0816066239253868],[-72.03299666730847,0.6639054128714141],[-72.26925788247507,0.763062970391645],[-72.46757040505014,1.0840855628633923],[-72.7258663449473,1.1857220593216296],[-72.57774402870297,1.4856736708203275],[-72.40024207948453,1.4385738309982177],[-72.29496506132739,1.5315340411734342],[-72.40024207948453,1.6145784955966276],[-72.36474168964085,1.78314634338102],[-72.43574246932822,1.855035572583187],[-72.02932421318671,1.9950956225805134],[-71.3927654987482,1.73604650355891]]]}},{"type":"Feature","properties":{"DPTO_CCDGO":"17","MPIO_CCNCT":"17001","MPIO_CNMBR":"MANIZALES"},"geometry":{"type":"Polygon","coordinates":[[[-75.32841216590165,5.041711577389606],[-75.58793225717274,4.984695981815474],[-75.67729530746891,5.1408691349098365],[-75.3492227392583,5.108642928715762],[-75.32841216590165,5.041711577389606]]]}},{"type":"Feature","properties":{"DPTO_CCDGO":"17","MPIO_CCNCT":"17013","MPIO_CNMBR":"AGUADAS"},"geometry":{"type":"Polygon","coordinates":[[[-75.56956998656393,5.724659254810195],[-75.42389597306743,5.696151457023129],[-75.31617065216244,5.4594127884435775],[-75.38105067498022,5.419749765435485],[-75.41410276207607,5.542457242866771],[-75.57079413793785,5.543696712335775],[-75.56956998656393,5.724659254810195]]]}},{"type":"Feature","properties":{"DPTO_CCDGO":"17","MPIO_CCNCT":"17486","MPIO_CNMBR":"NEIRA"},"geometry":{"type":"Polygon","coordinates":[[[-75.69320927532986,5.254900326058102],[-75.37248161536277,5.2214346503950235],[-75.3492227392583,5.108642928715762],[-75.66260549098186,5.165658524289894],[-75.69320927532986,5.254900326058102]]]}},{"type":"Feature","properties":{"DPTO_CCDGO":"17","MPIO_CCNCT":"17446","MPIO_CNMBR":"MARULANDA"},"geometry":{"type":"Polygon","coordinates":[[[-75.21089363400532,5.3503394751713245],[-75.16682418454418,5.169376932696903],[-75.33820537689301,5.0454299857966145],[-75.34799858788438,5.329268494198274],[-75.21089363400532,5.3503394751713245]]]}},{"type":"Feature","properties":{"DPTO_CCDGO":"17","MPIO_CCNCT":"17444","MPIO_CNMBR":"MARQUETALIA"},"geometry":{"type":"Polygon","coordinates":[[[-74.96239090509951,5.341663188888305],[-75.06032301501313,5.27101342915514],[-75.1190822809613,5.309436982694228],[-75.0346158361608,5.344142127826309],[-74.96239090509951,5.341663188888305]]]}},{"type":"Feature","properties":{"DPTO_CCDGO":"17","MPIO_CCNCT":"17442","MPIO_CNMBR":"MARMATO"},"geometry":{"type":"Polygon","coordinates":[[[-75.6405707662513,5.530062548176742],[-75.58181150030313,5.456933849505573],[-75.58548395442489,5.4457786242845465],[-75.6405707662513,5.530062548176742]]]}},{"type":"Feature","properties":{"DPTO_CCDGO":"17","MPIO_CCNCT":"17433","MPIO_CNMBR":"MANZANARES"},"geometry":{"type":"Polygon","coordinates":[[[-75.24149741835332,5.252421387120096],[-75.06032301501313,5.27101342915514],[-75.11663397821346,5.160700646413883],[-75.2096694826314,5.175574280041918],[-75.24149741835332,5.252421387120096]]]}},{"type":"Feature","properties":{"DPTO_CCDGO":"17","MPIO_CCNCT":"17388","MPIO_CNMBR":"LA MERCED"},"geometry":{"type":"Polygon","coordinates":[[[-75.53284544534633,5.442060215877538],[-75.51081072061577,5.334226372074287],[-75.54019035358985,5.328029024729272],[-75.60751867915546,5.376368334020384],[-75.53284544534633,5.442060215877538]]]}},{"type":"Feature","properties":{"DPTO_CCDGO":"17","MPIO_CCNCT":"17380","MPIO_CNMBR":"LA DORADA"},"geometry":{"type":"Polygon","coordinates":[[[-74.6649221212369,5.768040686225296],[-74.65023230474986,5.442060215877538],[-74.78978556137676,5.2982817574732035],[-74.70531911657626,5.566007162777826],[-74.81304443748124,5.604430716316916],[-74.6649221212369,5.768040686225296]]]}},{"type":"Feature","properties":{"DPTO_CCDGO":"17","MPIO_CCNCT":"17272","MPIO_CNMBR":"FILADELFIA"},"geometry":{"type":"Polygon","coordinates":[[[-75.54019035358985,5.328029024729272],[-75.55243186732905,5.211518894643001],[-75.64913982586874,5.233829345085052],[-75.6099669819033,5.375128864551382],[-75.54019035358985,5.328029024729272]]]}},{"type":"Feature","properties":{"DPTO_CCDGO":"17","MPIO_CCNCT":"17174","MPIO_CNMBR":"CHINCHINA"},"geometry":{"type":"Polygon","coordinates":[[[-75.60262207365977,5.015682718540544],[-75.57201828931177,4.93635667252436],[-75.71401984868652,4.95742765349741],[-75.74707193578236,5.046669455265617],[-75.60262207365977,5.015682718540544]]]}},{"type":"Feature","properties":{"DPTO_CCDGO":"17","MPIO_CCNCT":"17088","MPIO_CNMBR":"BELALCAZAR"},"geometry":{"type":"Polygon","coordinates":[[[-75.7740032660086,5.062782558362654],[-75.81440026134797,4.91900409995832],[-75.86703877042653,4.933877733586355],[-75.8584697108091,5.00452749331952],[-75.7740032660086,5.062782558362654]]]}},{"type":"Feature","properties":{"DPTO_CCDGO":"17","MPIO_CCNCT":"17050","MPIO_CNMBR":"ARANZAZU"},"geometry":{"type":"Polygon","coordinates":[[[-75.37248161536277,5.2214346503950235],[-75.55243186732905,5.211518894643001],[-75.54019035358985,5.328029024729272],[-75.39329218871941,5.2734923680931445],[-75.37248161536277,5.2214346503950235]]]}},{"type":"Feature","properties":{"DPTO_CCDGO":"17","MPIO_CCNCT":"17042","MPIO_CNMBR":"ANSERMA"},"geometry":{"type":"Polygon","coordinates":[[[-75.74829608715628,5.284647593314171],[-75.66260549098186,5.165658524289894],[-75.83643498607853,5.114840276060775],[-75.82419347233933,5.269773959686136],[-75.74829608715628,5.284647593314171]]]}},{"type":"Feature","properties":{"DPTO_CCDGO":"17","MPIO_CCNCT":"17495","MPIO_CNMBR":"NORCASIA"},"geometry":{"type":"Polygon","coordinates":[[[-74.73959535504603,5.699869865430138],[-74.89016597403821,5.558570345963808],[-74.9379078776211,5.619304349944951],[-74.88037276304685,5.745730235783244],[-74.73959535504603,5.699869865430138]]]}},{"type":"Feature","properties":{"DPTO_CCDGO":"17","MPIO_CCNCT":"17877","MPIO_CNMBR":"VITERBO"},"geometry":{"type":"Polygon","coordinates":[[[-75.92212558225295,5.041711577389606],[-75.81072780722621,5.117319214998782],[-75.86091801355694,4.942554019869375],[-75.92212558225295,5.041711577389606]]]}},{"type":"Feature","properties":{"DPTO_CCDGO":"17","MPIO_CCNCT":"17873","MPIO_CNMBR":"VILLAMARIA"},"geometry":{"type":"Polygon","coordinates":[[[-75.32841216590165,5.041711577389606],[-75.37492991811062,4.8024939698720495],[-75.58793225717274,4.984695981815474],[-75.47531033077207,5.026837943761571],[-75.32841216590165,5.041711577389606]]]}},{"type":"Feature","properties":{"DPTO_CCDGO":"17","MPIO_CCNCT":"17867","MPIO_CNMBR":"VICTORIA"},"geometry":{"type":"Polygon","coordinates":[[[-74.81304443748124,5.604430716316916],[-74.70531911657626,5.566007162777826],[-74.78978556137676,5.2982817574732035],[-74.96728751059518,5.300760696411208],[-74.81304443748124,5.604430716316916]]]}},{"type":"Feature","properties":{"DPTO_CCDGO":"17","MPIO_CCNCT":"17777","MPIO_CNMBR":"SUPIA"},"geometry":{"type":"Polygon","coordinates":[[[-75.70422663769516,5.53749936499076],[-75.58548395442489,5.4457786242845465],[-75.6099669819033,5.375128864551382],[-75.70422663769516,5.53749936499076]]]}},{"type":"Feature","properties":{"DPTO_CCDGO":"17","MPIO_CCNCT":"17665","MPIO_CNMBR":"SAN JOSE"},"geometry":{"type":"Polygon","coordinates":[[[-75.7740032660086,5.062782558362654],[-75.8584697108091,5.00452749331952],[-75.84377989432205,5.085093008804707],[-75.7740032660086,5.062782558362654]]]}},{"type":"Feature","properties":{"DPTO_CCDGO":"17","MPIO_CCNCT":"17662","MPIO_CNMBR":"SAMANA"},"geometry":{"type":"Polygon","coordinates":[[[-74.9379078776211,5.619304349944951],[-74.9134248501427,5.402397192869445],[-75.0346158361608,5.344142127826309],[-75.13254794607442,5.5412177733977686],[-75.06889207463057,5.662685781360052],[-74.88037276304685,5.745730235783244],[-74.9379078776211,5.619304349944951]]]}},{"type":"Feature","properties":{"DPTO_CCDGO":"17","MPIO_CCNCT":"17653","MPIO_CNMBR":"SALAMINA"},"geometry":{"type":"Polygon","coordinates":[[[-75.53284544534633,5.442060215877538],[-75.28067026231876,5.411073479152465],[-75.37248161536277,5.2214346503950235],[-75.53284544534633,5.442060215877538]]]}},{"type":"Feature","properties":{"DPTO_CCDGO":"17","MPIO_CCNCT":"17616","MPIO_CNMBR":"RISARALDA"},"geometry":{"type":"Polygon","coordinates":[[[-75.76298590364333,5.175574280041918],[-75.7433994816606,5.051627333141628],[-75.84377989432205,5.085093008804707],[-75.76298590364333,5.175574280041918]]]}},{"type":"Feature","properties":{"DPTO_CCDGO":"17","MPIO_CCNCT":"17541","MPIO_CNMBR":"PENSILVANIA"},"geometry":{"type":"Polygon","coordinates":[[[-75.0346158361608,5.344142127826309],[-75.2096694826314,5.285887062783173],[-75.31617065216244,5.4594127884435775],[-75.13254794607442,5.5412177733977686],[-75.0346158361608,5.344142127826309]]]}},{"type":"Feature","properties":{"DPTO_CCDGO":"17","MPIO_CCNCT":"17524","MPIO_CNMBR":"PALESTINA"},"geometry":{"type":"Polygon","coordinates":[[[-75.60262207365977,5.015682718540544],[-75.68953682120811,5.0070064322575245],[-75.67729530746891,5.1408691349098365],[-75.66627794510363,5.077656191990689],[-75.60262207365977,5.015682718540544]]]}},{"type":"Feature","properties":{"DPTO_CCDGO":"17","MPIO_CCNCT":"17513","MPIO_CNMBR":"PACORA"},"geometry":{"type":"Polygon","coordinates":[[[-75.38105067498022,5.419749765435485],[-75.58181150030313,5.456933849505573],[-75.57079413793785,5.543696712335775],[-75.41410276207607,5.542457242866771],[-75.38105067498022,5.419749765435485]]]}},{"type":"Feature","properties":{"DPTO_CCDGO":"17","MPIO_CCNCT":"17614","MPIO_CNMBR":"RIOSUCIO"},"geometry":{"type":"Polygon","coordinates":[[[-75.71401984868652,5.547415120742782],[-75.6099669819033,5.375128864551382],[-75.64791567449483,5.306958043756223],[-75.69810588082555,5.377607803489388],[-75.83276253195677,5.361494700392351],[-75.86826292180046,5.49039952516865],[-75.71401984868652,5.547415120742782]]]}},{"type":"Feature","properties":{"DPTO_CCDGO":"63","MPIO_CCNCT":"63001","MPIO_CNMBR":"ARMENIA"},"geometry":{"type":"Polygon","coordinates":[[[-75.63322585800778,4.569473709699507],[-75.71891645418219,4.4492451712062255],[-75.7740032660086,4.3947085145701],[-75.79726214211308,4.478992438462296],[-75.63322585800778,4.569473709699507]]]}},{"type":"Feature","properties":{"DPTO_CCDGO":"63","MPIO_CCNCT":"63111","MPIO_CNMBR":"BUENAVISTA"},"geometry":{"type":"Polygon","coordinates":[[[-75.72748551379964,4.405863739791126],[-75.71646815143436,4.377355942004058],[-75.78379647699997,4.346369205278988],[-75.72748551379964,4.405863739791126]]]}},{"type":"Feature","properties":{"DPTO_CCDGO":"63","MPIO_CCNCT":"63130","MPIO_CNMBR":"CALARCA"},"geometry":{"type":"Polygon","coordinates":[[[-75.63322585800778,4.569473709699507],[-75.58303565167705,4.424455781826168],[-75.79236553661741,4.337692918995966],[-75.63322585800778,4.569473709699507]]]}},{"type":"Feature","properties":{"DPTO_CCDGO":"63","MPIO_CCNCT":"63190","MPIO_CNMBR":"CIRCASIA"},"geometry":{"type":"Polygon","coordinates":[[[-75.60017377091194,4.676068084033755],[-75.64301906899914,4.588065751734549],[-75.74095117891275,4.5397264424434365],[-75.73483042204316,4.580628934920533],[-75.60017377091194,4.676068084033755]]]}},{"type":"Feature","properties":{"DPTO_CCDGO":"63","MPIO_CCNCT":"63212","MPIO_CNMBR":"CORDOBA"},"geometry":{"type":"Polygon","coordinates":[[[-75.58303565167705,4.424455781826168],[-75.59282886266841,4.361242838907021],[-75.72748551379964,4.405863739791126],[-75.58303565167705,4.424455781826168]]]}},{"type":"Feature","properties":{"DPTO_CCDGO":"63","MPIO_CCNCT":"63272","MPIO_CNMBR":"FILANDIA"},"geometry":{"type":"Polygon","coordinates":[[[-75.56467338106825,4.700857473413812],[-75.69933003219947,4.607897263238595],[-75.74095117891275,4.654997103060705],[-75.71401984868652,4.713252168103841],[-75.56467338106825,4.700857473413812]]]}},{"type":"Feature","properties":{"DPTO_CCDGO":"63","MPIO_CCNCT":"63302","MPIO_CNMBR":"GENOVA"},"geometry":{"type":"Polygon","coordinates":[[[-75.6589330368601,4.222422258378698],[-75.75196854127805,4.077404330505361],[-75.8401074402003,4.100954250416416],[-75.79481383936525,4.310424590677902],[-75.6589330368601,4.222422258378698]]]}},{"type":"Feature","properties":{"DPTO_CCDGO":"63","MPIO_CCNCT":"63401","MPIO_CNMBR":"LA TEBAIDA"},"geometry":{"type":"Polygon","coordinates":[[[-75.7740032660086,4.3947085145701],[-75.87805613279183,4.409582148198133],[-75.8951942520267,4.425695251295172],[-75.79726214211308,4.478992438462296],[-75.7740032660086,4.3947085145701]]]}},{"type":"Feature","properties":{"DPTO_CCDGO":"63","MPIO_CCNCT":"63470","MPIO_CNMBR":"MONTENEGRO"},"geometry":{"type":"Polygon","coordinates":[[[-75.74095117891275,4.5397264424434365],[-75.79726214211308,4.478992438462296],[-75.86948707317438,4.454203049082238],[-75.86703877042653,4.57567105704452],[-75.74095117891275,4.5397264424434365]]]}},{"type":"Feature","properties":{"DPTO_CCDGO":"63","MPIO_CCNCT":"63548","MPIO_CNMBR":"PIJAO"},"geometry":{"type":"Polygon","coordinates":[[[-75.59282886266841,4.361242838907021],[-75.6589330368601,4.222422258378698],[-75.79481383936525,4.310424590677902],[-75.71646815143436,4.377355942004058],[-75.59282886266841,4.361242838907021]]]}},{"type":"Feature","properties":{"DPTO_CCDGO":"63","MPIO_CCNCT":"63594","MPIO_CNMBR":"QUIMBAYA"},"geometry":{"type":"Polygon","coordinates":[[[-75.74095117891275,4.654997103060705],[-75.73483042204316,4.580628934920533],[-75.86703877042653,4.57567105704452],[-75.82786592646109,4.659954980936718],[-75.74095117891275,4.654997103060705]]]}},{"type":"Feature","properties":{"DPTO_CCDGO":"63","MPIO_CCNCT":"63690","MPIO_CNMBR":"SALENTO"},"geometry":{"type":"Polygon","coordinates":[[[-75.38349897772805,4.70829429022783],[-75.41532691344999,4.62277089686663],[-75.5561043214508,4.471555621648278],[-75.64301906899914,4.588065751734549],[-75.60017377091194,4.676068084033755],[-75.38349897772805,4.70829429022783]]]}},{"type":"Feature","properties":{"DPTO_CCDGO":"66","MPIO_CCNCT":"66001","MPIO_CNMBR":"PEREIRA"},"geometry":{"type":"Polygon","coordinates":[[[-75.70789909181691,4.8731437296052125],[-75.52182808298105,4.69961800394481],[-75.37492991811062,4.8024939698720495],[-75.38839558322374,4.715731107041847],[-75.49244845000696,4.666152328281731],[-75.85602140806125,4.728125801731876],[-75.93559124736606,4.807451847748061],[-75.88540104103534,4.892975241109259],[-75.70789909181691,4.8731437296052125]]]}},{"type":"Feature","properties":{"DPTO_CCDGO":"66","MPIO_CCNCT":"66045","MPIO_CNMBR":"APIA"},"geometry":{"type":"Polygon","coordinates":[[[-75.92824633912255,5.226392528271035],[-75.88417688966142,5.130953379157813],[-75.92212558225295,5.041711577389606],[-76.06045468750592,5.132192848626817],[-75.92824633912255,5.226392528271035]]]}},{"type":"Feature","properties":{"DPTO_CCDGO":"66","MPIO_CCNCT":"66075","MPIO_CNMBR":"BALBOA"},"geometry":{"type":"Polygon","coordinates":[[[-75.94538445835744,4.989653859691485],[-75.91478067400942,4.8731437296052125],[-75.98945390781856,4.88058054641923],[-75.94538445835744,4.989653859691485]]]}},{"type":"Feature","properties":{"DPTO_CCDGO":"66","MPIO_CCNCT":"66088","MPIO_CNMBR":"BELEN DE UMBRIA"},"geometry":{"type":"Polygon","coordinates":[[[-75.85112480256558,5.272252898624142],[-75.80215874760877,5.197884730483969],[-75.83643498607853,5.114840276060775],[-75.93069464187039,5.17681374951092],[-75.85112480256558,5.272252898624142]]]}},{"type":"Feature","properties":{"DPTO_CCDGO":"66","MPIO_CCNCT":"66170","MPIO_CNMBR":"DOSQUEBRADAS"},"geometry":{"type":"Polygon","coordinates":[[[-75.64546737174699,4.7925782141200255],[-75.71891645418219,4.829762298190111],[-75.68831266983419,4.88925683270225],[-75.64546737174699,4.878101607481225],[-75.64546737174699,4.7925782141200255]]]}},{"type":"Feature","properties":{"DPTO_CCDGO":"66","MPIO_CCNCT":"66318","MPIO_CNMBR":"GUATICA"},"geometry":{"type":"Polygon","coordinates":[[[-75.75074438990411,5.386284089772408],[-75.74829608715628,5.284647593314171],[-75.85112480256558,5.272252898624142],[-75.83276253195677,5.361494700392351],[-75.75074438990411,5.386284089772408]]]}},{"type":"Feature","properties":{"DPTO_CCDGO":"66","MPIO_CCNCT":"66383","MPIO_CNMBR":"LA CELIA"},"geometry":{"type":"Polygon","coordinates":[[[-75.98945390781856,5.036753699513595],[-75.99067805919248,4.912806752613305],[-76.07759280674081,5.046669455265617],[-75.98945390781856,5.036753699513595]]]}},{"type":"Feature","properties":{"DPTO_CCDGO":"66","MPIO_CCNCT":"66400","MPIO_CNMBR":"LA VIRGINIA"},"geometry":{"type":"Polygon","coordinates":[[[-75.86703877042653,4.933877733586355],[-75.81562441272189,4.906609405268291],[-75.88540104103534,4.892975241109259],[-75.86703877042653,4.933877733586355]]]}},{"type":"Feature","properties":{"DPTO_CCDGO":"66","MPIO_CCNCT":"66440","MPIO_CNMBR":"MARSELLA"},"geometry":{"type":"Polygon","coordinates":[[[-75.74707193578236,5.046669455265617],[-75.70789909181691,4.8731437296052125],[-75.81562441272189,4.906609405268291],[-75.74707193578236,5.046669455265617]]]}},{"type":"Feature","properties":{"DPTO_CCDGO":"66","MPIO_CCNCT":"66456","MPIO_CNMBR":"MISTRATO"},"geometry":{"type":"Polygon","coordinates":[[[-76.00904032980128,5.567246632246828],[-75.83276253195677,5.361494700392351],[-75.92457388500078,5.246224039775081],[-75.95395351797487,5.3404237194193005],[-76.06167883887986,5.366452578268362],[-76.08493771498433,5.533780956583751],[-76.00904032980128,5.567246632246828]]]}},{"type":"Feature","properties":{"DPTO_CCDGO":"66","MPIO_CCNCT":"66572","MPIO_CNMBR":"PUEBLO RICO"},"geometry":{"type":"Polygon","coordinates":[[[-76.08861016910609,5.447018093753549],[-75.92457388500078,5.246224039775081],[-76.06045468750592,5.132192848626817],[-76.20123209550675,5.321831677384258],[-76.19143888451539,5.414791887559474],[-76.08861016910609,5.447018093753549]]]}},{"type":"Feature","properties":{"DPTO_CCDGO":"66","MPIO_CCNCT":"66594","MPIO_CNMBR":"QUINCHIA"},"geometry":{"type":"Polygon","coordinates":[[[-75.64791567449483,5.306958043756223],[-75.69320927532986,5.254900326058102],[-75.77889987150428,5.324310616322263],[-75.75074438990411,5.386284089772408],[-75.64791567449483,5.306958043756223]]]}},{"type":"Feature","properties":{"DPTO_CCDGO":"66","MPIO_CCNCT":"66682","MPIO_CNMBR":"SANTA ROSA DE CABAL"},"geometry":{"type":"Polygon","coordinates":[[[-75.71401984868652,4.95742765349741],[-75.37492991811062,4.8024939698720495],[-75.52182808298105,4.69961800394481],[-75.71401984868652,4.95742765349741]]]}},{"type":"Feature","properties":{"DPTO_CCDGO":"66","MPIO_CCNCT":"66687","MPIO_CNMBR":"SANTUARIO"},"geometry":{"type":"Polygon","coordinates":[[[-75.92212558225295,5.041711577389606],[-75.88172858691358,4.912806752613305],[-76.07759280674081,5.046669455265617],[-76.06045468750592,5.132192848626817],[-75.92212558225295,5.041711577389606]]]}},{"type":"Feature","properties":{"DPTO_CCDGO":"05","MPIO_CCNCT":"05001","MPIO_CNMBR":"MEDELLIN"},"geometry":{"type":"Polygon","coordinates":[[[-75.66872624785147,6.372901787098705],[-75.5010175096244,6.297294149489529],[-75.48510354176344,6.190699775155281],[-75.67974361021675,6.163431446837217],[-75.66872624785147,6.372901787098705]]]}},{"type":"Feature","properties":{"DPTO_CCDGO":"05","MPIO_CCNCT":"05101","MPIO_CNMBR":"BOLIVAR"},"geometry":{"type":"Polygon","coordinates":[[[-75.91478067400942,5.863479835338518],[-76.02005769216656,5.753167052597261],[-76.09840338009745,5.849845671179487],[-76.05433393063633,5.931650656133677],[-75.91478067400942,5.863479835338518]]]}},{"type":"Feature","properties":{"DPTO_CCDGO":"05","MPIO_CCNCT":"05107","MPIO_CNMBR":"BRICEÑO"},"geometry":{"type":"Polygon","coordinates":[[[-75.44470654642407,7.249206701683745],[-75.53529374809416,6.990157582662141],[-75.68708851846027,7.08435726230636],[-75.44470654642407,7.249206701683745]]]}},{"type":"Feature","properties":{"DPTO_CCDGO":"05","MPIO_CCNCT":"05113","MPIO_CNMBR":"BURITICA"},"geometry":{"type":"Polygon","coordinates":[[[-75.84500404569597,6.871168513637864],[-75.83276253195677,6.68029021541142],[-75.88050443553966,6.645585070279338],[-75.98333315094895,6.760855730896608],[-75.95395351797487,6.966607662751086],[-75.84500404569597,6.871168513637864]]]}},{"type":"Feature","properties":{"DPTO_CCDGO":"05","MPIO_CCNCT":"05120","MPIO_CNMBR":"CACERES"},"geometry":{"type":"Polygon","coordinates":[[[-75.03339168478688,7.771023348133959],[-75.07990943699585,7.515692637519365],[-74.99421884082143,7.3942246295570815],[-75.16560003317026,7.355801076017993],[-75.48510354176344,7.736318203001879],[-75.45817221153719,7.834236291053106],[-75.21579023950099,7.944549073794363],[-75.16437588179635,7.800770615390029],[-75.03339168478688,7.771023348133959]]]}},{"type":"Feature","properties":{"DPTO_CCDGO":"05","MPIO_CCNCT":"05093","MPIO_CNMBR":"BETULIA"},"geometry":{"type":"Polygon","coordinates":[[[-75.85479725668733,6.2464759012604105],[-75.84133159157422,6.165910385775222],[-75.99679881606208,6.077908053476017],[-76.04821317376673,6.261349534888446],[-75.85479725668733,6.2464759012604105]]]}},{"type":"Feature","properties":{"DPTO_CCDGO":"05","MPIO_CCNCT":"05091","MPIO_CNMBR":"BETANIA"},"geometry":{"type":"Polygon","coordinates":[[[-75.89274594927886,5.754406522066265],[-75.90621161439199,5.697390926492131],[-76.08738601773217,5.6887146402091116],[-76.06535129300161,5.764322277818287],[-75.89274594927886,5.754406522066265]]]}},{"type":"Feature","properties":{"DPTO_CCDGO":"05","MPIO_CCNCT":"05088","MPIO_CNMBR":"BELLO"},"geometry":{"type":"Polygon","coordinates":[[[-75.5916047112945,6.4323963216108435],[-75.52182808298105,6.2886178632065075],[-75.66872624785147,6.372901787098705],[-75.5916047112945,6.4323963216108435]]]}},{"type":"Feature","properties":{"DPTO_CCDGO":"05","MPIO_CCNCT":"05086","MPIO_CNMBR":"BELMIRA"},"geometry":{"type":"Polygon","coordinates":[[[-75.62710510113818,6.785645120276666],[-75.58548395442489,6.6753323375354086],[-75.65403643136442,6.65426135656236],[-75.56467338106825,6.53031440966207],[-75.64546737174699,6.494369795060987],[-75.72626136242572,6.798039814966694],[-75.62710510113818,6.785645120276666]]]}},{"type":"Feature","properties":{"DPTO_CCDGO":"05","MPIO_CCNCT":"05079","MPIO_CNMBR":"BARBOSA"},"geometry":{"type":"Polygon","coordinates":[[[-75.26353214308388,6.508003959220019],[-75.24149741835332,6.447269955238877],[-75.40430955108471,6.3654649702846875],[-75.44837900054583,6.436114730017852],[-75.26353214308388,6.508003959220019]]]}},{"type":"Feature","properties":{"DPTO_CCDGO":"05","MPIO_CCNCT":"05059","MPIO_CNMBR":"ARMENIA"},"geometry":{"type":"Polygon","coordinates":[[[-75.85479725668733,6.2464759012604105],[-75.74707193578236,6.146078874271176],[-75.85479725668733,6.10021850391807],[-75.85479725668733,6.2464759012604105]]]}},{"type":"Feature","properties":{"DPTO_CCDGO":"05","MPIO_CCNCT":"05055","MPIO_CNMBR":"ARGELIA"},"geometry":{"type":"Polygon","coordinates":[[[-74.88037276304685,5.745730235783244],[-75.06889207463057,5.662685781360052],[-75.23537666148371,5.676319945519083],[-75.09827170760465,5.759364399942276],[-74.88037276304685,5.745730235783244]]]}},{"type":"Feature","properties":{"DPTO_CCDGO":"05","MPIO_CCNCT":"05051","MPIO_CNMBR":"ARBOLETES"},"geometry":{"type":"Polygon","coordinates":[[[-76.41301028319495,8.874151175546528],[-76.25509475595925,8.594031075551875],[-76.32854383839445,8.446534208740532],[-76.43382085655159,8.450252617147541],[-76.57092581043065,8.581636380861847],[-76.45095897578648,8.689470224665097],[-76.48645936563015,8.818375049441396],[-76.41301028319495,8.874151175546528]]]}},{"type":"Feature","properties":{"DPTO_CCDGO":"05","MPIO_CCNCT":"05044","MPIO_CNMBR":"ANZA"},"geometry":{"type":"Polygon","coordinates":[[[-75.83153838058286,6.397691176478762],[-75.8523489539395,6.248954840198415],[-75.93314294461823,6.21672863400434],[-75.98822975644464,6.344393989311637],[-75.83153838058286,6.397691176478762]]]}},{"type":"Feature","properties":{"DPTO_CCDGO":"05","MPIO_CCNCT":"05042","MPIO_CNMBR":"ANTIOQUIA"},"geometry":{"type":"Polygon","coordinates":[[[-75.82296932096541,6.641866661872331],[-75.81929686684364,6.410085871168791],[-75.90498746301806,6.39645170700976],[-76.03841996277536,6.504285550813011],[-76.00781617842736,6.634429845058314],[-75.82296932096541,6.641866661872331]]]}},{"type":"Feature","properties":{"DPTO_CCDGO":"05","MPIO_CCNCT":"05040","MPIO_CNMBR":"ANORI"},"geometry":{"type":"Polygon","coordinates":[[[-74.89016597403821,7.392985160088079],[-75.08480604249154,6.9653681932820835],[-75.22435929911843,6.933141987088009],[-75.31739480353637,7.213262087082661],[-75.04563319852609,7.423971896813152],[-74.89016597403821,7.392985160088079]]]}},{"type":"Feature","properties":{"DPTO_CCDGO":"05","MPIO_CCNCT":"05038","MPIO_CNMBR":"ANGOSTURA"},"geometry":{"type":"Polygon","coordinates":[[[-75.24272156972724,6.9269446397429935],[-75.28801517056229,6.821589734877749],[-75.49000014725911,6.773250425586637],[-75.33575707414516,6.945536681778037],[-75.24272156972724,6.9269446397429935]]]}},{"type":"Feature","properties":{"DPTO_CCDGO":"05","MPIO_CCNCT":"05036","MPIO_CNMBR":"ANGELOPOLIS"},"geometry":{"type":"Polygon","coordinates":[[[-75.67974361021675,6.163431446837217],[-75.67729530746891,6.087823809228041],[-75.74707193578236,6.069231767192997],[-75.76665835776508,6.134923649050151],[-75.67974361021675,6.163431446837217]]]}},{"type":"Feature","properties":{"DPTO_CCDGO":"05","MPIO_CCNCT":"05034","MPIO_CNMBR":"ANDES"},"geometry":{"type":"Polygon","coordinates":[[[-75.87315952729614,5.775477503039314],[-75.8095036558523,5.655248964546034],[-75.90621161439199,5.48172323888563],[-76.07392035261906,5.677559414988085],[-75.90621161439199,5.697390926492131],[-75.87315952729614,5.775477503039314]]]}},{"type":"Feature","properties":{"DPTO_CCDGO":"05","MPIO_CCNCT":"05031","MPIO_CNMBR":"AMALFI"},"geometry":{"type":"Polygon","coordinates":[[[-74.9134248501427,7.287630255222833],[-74.84242407045534,7.133936041066477],[-74.8767003089251,6.848858063195813],[-74.92076975838623,6.750939975144584],[-75.02604677654335,6.833984429567778],[-75.10928906996993,6.781926711869657],[-75.17049663866594,6.905873658769945],[-74.9134248501427,7.287630255222833]]]}},{"type":"Feature","properties":{"DPTO_CCDGO":"05","MPIO_CCNCT":"05030","MPIO_CNMBR":"AMAGA"},"geometry":{"type":"Polygon","coordinates":[[[-75.66995039922539,5.998582007459833],[-75.76665835776508,5.999821476928837],[-75.74707193578236,6.069231767192997],[-75.67729530746891,6.087823809228041],[-75.66995039922539,5.998582007459833]]]}},{"type":"Feature","properties":{"DPTO_CCDGO":"05","MPIO_CCNCT":"05021","MPIO_CNMBR":"ALEJANDRIA"},"geometry":{"type":"Polygon","coordinates":[[[-74.98687393257791,6.385296481788734],[-75.11663397821346,6.30225202736554],[-75.17049663866594,6.297294149489529],[-75.14478945981362,6.411325340637793],[-74.98687393257791,6.385296481788734]]]}},{"type":"Feature","properties":{"DPTO_CCDGO":"05","MPIO_CCNCT":"05004","MPIO_CNMBR":"ABRIAQUI"},"geometry":{"type":"Polygon","coordinates":[[[-76.01148863254912,6.6468245397483425],[-76.05800638475809,6.506764489751015],[-76.17674906802834,6.679050745942417],[-76.08738601773217,6.754658383551593],[-76.01148863254912,6.6468245397483425]]]}},{"type":"Feature","properties":{"DPTO_CCDGO":"05","MPIO_CCNCT":"05002","MPIO_CNMBR":"ABEJORRAL"},"geometry":{"type":"Polygon","coordinates":[[[-75.48143108764168,5.934129595071683],[-75.26842874857957,5.853564079586496],[-75.47898278489383,5.663925250829054],[-75.5561043214508,5.724659254810195],[-75.53406959672024,5.8597614269315095],[-75.48143108764168,5.934129595071683]]]}},{"type":"Feature","properties":{"DPTO_CCDGO":"05","MPIO_CCNCT":"05895","MPIO_CNMBR":"ZARAGOZA"},"geometry":{"type":"Polygon","coordinates":[[[-74.60738700666265,7.386787812743064],[-74.91587315289054,7.264080335311778],[-74.89016597403821,7.392985160088079],[-74.99421884082143,7.3942246295570815],[-75.07990943699585,7.515692637519365],[-74.78244065313324,7.725162977780853],[-74.82038934572476,7.588821336190534],[-74.75795762565484,7.459916511414235],[-74.60738700666265,7.386787812743064]]]}},{"type":"Feature","properties":{"DPTO_CCDGO":"05","MPIO_CCNCT":"05893","MPIO_CNMBR":"YONDO-CASABE"},"geometry":{"type":"Polygon","coordinates":[[[-73.91574148039774,7.295067072036851],[-73.89737920978894,6.986439174255132],[-74.36010842913078,6.6319509061203075],[-74.45191978217478,6.754658383551593],[-74.38091900248742,6.910831536645956],[-73.91574148039774,7.295067072036851]]]}},{"type":"Feature","properties":{"DPTO_CCDGO":"05","MPIO_CCNCT":"05890","MPIO_CNMBR":"YOLOMBO"},"geometry":{"type":"Polygon","coordinates":[[[-75.02604677654335,6.833984429567778],[-74.91220069876879,6.636908783996319],[-74.49721338300984,6.700121726915466],[-74.83875161633357,6.509243428689022],[-75.20722117988355,6.555103799042129],[-75.10928906996993,6.781926711869657],[-75.02604677654335,6.833984429567778]]]}},{"type":"Feature","properties":{"DPTO_CCDGO":"05","MPIO_CCNCT":"05887","MPIO_CNMBR":"YARUMAL"},"geometry":{"type":"Polygon","coordinates":[[[-75.3014808356754,7.226896251241692],[-75.33575707414516,6.945536681778037],[-75.49000014725911,6.773250425586637],[-75.6589330368601,7.028581136201231],[-75.53529374809416,6.990157582662141],[-75.3014808356754,7.226896251241692]]]}},{"type":"Feature","properties":{"DPTO_CCDGO":"05","MPIO_CCNCT":"05885","MPIO_CNMBR":"YALI"},"geometry":{"type":"Polygon","coordinates":[[[-74.57923152506248,6.781926711869657],[-74.5804556764364,6.705079604791477],[-74.80080292374204,6.641866661872331],[-74.95014939136031,6.706319074260481],[-74.57923152506248,6.781926711869657]]]}},{"type":"Feature","properties":{"DPTO_CCDGO":"05","MPIO_CCNCT":"05861","MPIO_CNMBR":"VENECIA"},"geometry":{"type":"Polygon","coordinates":[[[-75.85602140806125,5.937848003478692],[-75.69933003219947,5.981229434893793],[-75.77522741738252,5.88083240790456],[-75.85602140806125,5.937848003478692]]]}},{"type":"Feature","properties":{"DPTO_CCDGO":"05","MPIO_CCNCT":"05858","MPIO_CNMBR":"VEGACHI"},"geometry":{"type":"Polygon","coordinates":[[[-74.57923152506248,6.781926711869657],[-74.83507916221181,6.732347933109541],[-74.92076975838623,6.750939975144584],[-74.83752746495965,6.991397052131145],[-74.82161349709868,6.868689574699859],[-74.63309418551498,6.924465700804989],[-74.57923152506248,6.781926711869657]]]}},{"type":"Feature","properties":{"DPTO_CCDGO":"05","MPIO_CCNCT":"05856","MPIO_CNMBR":"VALPARAISO"},"geometry":{"type":"Polygon","coordinates":[[[-75.64179491762522,5.75688546100427],[-75.58058734892921,5.605670185785918],[-75.67607115609499,5.598233368971901],[-75.64179491762522,5.75688546100427]]]}},{"type":"Feature","properties":{"DPTO_CCDGO":"05","MPIO_CCNCT":"05854","MPIO_CNMBR":"VALDIVIA"},"geometry":{"type":"Polygon","coordinates":[[[-75.29658423017972,7.229375190179699],[-75.47163787665032,7.049652117174279],[-75.44470654642407,7.249206701683745],[-75.51448317473752,7.373153648584033],[-75.27454950544916,7.388027282212068],[-75.29658423017972,7.229375190179699]]]}},{"type":"Feature","properties":{"DPTO_CCDGO":"05","MPIO_CCNCT":"05842","MPIO_CNMBR":"URAMITA"},"geometry":{"type":"Polygon","coordinates":[[[-75.96497088034016,6.9802418269101185],[-76.1559384946717,6.824068673815754],[-76.2465256963418,6.877365860982879],[-76.15349019192386,6.977762887972112],[-75.96497088034016,6.9802418269101185]]]}},{"type":"Feature","properties":{"DPTO_CCDGO":"05","MPIO_CCNCT":"05837","MPIO_CNMBR":"TURBO"},"geometry":{"type":"Polygon","coordinates":[[[-76.94288751268907,8.113065544605952],[-76.8830844107803,8.043706631314594],[-76.92225725474574,7.917280745476299],[-76.74842775964909,7.92223862335231],[-76.7741349385014,8.266811135735113],[-76.56602920493498,8.400673838387425],[-76.44483821891687,8.372166040600359],[-76.40321707220359,8.463886781306572],[-76.40199292082967,8.10196169635773],[-76.53297711783912,7.963141115829407],[-76.80473872284941,7.868941436185187],[-76.8096353283451,7.668147382206719],[-76.64437489286587,7.468592797697255],[-76.93572291985888,7.583863458314523],[-77.12301808006866,7.789615390169002],[-76.94288751268907,8.113065544605952]]]}},{"type":"Feature","properties":{"DPTO_CCDGO":"05","MPIO_CCNCT":"05819","MPIO_CNMBR":"TOLEDO"},"geometry":{"type":"Polygon","coordinates":[[[-75.76543420639116,7.062046811864308],[-75.6589330368601,7.028581136201231],[-75.73605457341708,6.9269446397429935],[-75.76543420639116,7.062046811864308]]]}},{"type":"Feature","properties":{"DPTO_CCDGO":"05","MPIO_CCNCT":"05809","MPIO_CNMBR":"TITIRIBI"},"geometry":{"type":"Polygon","coordinates":[[[-75.76665835776508,6.134923649050151],[-75.76665835776508,5.999821476928837],[-75.84133159157422,6.008497763211857],[-75.85479725668733,6.10021850391807],[-75.76665835776508,6.134923649050151]]]}},{"type":"Feature","properties":{"DPTO_CCDGO":"05","MPIO_CCNCT":"05792","MPIO_CNMBR":"TARSO"},"geometry":{"type":"Polygon","coordinates":[[[-75.77522741738252,5.88083240790456],[-75.82052101821758,5.821337873392421],[-75.88540104103534,5.906861266753619],[-75.85602140806125,5.937848003478692],[-75.77522741738252,5.88083240790456]]]}},{"type":"Feature","properties":{"DPTO_CCDGO":"05","MPIO_CCNCT":"05790","MPIO_CNMBR":"TARAZA"},"geometry":{"type":"Polygon","coordinates":[[[-75.16560003317026,7.355801076017993],[-75.29658423017972,7.229375190179699],[-75.27454950544916,7.388027282212068],[-75.56834583519002,7.3805904653980505],[-75.60139792228586,7.5900608056595384],[-75.48510354176344,7.736318203001879],[-75.16560003317026,7.355801076017993]]]}},{"type":"Feature","properties":{"DPTO_CCDGO":"05","MPIO_CCNCT":"05789","MPIO_CNMBR":"TAMESIS"},"geometry":{"type":"Polygon","coordinates":[[[-75.6405707662513,5.761843338880283],[-75.67607115609499,5.598233368971901],[-75.71401984868652,5.547415120742782],[-75.80705535310445,5.65400949507703],[-75.6405707662513,5.761843338880283]]]}},{"type":"Feature","properties":{"DPTO_CCDGO":"05","MPIO_CCNCT":"05761","MPIO_CNMBR":"SOPETRAN"},"geometry":{"type":"Polygon","coordinates":[[[-75.65036397724266,6.501806611875004],[-75.73238211929532,6.490651386653978],[-75.81929686684364,6.410085871168791],[-75.71769230280827,6.635669314527316],[-75.65036397724266,6.501806611875004]]]}},{"type":"Feature","properties":{"DPTO_CCDGO":"05","MPIO_CCNCT":"05756","MPIO_CNMBR":"SONSON"},"geometry":{"type":"Polygon","coordinates":[[[-74.6404390937585,5.8597614269315095],[-74.73959535504603,5.699869865430138],[-75.23660081285763,5.725898724279197],[-75.31617065216244,5.4594127884435775],[-75.42389597306743,5.696151457023129],[-75.26842874857957,5.853564079586496],[-75.05542640951745,5.919255961443648],[-75.05420225814352,5.751927583128259],[-74.84364822182926,5.9266927782576655],[-74.6404390937585,5.8597614269315095]]]}},{"type":"Feature","properties":{"DPTO_CCDGO":"05","MPIO_CCNCT":"05736","MPIO_CNMBR":"SEGOVIA"},"geometry":{"type":"Polygon","coordinates":[[[-74.35766012638292,7.472311206104264],[-74.38826391073094,7.266559274249785],[-74.71021572207195,7.0707230981473295],[-74.91587315289054,7.264080335311778],[-74.56086925445368,7.42769030522016],[-74.49109262614023,7.343406381327963],[-74.35766012638292,7.472311206104264]]]}},{"type":"Feature","properties":{"DPTO_CCDGO":"05","MPIO_CCNCT":"05697","MPIO_CNMBR":"SANTUARIO"},"geometry":{"type":"Polygon","coordinates":[[[-75.30760159254501,6.143599935333171],[-75.16682418454418,6.101457973387072],[-75.26842874857957,6.056837072502969],[-75.30760159254501,6.143599935333171]]]}},{"type":"Feature","properties":{"DPTO_CCDGO":"05","MPIO_CCNCT":"05690","MPIO_CNMBR":"SANTO DOMINGO"},"geometry":{"type":"Polygon","coordinates":[[[-75.26353214308388,6.508003959220019],[-75.01992601967376,6.538990695945092],[-75.09704755623073,6.463383058335914],[-75.03339168478688,6.4175226879828084],[-75.24149741835332,6.447269955238877],[-75.26353214308388,6.508003959220019]]]}},{"type":"Feature","properties":{"DPTO_CCDGO":"05","MPIO_CCNCT":"05686","MPIO_CNMBR":"SANTA ROSA DE OSOS"},"geometry":{"type":"Polygon","coordinates":[[[-75.49000014725911,6.773250425586637],[-75.37860237223238,6.773250425586637],[-75.20722117988355,6.555103799042129],[-75.45817221153719,6.516680245503039],[-75.64301906899914,6.869929044168861],[-75.57569074343353,6.893478964079916],[-75.49000014725911,6.773250425586637]]]}},{"type":"Feature","properties":{"DPTO_CCDGO":"05","MPIO_CCNCT":"05679","MPIO_CNMBR":"SANTA BARBARA"},"geometry":{"type":"Polygon","coordinates":[[[-75.5916047112945,6.00601882427385],[-75.53406959672024,5.8597614269315095],[-75.5561043214508,5.724659254810195],[-75.61976019289466,5.801506361888375],[-75.5916047112945,6.00601882427385]]]}},{"type":"Feature","properties":{"DPTO_CCDGO":"05","MPIO_CCNCT":"05306","MPIO_CNMBR":"GIRALDO"},"geometry":{"type":"Polygon","coordinates":[[[-75.88050443553966,6.645585070279338],[-75.93069464187039,6.622035150368285],[-76.01148863254912,6.6468245397483425],[-75.95885012347055,6.726150585764527],[-75.88050443553966,6.645585070279338]]]}},{"type":"Feature","properties":{"DPTO_CCDGO":"05","MPIO_CCNCT":"05282","MPIO_CNMBR":"FREDONIA"},"geometry":{"type":"Polygon","coordinates":[[[-75.69933003219947,5.981229434893793],[-75.63567416075563,5.966355801265758],[-75.6405707662513,5.761843338880283],[-75.77522741738252,5.88083240790456],[-75.69933003219947,5.981229434893793]]]}},{"type":"Feature","properties":{"DPTO_CCDGO":"05","MPIO_CCNCT":"05266","MPIO_CNMBR":"ENVIGADO"},"geometry":{"type":"Polygon","coordinates":[[[-75.58303565167705,6.189460305686277],[-75.47531033077207,6.158473568961206],[-75.59038055992058,6.1126131986080985],[-75.58303565167705,6.189460305686277]]]}},{"type":"Feature","properties":{"DPTO_CCDGO":"05","MPIO_CCNCT":"05264","MPIO_CNMBR":"ENTRERRIOS"},"geometry":{"type":"Polygon","coordinates":[[[-75.45817221153719,6.516680245503039],[-75.56467338106825,6.53031440966207],[-75.65403643136442,6.65426135656236],[-75.54263865633769,6.679050745942417],[-75.45817221153719,6.516680245503039]]]}},{"type":"Feature","properties":{"DPTO_CCDGO":"05","MPIO_CCNCT":"05250","MPIO_CNMBR":"EL BAGRE"},"geometry":{"type":"Polygon","coordinates":[[[-74.56086925445368,7.968098993705418],[-74.50823074537512,7.723923508311849],[-74.60738700666265,7.386787812743064],[-74.75795762565484,7.459916511414235],[-74.82038934572476,7.588821336190534],[-74.76407838252443,7.674344729551734],[-74.82038934572476,7.940830665387354],[-74.6343183368889,7.901167642379262],[-74.56086925445368,7.968098993705418]]]}},{"type":"Feature","properties":{"DPTO_CCDGO":"05","MPIO_CCNCT":"05240","MPIO_CNMBR":"EBEJICO"},"geometry":{"type":"Polygon","coordinates":[[[-75.71769230280827,6.360507092408676],[-75.71034739456475,6.258870595950439],[-75.8523489539395,6.248954840198415],[-75.81929686684364,6.410085871168791],[-75.71769230280827,6.360507092408676]]]}},{"type":"Feature","properties":{"DPTO_CCDGO":"05","MPIO_CCNCT":"05237","MPIO_CNMBR":"DON MATIAS"},"geometry":{"type":"Polygon","coordinates":[[[-75.2096694826314,6.553864329573125],[-75.39574049146727,6.441072607893863],[-75.48877599588519,6.429917382672837],[-75.42634427581527,6.543948573821103],[-75.2096694826314,6.553864329573125]]]}},{"type":"Feature","properties":{"DPTO_CCDGO":"05","MPIO_CCNCT":"05212","MPIO_CNMBR":"COPACABANA"},"geometry":{"type":"Polygon","coordinates":[[[-75.45082730329366,6.334478233559615],[-75.52182808298105,6.2886178632065075],[-75.48877599588519,6.429917382672837],[-75.45082730329366,6.334478233559615]]]}},{"type":"Feature","properties":{"DPTO_CCDGO":"05","MPIO_CCNCT":"05209","MPIO_CNMBR":"CONCORDIA"},"geometry":{"type":"Polygon","coordinates":[[[-75.84133159157422,6.165910385775222],[-75.84867649981774,5.956440045513736],[-75.9441603069835,5.9787504959557864],[-75.99679881606208,6.077908053476017],[-75.84133159157422,6.165910385775222]]]}},{"type":"Feature","properties":{"DPTO_CCDGO":"05","MPIO_CCNCT":"05206","MPIO_CNMBR":"CONCEPCION"},"geometry":{"type":"Polygon","coordinates":[[[-75.14478945981362,6.411325340637793],[-75.18273815240515,6.284899454799499],[-75.3063774411711,6.391493829133747],[-75.24149741835332,6.447269955238877],[-75.14478945981362,6.411325340637793]]]}},{"type":"Feature","properties":{"DPTO_CCDGO":"05","MPIO_CCNCT":"05197","MPIO_CNMBR":"COCORNA"},"geometry":{"type":"Polygon","coordinates":[[[-75.16682418454418,6.101457973387072],[-75.05542640951745,5.919255961443648],[-75.16560003317026,5.873395591090542],[-75.13622040019618,5.940326942416698],[-75.26842874857957,6.056837072502969],[-75.16682418454418,6.101457973387072]]]}},{"type":"Feature","properties":{"DPTO_CCDGO":"05","MPIO_CCNCT":"05190","MPIO_CNMBR":"CISNEROS"},"geometry":{"type":"Polygon","coordinates":[[[-75.0346158361608,6.537751226476088],[-75.13622040019618,6.547666982228112],[-75.09337510210898,6.582372127360193],[-75.0346158361608,6.537751226476088]]]}},{"type":"Feature","properties":{"DPTO_CCDGO":"05","MPIO_CCNCT":"05172","MPIO_CNMBR":"CHIGORODO"},"geometry":{"type":"Polygon","coordinates":[[[-76.49135597112584,7.72020509990484],[-76.50237333349112,7.555355660527457],[-76.64437489286587,7.468592797697255],[-76.8096353283451,7.668147382206719],[-76.8096353283451,7.771023348133959],[-76.49135597112584,7.72020509990484]]]}},{"type":"Feature","properties":{"DPTO_CCDGO":"05","MPIO_CCNCT":"05154","MPIO_CNMBR":"CAUCASIA"},"geometry":{"type":"Polygon","coordinates":[[[-74.80569952923773,7.784657512292991],[-74.8411999190814,7.668147382206719],[-75.01992601967376,7.581384519376517],[-75.03339168478688,7.771023348133959],[-75.16437588179635,7.800770615390029],[-75.21579023950099,7.944549073794363],[-75.29413592743188,7.89125188662724],[-75.3369812255191,7.948267482201372],[-75.22068684499668,8.066017081756646],[-74.9134248501427,8.099482757419723],[-74.92321806113407,7.809446901673049],[-74.80569952923773,7.784657512292991]]]}},{"type":"Feature","properties":{"DPTO_CCDGO":"05","MPIO_CCNCT":"05150","MPIO_CNMBR":"CAROLINA"},"geometry":{"type":"Polygon","coordinates":[[[-75.28679101918836,6.677811276473415],[-75.37860237223238,6.773250425586637],[-75.28801517056229,6.821589734877749],[-75.23048005598804,6.793081937090683],[-75.28679101918836,6.677811276473415]]]}},{"type":"Feature","properties":{"DPTO_CCDGO":"05","MPIO_CCNCT":"05148","MPIO_CNMBR":"CARMEN DE VIBORAL"},"geometry":{"type":"Polygon","coordinates":[[[-75.30760159254501,6.143599935333171],[-75.13622040019618,5.940326942416698],[-75.16560003317026,5.873395591090542],[-75.26842874857957,5.853564079586496],[-75.38717143184982,6.058076541971971],[-75.30760159254501,6.143599935333171]]]}},{"type":"Feature","properties":{"DPTO_CCDGO":"05","MPIO_CCNCT":"05147","MPIO_CNMBR":"CAREPA"},"geometry":{"type":"Polygon","coordinates":[[[-76.75332436514476,7.878857191937211],[-76.54889108570009,7.771023348133959],[-76.4644246408996,7.870180905654189],[-76.49135597112584,7.72020509990484],[-76.8096353283451,7.771023348133959],[-76.75332436514476,7.878857191937211]]]}},{"type":"Feature","properties":{"DPTO_CCDGO":"05","MPIO_CCNCT":"05145","MPIO_CNMBR":"CARAMANTA"},"geometry":{"type":"Polygon","coordinates":[[[-75.58058734892921,5.605670185785918],[-75.57691489480744,5.516428384017711],[-75.71401984868652,5.547415120742782],[-75.67607115609499,5.598233368971901],[-75.58058734892921,5.605670185785918]]]}},{"type":"Feature","properties":{"DPTO_CCDGO":"05","MPIO_CCNCT":"05142","MPIO_CNMBR":"CARACOLI"},"geometry":{"type":"Polygon","coordinates":[[[-74.83752746495965,6.433635791079846],[-74.63309418551498,6.2749836990474765],[-74.71266402481979,6.240278553915395],[-74.83752746495965,6.433635791079846]]]}},{"type":"Feature","properties":{"DPTO_CCDGO":"05","MPIO_CCNCT":"05138","MPIO_CNMBR":"CAÑASGORDAS"},"geometry":{"type":"Polygon","coordinates":[[[-75.95395351797487,6.966607662751086],[-75.95885012347055,6.726150585764527],[-76.01148863254912,6.6468245397483425],[-76.12166225620194,6.851337002133818],[-75.95395351797487,6.966607662751086]]]}},{"type":"Feature","properties":{"DPTO_CCDGO":"05","MPIO_CCNCT":"05134","MPIO_CNMBR":"CAMPAMENTO"},"geometry":{"type":"Polygon","coordinates":[[[-75.22435929911843,6.933141987088009],[-75.33575707414516,6.945536681778037],[-75.31739480353637,7.213262087082661],[-75.22435929911843,7.037257422484251],[-75.22435929911843,6.933141987088009]]]}},{"type":"Feature","properties":{"DPTO_CCDGO":"05","MPIO_CCNCT":"05129","MPIO_CNMBR":"CALDAS"},"geometry":{"type":"Polygon","coordinates":[[[-75.67729530746891,6.087823809228041],[-75.57324244068569,6.0989790344490675],[-75.61363943602505,5.9787504959557864],[-75.67729530746891,6.087823809228041]]]}},{"type":"Feature","properties":{"DPTO_CCDGO":"05","MPIO_CCNCT":"05125","MPIO_CNMBR":"CAICEDO"},"geometry":{"type":"Polygon","coordinates":[[[-76.03841996277536,6.504285550813011],[-75.94293615560959,6.458425180459903],[-75.90498746301806,6.39645170700976],[-76.04209241689713,6.377859664974716],[-76.03841996277536,6.504285550813011]]]}},{"type":"Feature","properties":{"DPTO_CCDGO":"05","MPIO_CCNCT":"05674","MPIO_CNMBR":"SAN VICENTE"},"geometry":{"type":"Polygon","coordinates":[[[-75.3063774411711,6.391493829133747],[-75.24272156972724,6.322083538869586],[-75.3798265236063,6.232841737101378],[-75.40430955108471,6.3654649702846875],[-75.3063774411711,6.391493829133747]]]}},{"type":"Feature","properties":{"DPTO_CCDGO":"05","MPIO_CCNCT":"05670","MPIO_CNMBR":"SAN ROQUE"},"geometry":{"type":"Polygon","coordinates":[[[-74.83875161633357,6.509243428689022],[-74.79345801549852,6.3134072525865665],[-75.09704755623073,6.463383058335914],[-75.01992601967376,6.538990695945092],[-74.83875161633357,6.509243428689022]]]}},{"type":"Feature","properties":{"DPTO_CCDGO":"05","MPIO_CCNCT":"05667","MPIO_CNMBR":"SAN RAFAEL"},"geometry":{"type":"Polygon","coordinates":[[[-74.82773425396829,6.338196641966624],[-75.05787471226529,6.209291817190323],[-75.11785812958738,6.235320676039384],[-74.98687393257791,6.385296481788734],[-74.82773425396829,6.338196641966624]]]}},{"type":"Feature","properties":{"DPTO_CCDGO":"05","MPIO_CCNCT":"05665","MPIO_CNMBR":"SAN PEDRO DE URABA"},"geometry":{"type":"Polygon","coordinates":[[[-76.25509475595925,8.594031075551875],[-76.18042152215011,8.399434368918422],[-76.40199292082967,8.10196169635773],[-76.40321707220359,8.463886781306572],[-76.32854383839445,8.446534208740532],[-76.25509475595925,8.594031075551875]]]}},{"type":"Feature","properties":{"DPTO_CCDGO":"05","MPIO_CCNCT":"05664","MPIO_CNMBR":"SAN PEDRO"},"geometry":{"type":"Polygon","coordinates":[[[-75.46062051428503,6.511722367627028],[-75.53284544534633,6.389014890195742],[-75.66260549098186,6.40512799329278],[-75.64546737174699,6.494369795060987],[-75.46062051428503,6.511722367627028]]]}},{"type":"Feature","properties":{"DPTO_CCDGO":"05","MPIO_CCNCT":"05660","MPIO_CNMBR":"SAN LUIS"},"geometry":{"type":"Polygon","coordinates":[[[-75.06154716638704,6.1274868322361336],[-74.76897498802012,5.9936241295838215],[-75.0101328086824,5.925453308788663],[-75.08480604249154,6.020892457901885],[-75.06154716638704,6.1274868322361336]]]}},{"type":"Feature","properties":{"DPTO_CCDGO":"05","MPIO_CCNCT":"05659","MPIO_CNMBR":"SAN JUAN DE URABA"},"geometry":{"type":"Polygon","coordinates":[[[-76.56602920493498,8.611383648117915],[-76.6284609250049,8.72045696139017],[-76.48645936563015,8.818375049441396],[-76.45095897578648,8.689470224665097],[-76.56602920493498,8.611383648117915]]]}},{"type":"Feature","properties":{"DPTO_CCDGO":"05","MPIO_CCNCT":"05658","MPIO_CNMBR":"SAN JOSE DE LA MONTAÑA"},"geometry":{"type":"Polygon","coordinates":[[[-75.64301906899914,6.869929044168861],[-75.62710510113818,6.785645120276666],[-75.66750209647755,6.753418914082591],[-75.73360627066924,6.805476631780712],[-75.64301906899914,6.869929044168861]]]}},{"type":"Feature","properties":{"DPTO_CCDGO":"05","MPIO_CCNCT":"05656","MPIO_CNMBR":"SAN JERONIMO"},"geometry":{"type":"Polygon","coordinates":[[[-75.65036397724266,6.501806611875004],[-75.66872624785147,6.372901787098705],[-75.71769230280827,6.360507092408676],[-75.7801240228782,6.420001626920815],[-75.65036397724266,6.501806611875004]]]}},{"type":"Feature","properties":{"DPTO_CCDGO":"05","MPIO_CCNCT":"05652","MPIO_CNMBR":"SAN FRANCISCO"},"geometry":{"type":"Polygon","coordinates":[[[-74.84364822182926,5.9266927782576655],[-74.95014939136031,5.781674850384329],[-75.05420225814352,5.751927583128259],[-75.06889207463057,5.999821476928837],[-75.0101328086824,5.925453308788663],[-74.84364822182926,5.9266927782576655]]]}},{"type":"Feature","properties":{"DPTO_CCDGO":"05","MPIO_CCNCT":"05649","MPIO_CNMBR":"SAN CARLOS"},"geometry":{"type":"Polygon","coordinates":[[[-74.79345801549852,6.3134072525865665],[-74.71266402481979,6.240278553915395],[-74.91954560701231,6.043202908343938],[-75.12153058370913,6.2316022676323755],[-74.79345801549852,6.3134072525865665]]]}},{"type":"Feature","properties":{"DPTO_CCDGO":"05","MPIO_CCNCT":"05647","MPIO_CNMBR":"SAN ANDRES"},"geometry":{"type":"Polygon","coordinates":[[[-75.57569074343353,6.893478964079916],[-75.69810588082555,6.887281616734901],[-75.76421005501724,6.78812405921467],[-75.6589330368601,7.028581136201231],[-75.57569074343353,6.893478964079916]]]}},{"type":"Feature","properties":{"DPTO_CCDGO":"05","MPIO_CCNCT":"05642","MPIO_CNMBR":"SALGAR"},"geometry":{"type":"Polygon","coordinates":[[[-75.998022967436,6.069231767192997],[-75.84867649981774,5.956440045513736],[-75.91478067400942,5.863479835338518],[-76.09717922872353,6.0035398853358455],[-75.998022967436,6.069231767192997]]]}},{"type":"Feature","properties":{"DPTO_CCDGO":"05","MPIO_CCNCT":"05628","MPIO_CNMBR":"SABANALARGA"},"geometry":{"type":"Polygon","coordinates":[[[-75.76543420639116,7.062046811864308],[-75.76421005501724,6.78812405921467],[-75.8707112245483,6.784405650807662],[-75.76543420639116,7.062046811864308]]]}},{"type":"Feature","properties":{"DPTO_CCDGO":"05","MPIO_CCNCT":"05615","MPIO_CNMBR":"RIONEGRO"},"geometry":{"type":"Polygon","coordinates":[[[-75.32718801452774,6.224165450818358],[-75.38717143184982,6.058076541971971],[-75.44470654642407,6.059316011440975],[-75.48632769313735,6.205573408783314],[-75.32718801452774,6.224165450818358]]]}},{"type":"Feature","properties":{"DPTO_CCDGO":"05","MPIO_CCNCT":"05607","MPIO_CNMBR":"RETIRO"},"geometry":{"type":"Polygon","coordinates":[[[-75.47531033077207,6.158473568961206],[-75.45817221153719,6.001060946397839],[-75.56222507832041,5.975032087548778],[-75.57324244068569,6.0989790344490675],[-75.47531033077207,6.158473568961206]]]}},{"type":"Feature","properties":{"DPTO_CCDGO":"05","MPIO_CCNCT":"05604","MPIO_CNMBR":"REMEDIOS"},"geometry":{"type":"Polygon","coordinates":[[[-74.28421104394772,7.0087496246971845],[-74.49721338300984,6.700121726915466],[-74.5804556764364,6.705079604791477],[-74.57188661681897,6.8612527578858415],[-74.63309418551498,6.924465700804989],[-74.82161349709868,6.868689574699859],[-74.85833803831629,7.0471731782362745],[-74.84242407045534,7.133936041066477],[-74.71021572207195,7.0707230981473295],[-74.38826391073094,7.266559274249785],[-74.35521182363509,7.009989094166187],[-74.28421104394772,7.0087496246971845]]]}},{"type":"Feature","properties":{"DPTO_CCDGO":"05","MPIO_CCNCT":"05591","MPIO_CNMBR":"PUERTO TRIUNFO"},"geometry":{"type":"Polygon","coordinates":[[[-74.6404390937585,5.8597614269315095],[-74.84364822182926,5.9266927782576655],[-74.56699001132328,6.058076541971971],[-74.6404390937585,5.8597614269315095]]]}},{"type":"Feature","properties":{"DPTO_CCDGO":"05","MPIO_CCNCT":"05585","MPIO_CNMBR":"PUERTO NARE-LA MAGDALENA"},"geometry":{"type":"Polygon","coordinates":[[[-74.63309418551498,6.2749836990474765],[-74.53393792422744,6.268786351702461],[-74.61228361215834,6.1262473627671294],[-74.56699001132328,6.058076541971971],[-74.76897498802012,5.9936241295838215],[-74.91954560701231,6.043202908343938],[-74.63309418551498,6.2749836990474765]]]}},{"type":"Feature","properties":{"DPTO_CCDGO":"05","MPIO_CCNCT":"05579","MPIO_CNMBR":"PUERTO BERRIO"},"geometry":{"type":"Polygon","coordinates":[[[-74.36010842913078,6.6319509061203075],[-74.45069563080087,6.331999294621609],[-74.63309418551498,6.2749836990474765],[-74.71756063031548,6.39645170700976],[-74.60861115803657,6.581132657891189],[-74.45191978217478,6.754658383551593],[-74.36010842913078,6.6319509061203075]]]}},{"type":"Feature","properties":{"DPTO_CCDGO":"05","MPIO_CCNCT":"05576","MPIO_CNMBR":"PUEBLORRICO"},"geometry":{"type":"Polygon","coordinates":[[[-75.88540104103534,5.906861266753619],[-75.82052101821758,5.821337873392421],[-75.83643498607853,5.729617132686206],[-75.91478067400942,5.847366732241481],[-75.88540104103534,5.906861266753619]]]}},{"type":"Feature","properties":{"DPTO_CCDGO":"05","MPIO_CCNCT":"05543","MPIO_CNMBR":"PEQUE"},"geometry":{"type":"Polygon","coordinates":[[[-75.77522741738252,7.04593370876727],[-75.84500404569597,6.871168513637864],[-75.98210899957503,7.001312807883167],[-75.94538445835744,7.185993758764598],[-75.88540104103534,7.221938373365681],[-75.87928028416574,7.115343999031433],[-75.77522741738252,7.04593370876727]]]}},{"type":"Feature","properties":{"DPTO_CCDGO":"05","MPIO_CCNCT":"05541","MPIO_CNMBR":"PEÑOL"},"geometry":{"type":"Polygon","coordinates":[[[-75.24272156972724,6.322083538869586],[-75.16315173042243,6.172107733120237],[-75.2525147807186,6.170868263651235],[-75.28434271644052,6.258870595950439],[-75.24272156972724,6.322083538869586]]]}},{"type":"Feature","properties":{"DPTO_CCDGO":"05","MPIO_CCNCT":"05501","MPIO_CNMBR":"OLAYA"},"geometry":{"type":"Polygon","coordinates":[[[-75.82296932096541,6.641866661872331],[-75.71769230280827,6.635669314527316],[-75.80093459623485,6.537751226476088],[-75.82296932096541,6.641866661872331]]]}},{"type":"Feature","properties":{"DPTO_CCDGO":"05","MPIO_CCNCT":"05495","MPIO_CNMBR":"NECHI"},"geometry":{"type":"Polygon","coordinates":[[[-74.83018255671612,8.199879784408957],[-74.56086925445368,7.968098993705418],[-74.6343183368889,7.901167642379262],[-74.82038934572476,7.940830665387354],[-74.80569952923773,7.784657512292991],[-74.92321806113407,7.809446901673049],[-74.9134248501427,8.099482757419723],[-74.83018255671612,8.199879784408957]]]}},{"type":"Feature","properties":{"DPTO_CCDGO":"05","MPIO_CCNCT":"05490","MPIO_CNMBR":"NECOCLI"},"geometry":{"type":"Polygon","coordinates":[[[-76.6284609250049,8.72045696139017],[-76.44483821891687,8.372166040600359],[-76.56602920493498,8.400673838387425],[-76.7741349385014,8.266811135735113],[-76.75822097064045,8.391997552104405],[-76.92715386024143,8.541973357853754],[-76.88553271352815,8.622538873338941],[-76.6284609250049,8.72045696139017]]]}},{"type":"Feature","properties":{"DPTO_CCDGO":"05","MPIO_CCNCT":"05483","MPIO_CNMBR":"NARIÑO"},"geometry":{"type":"Polygon","coordinates":[[[-75.2831185650666,5.475525891540615],[-75.23537666148371,5.676319945519083],[-75.06889207463057,5.662685781360052],[-75.13254794607442,5.5412177733977686],[-75.2831185650666,5.475525891540615]]]}},{"type":"Feature","properties":{"DPTO_CCDGO":"05","MPIO_CCNCT":"05480","MPIO_CNMBR":"MUTATA"},"geometry":{"type":"Polygon","coordinates":[[[-76.50237333349112,7.555355660527457],[-76.21837021474164,7.150049144163514],[-76.48523521425624,7.135175510535479],[-76.6823235854574,7.467353328228253],[-76.50237333349112,7.555355660527457]]]}},{"type":"Feature","properties":{"DPTO_CCDGO":"05","MPIO_CCNCT":"05467","MPIO_CNMBR":"MONTEBELLO"},"geometry":{"type":"Polygon","coordinates":[[[-75.56222507832041,5.975032087548778],[-75.48143108764168,5.934129595071683],[-75.48632769313735,5.870916652152536],[-75.53406959672024,5.8597614269315095],[-75.56222507832041,5.975032087548778]]]}},{"type":"Feature","properties":{"DPTO_CCDGO":"05","MPIO_CCNCT":"05440","MPIO_CNMBR":"MARINILLA"},"geometry":{"type":"Polygon","coordinates":[[[-75.28434271644052,6.258870595950439],[-75.2525147807186,6.170868263651235],[-75.35167104200613,6.144839404802173],[-75.32718801452774,6.224165450818358],[-75.28434271644052,6.258870595950439]]]}},{"type":"Feature","properties":{"DPTO_CCDGO":"05","MPIO_CCNCT":"05425","MPIO_CNMBR":"MACEO"},"geometry":{"type":"Polygon","coordinates":[[[-74.56086925445368,6.638148253465323],[-74.71756063031548,6.39645170700976],[-74.81182028610732,6.462143588866912],[-74.73469874955035,6.603443108333241],[-74.56086925445368,6.638148253465323]]]}},{"type":"Feature","properties":{"DPTO_CCDGO":"05","MPIO_CCNCT":"05411","MPIO_CNMBR":"LIBORINA"},"geometry":{"type":"Polygon","coordinates":[[[-75.73360627066924,6.805476631780712],[-75.72014060555611,6.651782417624354],[-75.82296932096541,6.641866661872331],[-75.8707112245483,6.784405650807662],[-75.73360627066924,6.805476631780712]]]}},{"type":"Feature","properties":{"DPTO_CCDGO":"05","MPIO_CCNCT":"05400","MPIO_CNMBR":"LA UNION"},"geometry":{"type":"Polygon","coordinates":[[[-75.28434271644052,5.873395591090542],[-75.41532691344999,5.901903388877608],[-75.36024010162357,6.030808213653907],[-75.28434271644052,5.873395591090542]]]}},{"type":"Feature","properties":{"DPTO_CCDGO":"05","MPIO_CCNCT":"05390","MPIO_CNMBR":"LA PINTADA"},"geometry":{"type":"Polygon","coordinates":[[[-75.56956998656393,5.724659254810195],[-75.59894961953802,5.681277823395094],[-75.61976019289466,5.801506361888375],[-75.56956998656393,5.724659254810195]]]}},{"type":"Feature","properties":{"DPTO_CCDGO":"05","MPIO_CCNCT":"05376","MPIO_CNMBR":"LA CEJA"},"geometry":{"type":"Polygon","coordinates":[[[-75.50836241786791,5.960158453920744],[-75.36024010162357,6.030808213653907],[-75.41532691344999,5.901903388877608],[-75.50836241786791,5.960158453920744]]]}},{"type":"Feature","properties":{"DPTO_CCDGO":"05","MPIO_CCNCT":"05368","MPIO_CNMBR":"JERICO"},"geometry":{"type":"Polygon","coordinates":[[[-75.66505379372971,5.800266892419371],[-75.74462363303452,5.733335541093215],[-75.8095036558523,5.655248964546034],[-75.82052101821758,5.821337873392421],[-75.76053760089547,5.873395591090542],[-75.66505379372971,5.800266892419371]]]}},{"type":"Feature","properties":{"DPTO_CCDGO":"05","MPIO_CCNCT":"05364","MPIO_CNMBR":"JARDIN"},"geometry":{"type":"Polygon","coordinates":[[[-75.87315952729614,5.636656922510991],[-75.72993381654747,5.563528223839821],[-75.90621161439199,5.48172323888563],[-75.87315952729614,5.636656922510991]]]}},{"type":"Feature","properties":{"DPTO_CCDGO":"05","MPIO_CCNCT":"05360","MPIO_CNMBR":"ITAGUI"},"geometry":{"type":"Polygon","coordinates":[[[-75.58303565167705,6.189460305686277],[-75.62588094976425,6.153515691085193],[-75.64791567449483,6.172107733120237],[-75.58303565167705,6.189460305686277]]]}},{"type":"Feature","properties":{"DPTO_CCDGO":"05","MPIO_CCNCT":"05353","MPIO_CNMBR":"HISPANIA"},"geometry":{"type":"Polygon","coordinates":[[[-75.91478067400942,5.847366732241481],[-75.89274594927886,5.754406522066265],[-75.9551776693488,5.797787953481366],[-75.91478067400942,5.847366732241481]]]}},{"type":"Feature","properties":{"DPTO_CCDGO":"05","MPIO_CCNCT":"05347","MPIO_CNMBR":"HELICONIA"},"geometry":{"type":"Polygon","coordinates":[[[-75.8095036558523,6.2601100654194415],[-75.6944334267038,6.19441818356229],[-75.74707193578236,6.146078874271176],[-75.8095036558523,6.2601100654194415]]]}},{"type":"Feature","properties":{"DPTO_CCDGO":"05","MPIO_CCNCT":"05321","MPIO_CNMBR":"GUATAPE"},"geometry":{"type":"Polygon","coordinates":[[[-75.11663397821346,6.30225202736554],[-75.16315173042243,6.172107733120237],[-75.18273815240515,6.284899454799499],[-75.11663397821346,6.30225202736554]]]}},{"type":"Feature","properties":{"DPTO_CCDGO":"05","MPIO_CCNCT":"05318","MPIO_CNMBR":"GUARNE"},"geometry":{"type":"Polygon","coordinates":[[[-75.40675785383254,6.348112397718646],[-75.3798265236063,6.232841737101378],[-75.48632769313735,6.205573408783314],[-75.5010175096244,6.297294149489529],[-75.40675785383254,6.348112397718646]]]}},{"type":"Feature","properties":{"DPTO_CCDGO":"05","MPIO_CCNCT":"05315","MPIO_CNMBR":"GUADALUPE"},"geometry":{"type":"Polygon","coordinates":[[[-75.17049663866594,6.905873658769945],[-75.23048005598804,6.793081937090683],[-75.28801517056229,6.821589734877749],[-75.24272156972724,6.9269446397429935],[-75.17049663866594,6.905873658769945]]]}},{"type":"Feature","properties":{"DPTO_CCDGO":"05","MPIO_CCNCT":"05313","MPIO_CNMBR":"GRANADA"},"geometry":{"type":"Polygon","coordinates":[[[-75.12153058370913,6.2316022676323755],[-75.08480604249154,6.020892457901885],[-75.23292835873588,6.163431446837217],[-75.12153058370913,6.2316022676323755]]]}},{"type":"Feature","properties":{"DPTO_CCDGO":"05","MPIO_CCNCT":"05310","MPIO_CNMBR":"GOMEZ PLATA"},"geometry":{"type":"Polygon","coordinates":[[[-75.18151400103123,6.8463791242578065],[-75.12275473508305,6.657979764969369],[-75.19742796889219,6.574935310546175],[-75.28679101918836,6.677811276473415],[-75.18151400103123,6.8463791242578065]]]}},{"type":"Feature","properties":{"DPTO_CCDGO":"05","MPIO_CCNCT":"05308","MPIO_CNMBR":"GIRARDOTA"},"geometry":{"type":"Polygon","coordinates":[[[-75.44837900054583,6.436114730017852],[-75.45082730329366,6.334478233559615],[-75.48877599588519,6.429917382672837],[-75.44837900054583,6.436114730017852]]]}},{"type":"Feature","properties":{"DPTO_CCDGO":"05","MPIO_CCNCT":"05234","MPIO_CNMBR":"DABEIBA"},"geometry":{"type":"Polygon","coordinates":[[[-76.39587216396006,7.1872332282336],[-75.96619503171408,7.13145710212847],[-75.98210899957503,7.001312807883167],[-76.289370994429,6.8996763114249315],[-76.31507817328134,6.774489895055639],[-76.40811367769926,6.850097532664815],[-76.43014840242984,6.743503158330567],[-76.60152959477865,6.714995360543501],[-76.52563220959561,7.105428243279409],[-76.39587216396006,7.1872332282336]]]}},{"type":"Feature","properties":{"DPTO_CCDGO":"05","MPIO_CCNCT":"05284","MPIO_CNMBR":"FRONTINO"},"geometry":{"type":"Polygon","coordinates":[[[-76.12166225620194,6.851337002133818],[-76.16205925154131,6.592287883112215],[-76.31752647602917,6.505525020282013],[-76.3799581960991,6.5935273525812175],[-76.48401106288232,6.496848733998993],[-76.56358090218713,6.566259024263154],[-76.57704656730026,6.695163849039455],[-76.43014840242984,6.743503158330567],[-76.40811367769926,6.850097532664815],[-76.31507817328134,6.774489895055639],[-76.289370994429,6.8996763114249315],[-76.12166225620194,6.851337002133818]]]}},{"type":"Feature","properties":{"DPTO_CCDGO":"05","MPIO_CCNCT":"05361","MPIO_CNMBR":"ITUANGO"},"geometry":{"type":"Polygon","coordinates":[[[-75.74217533028667,7.612371256101589],[-75.60139792228586,7.5900608056595384],[-75.56834583519002,7.3805904653980505],[-75.44470654642407,7.249206701683745],[-75.77522741738252,7.04593370876727],[-75.87928028416574,7.115343999031433],[-75.88540104103534,7.221938373365681],[-75.96619503171408,7.13145710212847],[-76.21837021474164,7.150049144163514],[-76.38118234747303,7.391745690619077],[-75.84500404569597,7.347124789734972],[-75.74217533028667,7.612371256101589]]]}},{"type":"Feature","properties":{"DPTO_CCDGO":"05","MPIO_CCNCT":"05847","MPIO_CNMBR":"URRAO"},"geometry":{"type":"Polygon","coordinates":[[[-76.16205925154131,6.592287883112215],[-75.98822975644464,6.344393989311637],[-76.04821317376673,6.261349534888446],[-75.998022967436,6.069231767192997],[-76.09717922872353,6.0035398853358455],[-76.15961094879347,6.0035398853358455],[-76.2465256963418,6.204333939314312],[-76.52318390684776,6.219207572942347],[-76.56358090218713,6.566259024263154],[-76.48401106288232,6.496848733998993],[-76.3799581960991,6.5935273525812175],[-76.31752647602917,6.505525020282013],[-76.16205925154131,6.592287883112215]]]}},{"type":"Feature","properties":{"DPTO_CCDGO":"05","MPIO_CCNCT":"05475","MPIO_CNMBR":"MURINDO"},"geometry":{"type":"Polygon","coordinates":[[[-76.54766693432617,7.002552277352169],[-76.57337411317849,6.63319037558931],[-76.84880817231054,6.659219234438371],[-76.91736064925007,6.784405650807662],[-76.79372136048413,6.86497116629285],[-76.82432514483213,7.005031216290176],[-76.54766693432617,7.002552277352169]]]}},{"type":"Feature","properties":{"DPTO_CCDGO":"05","MPIO_CCNCT":"05873","MPIO_CNMBR":"VIGIA DEL FUERTE"},"geometry":{"type":"Polygon","coordinates":[[[-76.90022253001518,6.829026551691767],[-76.84880817231054,6.659219234438371],[-76.57337411317849,6.63319037558931],[-76.52318390684776,6.219207572942347],[-76.44483821891687,6.168389324713228],[-76.71537567255324,6.170868263651235],[-76.77780739262317,6.489411917184976],[-76.95408519046768,6.6753323375354086],[-76.97244746107648,6.798039814966694],[-76.90022253001518,6.829026551691767]]]}},{"type":"Feature","properties":{"DPTO_CCDGO":"05","MPIO_CCNCT":"05045","MPIO_CNMBR":"APARTADO"},"geometry":{"type":"Polygon","coordinates":[[[-76.42525179693415,8.073453898570664],[-76.4215793428124,7.912322867600288],[-76.54889108570009,7.771023348133959],[-76.75332436514476,7.878857191937211],[-76.42525179693415,8.073453898570664]]]}},{"type":"Feature","properties":{"DPTO_CCDGO":"27","MPIO_CCNCT":"27615","MPIO_CNMBR":"RIOSUCIO"},"geometry":{"type":"Polygon","coordinates":[[[-77.3127615430263,7.897449233972253],[-77.09853505259026,7.92223862335231],[-77.12301808006866,7.789615390169002],[-76.93572291985888,7.583863458314523],[-76.6823235854574,7.467353328228253],[-76.48523521425624,7.135175510535479],[-76.5856156269177,7.136414980004481],[-76.7618934247622,7.3136591140718945],[-76.98713727756352,7.291348663629842],[-77.39233138233111,6.936860395495017],[-77.36295174935702,6.8079555707187165],[-77.4584355565228,6.8228292043467516],[-77.5196431252188,6.731108463640538],[-77.60166126727147,7.205825270268644],[-77.73631791840269,7.385548343274062],[-77.74243867527228,7.678063137958743],[-77.56860918017561,7.508255820705347],[-77.3127615430263,7.897449233972253]]]}},{"type":"Feature","properties":{"DPTO_CCDGO":"27","MPIO_CCNCT":"27001","MPIO_CNMBR":"QUIBDO"},"geometry":{"type":"Polygon","coordinates":[[[-76.79127305773629,6.341915050373633],[-76.71537567255324,6.170868263651235],[-76.94061952535455,6.1411209963951645],[-76.98346482344176,6.03576609152992],[-76.83779080994526,5.811422117640397],[-76.2098011551242,6.184502427810266],[-76.19266303588931,5.91181914462963],[-76.37628574197734,5.723419785341193],[-76.6517198011094,5.629220105696973],[-76.99448218580704,5.732096071624213],[-77.12301808006866,6.096500095511061],[-77.03487918114641,6.294815210551523],[-76.9014466813891,6.239039084446393],[-76.79127305773629,6.341915050373633]]]}},{"type":"Feature","properties":{"DPTO_CCDGO":"27","MPIO_CCNCT":"27006","MPIO_CNMBR":"ACANDI"},"geometry":{"type":"Polygon","coordinates":[[[-77.07772447923362,8.317629383964231],[-77.3494860842439,8.296558402991183],[-77.44986649690536,8.499831395907655],[-77.34458947874822,8.644849323780994],[-77.07772447923362,8.317629383964231]]]}},{"type":"Feature","properties":{"DPTO_CCDGO":"27","MPIO_CCNCT":"27025","MPIO_CNMBR":"ALTO BAUDO (PIE DE PATO)"},"geometry":{"type":"Polygon","coordinates":[[[-77.14015619930355,6.037005560998923],[-76.94918858497199,5.667643659236063],[-76.96877500695471,5.49039952516865],[-76.87573950253679,5.513949445079705],[-76.93205046573712,5.287126532252177],[-77.26012303394772,5.428426051718505],[-77.13770789655571,5.848606201710483],[-77.2895026669218,6.00601882427385],[-77.14015619930355,6.037005560998923]]]}},{"type":"Feature","properties":{"DPTO_CCDGO":"27","MPIO_CCNCT":"27050","MPIO_CNMBR":"ATRATO (YUTO)"},"geometry":{"type":"Polygon","coordinates":[[[-76.47544200326487,5.687475170740109],[-76.5856156269177,5.548654590211786],[-76.56970165905673,5.450736502160558],[-76.6823235854574,5.433383929594518],[-76.67865113133563,5.651530556139026],[-76.47544200326487,5.687475170740109]]]}},{"type":"Feature","properties":{"DPTO_CCDGO":"27","MPIO_CCNCT":"27073","MPIO_CNMBR":"BAGADO"},"geometry":{"type":"Polygon","coordinates":[[[-76.07392035261906,5.677559414988085],[-76.00904032980128,5.567246632246828],[-76.08861016910609,5.447018093753549],[-76.4044412235775,5.359015761454344],[-76.31630232465525,5.527583609238736],[-76.07392035261906,5.677559414988085]]]}},{"type":"Feature","properties":{"DPTO_CCDGO":"27","MPIO_CCNCT":"27075","MPIO_CNMBR":"BAHIA SOLANO (MUTIS)"},"geometry":{"type":"Polygon","coordinates":[[[-77.36295174935702,6.8079555707187165],[-77.3127615430263,6.767053078241622],[-77.37029665760055,6.729868994171536],[-77.30908908890453,6.5513853906351205],[-77.3372445705047,6.424959504796826],[-77.22217434135621,6.136163118519153],[-77.33357211638294,5.989905721176813],[-77.4829185840012,6.1931787140932855],[-77.409469501566,6.227883859225367],[-77.3250030567655,6.548906451697114],[-77.4829185840012,6.697642787977461],[-77.36295174935702,6.8079555707187165]]]}},{"type":"Feature","properties":{"DPTO_CCDGO":"27","MPIO_CCNCT":"27077","MPIO_CNMBR":"BAJO BAUDO (PIZARRO)"},"geometry":{"type":"Polygon","coordinates":[[[-77.26869209356516,5.506512628265687],[-77.19157055700819,5.380086742427393],[-76.93205046573712,5.287126532252177],[-77.2466573688346,5.088811417211716],[-76.97734406657216,4.917764630489318],[-76.9369470712328,4.775225641553986],[-77.15851846991235,4.5260922782844055],[-77.06058635999874,4.4727950911172805],[-77.19034640563427,4.443047823861212],[-77.32622720813941,4.569473709699507],[-77.38988307958327,5.44329968534654],[-77.52331557934058,5.505273158796685],[-77.26869209356516,5.506512628265687]]]}},{"type":"Feature","properties":{"DPTO_CCDGO":"27","MPIO_CCNCT":"27099","MPIO_CNMBR":"BOJAYA (BELLAVISTA)"},"geometry":{"type":"Polygon","coordinates":[[[-76.79127305773629,6.341915050373633],[-76.9014466813891,6.239039084446393],[-77.03487918114641,6.294815210551523],[-77.14015619930355,6.037005560998923],[-77.27603700180869,6.028329274715903],[-77.22217434135621,6.136163118519153],[-77.37029665760055,6.729868994171536],[-77.18667395151252,6.83522389903678],[-76.91368819512832,6.8463791242578065],[-76.95408519046768,6.6753323375354086],[-76.77780739262317,6.489411917184976],[-76.79127305773629,6.341915050373633]]]}},{"type":"Feature","properties":{"DPTO_CCDGO":"27","MPIO_CCNCT":"27135","MPIO_CNMBR":"EL CANTON DEL SAN PABLO (MAN."},"geometry":{"type":"Polygon","coordinates":[[[-76.72149642942284,5.422228704373492],[-76.65661640660507,5.268534490217133],[-76.84146326406702,5.268534490217133],[-76.87573950253679,5.513949445079705],[-76.72149642942284,5.422228704373492]]]}},{"type":"Feature","properties":{"DPTO_CCDGO":"27","MPIO_CCNCT":"27150","MPIO_CNMBR":"CARMEN DEL DARIEN"},"geometry":{"type":"Polygon","coordinates":[[[-76.52563220959561,7.105428243279409],[-76.54766693432617,7.002552277352169],[-76.82432514483213,7.005031216290176],[-76.79372136048413,6.86497116629285],[-76.90022253001518,6.829026551691767],[-77.3127615430263,6.767053078241622],[-77.40334874469639,6.871168513637864],[-76.98713727756352,7.291348663629842],[-76.7618934247622,7.3136591140718945],[-76.52563220959561,7.105428243279409]]]}},{"type":"Feature","properties":{"DPTO_CCDGO":"27","MPIO_CCNCT":"27160","MPIO_CNMBR":"CERTEGUI"},"geometry":{"type":"Polygon","coordinates":[[[-76.33588874663798,5.428426051718505],[-76.5978571406569,5.2734923680931445],[-76.72149642942284,5.422228704373492],[-76.43504500792551,5.4742864220716125],[-76.33588874663798,5.428426051718505]]]}},{"type":"Feature","properties":{"DPTO_CCDGO":"27","MPIO_CCNCT":"27205","MPIO_CNMBR":"CONDOTO"},"geometry":{"type":"Polygon","coordinates":[[[-76.29059514580293,5.1259955012818015],[-76.43014840242984,5.095008764556729],[-76.49747672799545,4.985935451284476],[-76.7068066129358,4.990893329160487],[-76.67742697996171,5.108642928715762],[-76.36037177411637,5.128474440219808],[-76.36037177411637,5.197884730483969],[-76.29059514580293,5.1259955012818015]]]}},{"type":"Feature","properties":{"DPTO_CCDGO":"27","MPIO_CCNCT":"27245","MPIO_CNMBR":"EL CARMEN"},"geometry":{"type":"Polygon","coordinates":[[[-76.09717922872353,6.0035398853358455],[-76.08738601773217,5.6887146402091116],[-76.37628574197734,5.723419785341193],[-76.15961094879347,6.0035398853358455],[-76.09717922872353,6.0035398853358455]]]}},{"type":"Feature","properties":{"DPTO_CCDGO":"27","MPIO_CCNCT":"27250","MPIO_CNMBR":"EL LITORAL DEL SAN JUAN"},"geometry":{"type":"Polygon","coordinates":[[[-77.06058635999874,4.4727950911172805],[-76.54889108570009,4.337692918995966],[-76.45463142990823,4.229859075192715],[-76.49870087936937,4.063770166346329],[-76.68109943408348,3.964612608826098],[-77.35315853836566,4.197632868998641],[-77.44986649690536,4.038980776966271],[-77.5245397307145,4.257127403510779],[-77.42293516667911,4.286874670766849],[-77.32622720813941,4.569473709699507],[-77.19034640563427,4.443047823861212],[-77.06058635999874,4.4727950911172805]]]}},{"type":"Feature","properties":{"DPTO_CCDGO":"27","MPIO_CCNCT":"27361","MPIO_CNMBR":"ISTMINA"},"geometry":{"type":"Polygon","coordinates":[[[-76.84146326406702,5.268534490217133],[-76.53542542058696,5.217716241988015],[-76.7251688835446,5.116079745529779],[-76.85982553467582,4.930159325179346],[-76.86594629154543,4.719449515448856],[-76.96387840145904,4.692181187130792],[-76.92103310337183,4.604178854831588],[-76.65294395248331,4.491387133152324],[-76.63702998462234,4.381074350411067],[-77.15851846991235,4.5260922782844055],[-76.9369470712328,4.775225641553986],[-76.97734406657216,4.917764630489318],[-76.7973938146059,5.086332478273709],[-76.84146326406702,5.268534490217133]]]}},{"type":"Feature","properties":{"DPTO_CCDGO":"27","MPIO_CCNCT":"27372","MPIO_CNMBR":"JURADO"},"geometry":{"type":"Polygon","coordinates":[[[-77.37152080897447,6.8079555707187165],[-77.53310879033194,6.6988822574464635],[-77.71061073955036,6.879844799920885],[-77.66286883596747,7.000073338414165],[-77.88321608327311,7.2182199649586725],[-77.79262888160301,7.4611559808832375],[-77.71061073955036,7.4995795344223275],[-77.73631791840269,7.385548343274062],[-77.60166126727147,7.205825270268644],[-77.5196431252188,6.731108463640538],[-77.4584355565228,6.8228292043467516],[-77.37152080897447,6.8079555707187165]]]}},{"type":"Feature","properties":{"DPTO_CCDGO":"27","MPIO_CCNCT":"27413","MPIO_CNMBR":"LLORO"},"geometry":{"type":"Polygon","coordinates":[[[-76.37628574197734,5.723419785341193],[-76.14002452681075,5.655248964546034],[-76.33588874663798,5.428426051718505],[-76.56970165905673,5.450736502160558],[-76.5856156269177,5.548654590211786],[-76.37628574197734,5.723419785341193]]]}},{"type":"Feature","properties":{"DPTO_CCDGO":"27","MPIO_CCNCT":"27425","MPIO_CNMBR":"MEDIO ATRATO (BETE)"},"geometry":{"type":"Polygon","coordinates":[[[-76.2465256963418,6.204333939314312],[-76.58683977829162,5.909340205691626],[-76.83779080994526,5.811422117640397],[-76.98346482344176,6.03576609152992],[-76.94061952535455,6.1411209963951645],[-76.2465256963418,6.204333939314312]]]}},{"type":"Feature","properties":{"DPTO_CCDGO":"27","MPIO_CCNCT":"27430","MPIO_CNMBR":"MEDIO BAUDO (PUERTO MELUK)"},"geometry":{"type":"Polygon","coordinates":[[[-76.86104968604974,5.38752355924141],[-76.7973938146059,5.086332478273709],[-76.88063610803246,4.945032958807381],[-76.97734406657216,4.917764630489318],[-77.23074340097364,5.033035291106586],[-77.15851846991235,5.186729505262942],[-76.86104968604974,5.38752355924141]]]}},{"type":"Feature","properties":{"DPTO_CCDGO":"27","MPIO_CCNCT":"27450","MPIO_CNMBR":"MEDIO SAN JUAN"},"geometry":{"type":"Polygon","coordinates":[[[-76.6823235854574,5.127234970750804],[-76.68599603957915,4.932638264117351],[-76.84268741544093,4.751675721642931],[-76.65294395248331,4.491387133152324],[-76.92103310337183,4.604178854831588],[-76.96387840145904,4.692181187130792],[-76.86594629154543,4.719449515448856],[-76.85982553467582,4.930159325179346],[-76.6823235854574,5.127234970750804]]]}},{"type":"Feature","properties":{"DPTO_CCDGO":"27","MPIO_CCNCT":"27491","MPIO_CNMBR":"NOVITA"},"geometry":{"type":"Polygon","coordinates":[[[-76.44361406754295,5.026837943761571],[-76.63090922775274,4.657476041998711],[-76.84268741544093,4.751675721642931],[-76.7068066129358,4.990893329160487],[-76.44361406754295,5.026837943761571]]]}},{"type":"Feature","properties":{"DPTO_CCDGO":"27","MPIO_CCNCT":"27495","MPIO_CNMBR":"NUQUI"},"geometry":{"type":"Polygon","coordinates":[[[-77.26869209356516,5.506512628265687],[-77.52331557934058,5.505273158796685],[-77.26379548806949,5.715982968527175],[-77.2895026669218,6.00601882427385],[-77.13770789655571,5.848606201710483],[-77.26869209356516,5.506512628265687]]]}},{"type":"Feature","properties":{"DPTO_CCDGO":"27","MPIO_CCNCT":"27580","MPIO_CNMBR":"RIO IRO"},"geometry":{"type":"Polygon","coordinates":[[[-76.3983204667079,5.266055551279127],[-76.36037177411637,5.128474440219808],[-76.6823235854574,5.127234970750804],[-76.3983204667079,5.266055551279127]]]}},{"type":"Feature","properties":{"DPTO_CCDGO":"27","MPIO_CCNCT":"27600","MPIO_CNMBR":"RIO QUITO (PAIMADO)"},"geometry":{"type":"Polygon","coordinates":[[[-76.67865113133563,5.651530556139026],[-76.6823235854574,5.433383929594518],[-76.91491234650223,5.538738834459762],[-76.96877500695471,5.49039952516865],[-76.94918858497199,5.667643659236063],[-76.67865113133563,5.651530556139026]]]}},{"type":"Feature","properties":{"DPTO_CCDGO":"27","MPIO_CCNCT":"27660","MPIO_CNMBR":"SAN JOSE DEL PALMAR"},"geometry":{"type":"Polygon","coordinates":[[[-76.13267961856722,5.183011096855935],[-76.06045468750592,5.132192848626817],[-76.13880037543683,4.840917523411138],[-76.46320048952568,4.749196782704924],[-76.43014840242984,5.095008764556729],[-76.13267961856722,5.183011096855935]]]}},{"type":"Feature","properties":{"DPTO_CCDGO":"27","MPIO_CCNCT":"27745","MPIO_CNMBR":"SIPI"},"geometry":{"type":"Polygon","coordinates":[[[-76.3126298705335,4.750436252173927],[-76.36526837961206,4.492626602621327],[-76.54889108570009,4.337692918995966],[-76.84268741544093,4.751675721642931],[-76.63090922775274,4.657476041998711],[-76.50849409036073,4.796296622527034],[-76.3126298705335,4.750436252173927]]]}},{"type":"Feature","properties":{"DPTO_CCDGO":"27","MPIO_CCNCT":"27787","MPIO_CNMBR":"TADO"},"geometry":{"type":"Polygon","coordinates":[[[-76.13267961856722,5.183011096855935],[-76.29059514580293,5.1259955012818015],[-76.3983204667079,5.266055551279127],[-76.6284609250049,5.21523730305001],[-76.49380427387368,5.337944780481296],[-76.19143888451539,5.414791887559474],[-76.13267961856722,5.183011096855935]]]}},{"type":"Feature","properties":{"DPTO_CCDGO":"27","MPIO_CCNCT":"27800","MPIO_CNMBR":"UNGUIA"},"geometry":{"type":"Polygon","coordinates":[[[-77.07772447923362,8.317629383964231],[-76.97979236932,8.255655910514088],[-76.93817122260671,8.068496020694651],[-77.07527617648577,7.8478704552121386],[-77.29807172653925,8.276726891487137],[-77.07772447923362,8.317629383964231]]]}},{"type":"Feature","properties":{"DPTO_CCDGO":"27","MPIO_CCNCT":"27810","MPIO_CNMBR":"UNION PANAMERICANA (LAS ANIMAS"},"geometry":{"type":"Polygon","coordinates":[[[-76.5978571406569,5.2734923680931445],[-76.70435831018796,5.2449845703060785],[-76.68599603957915,5.399918253931439],[-76.61377110851787,5.357776291985342],[-76.5978571406569,5.2734923680931445]]]}},{"type":"Feature","properties":{"DPTO_CCDGO":"52","MPIO_CCNCT":"52835","MPIO_CNMBR":"TUMACO"},"geometry":{"type":"MultiPolygon","coordinates":[[[[-78.5337083184849,1.969596165374137],[-78.53446461419865,1.9703062332004553],[-78.51732649496377,2.0347586455886058],[-78.5337083184849,1.969596165374137]]],[[[-78.56384424717274,2.432628345138532],[-78.5001883757289,2.2776946615131717],[-78.55649933892921,2.193410737620975],[-78.7009492010518,2.2144817185940244],[-78.56384424717274,2.432628345138532]]]]}},{"type":"Feature","properties":{"DPTO_CCDGO":"23","MPIO_CCNCT":"23001","MPIO_CNMBR":"MONTERIA"},"geometry":{"type":"Polygon","coordinates":[[[-76.08738601773217,8.941082526872682],[-75.79358968799133,8.79854353793735],[-75.68219191296458,8.582875850330849],[-75.66872624785147,8.32134779237124],[-75.85357310531342,8.271769013611125],[-76.21837021474164,8.444055269802526],[-76.25142230183748,8.611383648117915],[-76.12043810482803,8.722935900328174],[-76.1791973707762,8.898940564926585],[-76.08738601773217,8.941082526872682]]]}},{"type":"Feature","properties":{"DPTO_CCDGO":"23","MPIO_CCNCT":"23068","MPIO_CNMBR":"AYAPEL"},"geometry":{"type":"Polygon","coordinates":[[[-75.00278790043888,8.522141846349708],[-74.78121650175932,8.277966360956139],[-74.9134248501427,8.099482757419723],[-75.1680483359181,8.052382917597614],[-75.32473971177988,8.140385249896818],[-75.12765134057874,8.468844659182583],[-75.00278790043888,8.522141846349708]]]}},{"type":"Feature","properties":{"DPTO_CCDGO":"23","MPIO_CCNCT":"23079","MPIO_CNMBR":"BUENAVISTA"},"geometry":{"type":"Polygon","coordinates":[[[-75.24639402384899,8.327545139716255],[-75.38961973459766,8.018917241934536],[-75.57324244068569,8.099482757419723],[-75.58793225717274,8.254416441045084],[-75.35411934475397,8.375884449007367],[-75.24639402384899,8.327545139716255]]]}},{"type":"Feature","properties":{"DPTO_CCDGO":"23","MPIO_CCNCT":"23090","MPIO_CNMBR":"CANALETE"},"geometry":{"type":"Polygon","coordinates":[[[-76.26856042107237,8.825811866255414],[-76.12043810482803,8.722935900328174],[-76.25142230183748,8.611383648117915],[-76.36404422823814,8.709301736169143],[-76.26856042107237,8.825811866255414]]]}},{"type":"Feature","properties":{"DPTO_CCDGO":"23","MPIO_CCNCT":"23162","MPIO_CNMBR":"CERETE"},"geometry":{"type":"Polygon","coordinates":[[[-75.71769230280827,8.974548202535761],[-75.79358968799133,8.79854353793735],[-76.0518856278885,8.9485193436867],[-75.82786592646109,8.903898442802596],[-75.71769230280827,8.974548202535761]]]}},{"type":"Feature","properties":{"DPTO_CCDGO":"23","MPIO_CCNCT":"23168","MPIO_CNMBR":"CHIMA"},"geometry":{"type":"Polygon","coordinates":[[[-75.60017377091194,9.238555199433375],[-75.59038055992058,9.037761145454908],[-75.71034739456475,8.984463958287783],[-75.73972702753883,9.113368783064084],[-75.60017377091194,9.238555199433375]]]}},{"type":"Feature","properties":{"DPTO_CCDGO":"23","MPIO_CCNCT":"23182","MPIO_CNMBR":"CHINu"},"geometry":{"type":"Polygon","coordinates":[[[-75.22435929911843,9.073705760055992],[-75.1864106065269,8.91381419855462],[-75.55732847282472,8.970829794128752],[-75.3920680373455,9.15922915341719],[-75.22435929911843,9.073705760055992]]]}},{"type":"Feature","properties":{"DPTO_CCDGO":"23","MPIO_CCNCT":"23189","MPIO_CNMBR":"CIENAGA DE ORO"},"geometry":{"type":"Polygon","coordinates":[[[-75.59038055992058,9.037761145454908],[-75.5010175096244,8.61758099546293],[-75.5561043214508,8.601467892365893],[-75.71769230280827,8.860517011387495],[-75.71769230280827,8.974548202535761],[-75.59038055992058,9.037761145454908]]]}},{"type":"Feature","properties":{"DPTO_CCDGO":"23","MPIO_CCNCT":"23300","MPIO_CNMBR":"COTORRA (BONGO)"},"geometry":{"type":"Polygon","coordinates":[[[-75.84377989432205,9.04271902333092],[-75.72748551379964,9.067508412710977],[-75.79971044486092,9.00057706138482],[-75.84377989432205,9.04271902333092]]]}},{"type":"Feature","properties":{"DPTO_CCDGO":"23","MPIO_CCNCT":"23350","MPIO_CNMBR":"LA APARTADA (FRONTERA)"},"geometry":{"type":"Polygon","coordinates":[[[-75.1680483359181,8.052382917597614],[-75.30882574391893,7.947028012732369],[-75.38961973459766,8.018917241934536],[-75.32473971177988,8.140385249896818],[-75.1680483359181,8.052382917597614]]]}},{"type":"Feature","properties":{"DPTO_CCDGO":"23","MPIO_CCNCT":"23417","MPIO_CNMBR":"LORICA"},"geometry":{"type":"Polygon","coordinates":[[[-75.8645904676787,9.337712756953605],[-75.70912324319083,9.216244748991324],[-75.73972702753883,9.113368783064084],[-75.97231578858367,9.02536645076488],[-76.15471434329778,9.083621515808014],[-75.8645904676787,9.337712756953605]]]}},{"type":"Feature","properties":{"DPTO_CCDGO":"23","MPIO_CCNCT":"23419","MPIO_CNMBR":"LOS CORDOBAS"},"geometry":{"type":"Polygon","coordinates":[[[-76.1791973707762,8.898940564926585],[-76.14492113230642,8.79854353793735],[-76.26856042107237,8.825811866255414],[-76.36404422823814,8.709301736169143],[-76.41301028319495,8.874151175546528],[-76.3248713842727,8.936124648996671],[-76.1791973707762,8.898940564926585]]]}},{"type":"Feature","properties":{"DPTO_CCDGO":"23","MPIO_CCNCT":"23464","MPIO_CNMBR":"MOMIL"},"geometry":{"type":"Polygon","coordinates":[[[-75.6283292525121,9.35258639058164],[-75.60017377091194,9.238555199433375],[-75.68831266983419,9.162947561824199],[-75.6944334267038,9.310444428635543],[-75.6283292525121,9.35258639058164]]]}},{"type":"Feature","properties":{"DPTO_CCDGO":"23","MPIO_CCNCT":"23500","MPIO_CNMBR":"MOÑITOS"},"geometry":{"type":"Polygon","coordinates":[[[-76.07147204987122,9.198892176425282],[-76.15471434329778,9.083621515808014],[-76.19388718726323,9.110889844126078],[-76.09962753147138,9.314162837042552],[-76.07147204987122,9.198892176425282]]]}},{"type":"Feature","properties":{"DPTO_CCDGO":"23","MPIO_CCNCT":"23555","MPIO_CNMBR":"PLANETA RICA"},"geometry":{"type":"Polygon","coordinates":[[[-75.35411934475397,8.375884449007367],[-75.58793225717274,8.254416441045084],[-75.60751867915546,8.052382917597614],[-75.75196854127805,8.073453898570664],[-75.80093459623485,8.167653578214882],[-75.76665835776508,8.297797872460185],[-75.66872624785147,8.32134779237124],[-75.64179491762522,8.5618048693578],[-75.35411934475397,8.375884449007367]]]}},{"type":"Feature","properties":{"DPTO_CCDGO":"23","MPIO_CCNCT":"23570","MPIO_CNMBR":"PUEBLO NUEVO"},"geometry":{"type":"Polygon","coordinates":[[[-75.60384622503369,8.639891445904981],[-75.31861895491029,8.58783372820686],[-75.21334193675315,8.473802537058596],[-75.24639402384899,8.327545139716255],[-75.34310198238869,8.32134779237124],[-75.64179491762522,8.5618048693578],[-75.60384622503369,8.639891445904981]]]}},{"type":"Feature","properties":{"DPTO_CCDGO":"23","MPIO_CCNCT":"23574","MPIO_CNMBR":"PUERTO ESCONDIDO"},"geometry":{"type":"Polygon","coordinates":[[[-76.15471434329778,9.083621515808014],[-76.08738601773217,8.941082526872682],[-76.26611211832453,8.877869583953535],[-76.3248713842727,8.936124648996671],[-76.15471434329778,9.083621515808014]]]}},{"type":"Feature","properties":{"DPTO_CCDGO":"23","MPIO_CCNCT":"23586","MPIO_CNMBR":"PURISIMA"},"geometry":{"type":"Polygon","coordinates":[[[-75.64913982586874,9.362502146333664],[-75.70912324319083,9.216244748991324],[-75.77645156875644,9.215005279522321],[-75.70422663769516,9.372417902085687],[-75.64913982586874,9.362502146333664]]]}},{"type":"Feature","properties":{"DPTO_CCDGO":"23","MPIO_CCNCT":"23660","MPIO_CNMBR":"SAHAGUN"},"geometry":{"type":"Polygon","coordinates":[[[-75.2586355375882,8.895222156519576],[-75.36391255574533,8.829530274662423],[-75.31861895491029,8.58783372820686],[-75.47775863351991,8.589073197675864],[-75.55732847282472,8.970829794128752],[-75.45939636291111,9.005534939260833],[-75.2586355375882,8.895222156519576]]]}},{"type":"Feature","properties":{"DPTO_CCDGO":"23","MPIO_CCNCT":"23670","MPIO_CNMBR":"SAN ANDRES DE SOTAVENTO"},"geometry":{"type":"Polygon","coordinates":[[[-75.45694806016327,9.237315729964372],[-75.44837900054583,9.140637111382148],[-75.56834583519002,9.02164804235787],[-75.56100092694649,9.162947561824199],[-75.45694806016327,9.237315729964372]]]}},{"type":"Feature","properties":{"DPTO_CCDGO":"23","MPIO_CCNCT":"23672","MPIO_CNMBR":"SAN ANTERO"},"geometry":{"type":"Polygon","coordinates":[[[-75.70055418357339,9.412080925093779],[-75.77767572013036,9.284415569786482],[-75.8645904676787,9.337712756953605],[-75.86214216493086,9.424475619783808],[-75.70055418357339,9.412080925093779]]]}},{"type":"Feature","properties":{"DPTO_CCDGO":"23","MPIO_CCNCT":"23675","MPIO_CNMBR":"SAN BERNARDO DEL VIENTO"},"geometry":{"type":"Polygon","coordinates":[[[-75.86214216493086,9.424475619783808],[-75.8645904676787,9.337712756953605],[-76.07147204987122,9.198892176425282],[-76.09962753147138,9.314162837042552],[-75.86214216493086,9.424475619783808]]]}},{"type":"Feature","properties":{"DPTO_CCDGO":"23","MPIO_CCNCT":"23678","MPIO_CNMBR":"SAN CARLOS"},"geometry":{"type":"Polygon","coordinates":[[[-75.60384622503369,8.639891445904981],[-75.67851945884283,8.513465560066688],[-75.79358968799133,8.79854353793735],[-75.71769230280827,8.860517011387495],[-75.60384622503369,8.639891445904981]]]}},{"type":"Feature","properties":{"DPTO_CCDGO":"23","MPIO_CCNCT":"23682","MPIO_CNMBR":"SAN JOSE DE URE"},"geometry":{"type":"Polygon","coordinates":[[[-75.51081072061577,7.945788543263365],[-75.44837900054583,7.892491356096242],[-75.48510354176344,7.736318203001879],[-75.67239870197322,7.597497622473556],[-75.65403643136442,7.75862865344393],[-75.51081072061577,7.945788543263365]]]}},{"type":"Feature","properties":{"DPTO_CCDGO":"23","MPIO_CCNCT":"23686","MPIO_CNMBR":"SAN PELAYO"},"geometry":{"type":"Polygon","coordinates":[[[-76.11064489383666,9.063790004303968],[-75.79971044486092,9.00057706138482],[-75.72748551379964,9.067508412710977],[-75.71034739456475,8.984463958287783],[-75.82786592646109,8.903898442802596],[-76.08738601773217,8.941082526872682],[-76.11064489383666,9.063790004303968]]]}},{"type":"Feature","properties":{"DPTO_CCDGO":"23","MPIO_CCNCT":"23815","MPIO_CNMBR":"TUCHIN"},"geometry":{"type":"Polygon","coordinates":[[[-75.49856920687655,9.285655039255484],[-75.56100092694649,9.162947561824199],[-75.60017377091194,9.238555199433375],[-75.49856920687655,9.285655039255484]]]}},{"type":"Feature","properties":{"DPTO_CCDGO":"23","MPIO_CCNCT":"23855","MPIO_CNMBR":"VALENCIA"},"geometry":{"type":"Polygon","coordinates":[[[-76.06290299025378,8.332503017592266],[-76.10574828834098,8.145343127772831],[-76.41178613182103,8.006522547244508],[-76.28814684305509,8.328784609185258],[-76.18042152215011,8.399434368918422],[-76.06290299025378,8.332503017592266]]]}},{"type":"Feature","properties":{"DPTO_CCDGO":"23","MPIO_CCNCT":"23466","MPIO_CNMBR":"MONTELIBANO"},"geometry":{"type":"Polygon","coordinates":[[[-75.57324244068569,8.099482757419723],[-75.38961973459766,8.018917241934536],[-75.35411934475397,7.868941436185187],[-75.45817221153719,7.834236291053106],[-75.58548395442489,8.013959364058525],[-75.71769230280827,8.030072467155563],[-75.85357310531342,7.882575600344218],[-75.96619503171408,7.357040545486996],[-76.05555808201025,7.364477362301013],[-75.9490569124792,7.617329133977602],[-76.0102644811752,7.917280745476299],[-75.80093459623485,8.167653578214882],[-75.75196854127805,8.073453898570664],[-75.57324244068569,8.099482757419723]]]}},{"type":"Feature","properties":{"DPTO_CCDGO":"23","MPIO_CCNCT":"23580","MPIO_CNMBR":"PUERTO LIBERTADOR"},"geometry":{"type":"Polygon","coordinates":[[[-75.51081072061577,7.945788543263365],[-75.84500404569597,7.347124789734972],[-75.96619503171408,7.357040545486996],[-75.85357310531342,7.882575600344218],[-75.71769230280827,8.030072467155563],[-75.51081072061577,7.945788543263365]]]}},{"type":"Feature","properties":{"DPTO_CCDGO":"23","MPIO_CCNCT":"23807","MPIO_CNMBR":"TIERRALTA"},"geometry":{"type":"Polygon","coordinates":[[[-75.76665835776508,8.297797872460185],[-76.0102644811752,7.917280745476299],[-75.9490569124792,7.617329133977602],[-76.05555808201025,7.364477362301013],[-76.38118234747303,7.391745690619077],[-76.50237333349112,7.555355660527457],[-76.41178613182103,8.006522547244508],[-76.10574828834098,8.145343127772831],[-76.06290299025378,8.332503017592266],[-75.76665835776508,8.297797872460185]]]}},{"type":"Feature","properties":{"DPTO_CCDGO":"08","MPIO_CCNCT":"08001","MPIO_CNMBR":"BARRANQUILLA"},"geometry":{"type":"Polygon","coordinates":[[[-74.76407838252443,10.994883437010463],[-74.91832145563838,10.945304658250349],[-74.8522172814467,11.10519621975172],[-74.76407838252443,10.994883437010463]]]}},{"type":"Feature","properties":{"DPTO_CCDGO":"08","MPIO_CCNCT":"08078","MPIO_CNMBR":"BARANOA"},"geometry":{"type":"Polygon","coordinates":[[[-74.98442562983007,10.790370974624988],[-74.87180370342942,10.853583917544135],[-74.87547615755118,10.725918562236838],[-74.98442562983007,10.790370974624988]]]}},{"type":"Feature","properties":{"DPTO_CCDGO":"08","MPIO_CCNCT":"08137","MPIO_CNMBR":"CAMPO DE LA CRUZ"},"geometry":{"type":"Polygon","coordinates":[[[-74.80692368061165,10.482982546312272],[-74.86813124930765,10.34044355737694],[-74.96239090509951,10.382585519323039],[-74.8522172814467,10.428445889676146],[-74.80692368061165,10.482982546312272]]]}},{"type":"Feature","properties":{"DPTO_CCDGO":"08","MPIO_CCNCT":"08141","MPIO_CNMBR":"CANDELARIA"},"geometry":{"type":"Polygon","coordinates":[[[-74.85588973556845,10.564787531266463],[-74.82038934572476,10.494137771533298],[-74.91709730426446,10.412332786579109],[-74.92321806113407,10.53380079454139],[-74.85588973556845,10.564787531266463]]]}},{"type":"Feature","properties":{"DPTO_CCDGO":"08","MPIO_CCNCT":"08296","MPIO_CNMBR":"GALAPA"},"geometry":{"type":"Polygon","coordinates":[[[-74.82651010259437,10.914317921525276],[-74.87180370342942,10.853583917544135],[-74.94525278586462,10.858541795420146],[-74.91832145563838,10.945304658250349],[-74.82651010259437,10.914317921525276]]]}},{"type":"Feature","properties":{"DPTO_CCDGO":"08","MPIO_CCNCT":"08372","MPIO_CNMBR":"JUAN DE ACOSTA"},"geometry":{"type":"Polygon","coordinates":[[[-75.07378868012624,10.88581012373821],[-74.98442562983007,10.790370974624988],[-75.21701439087491,10.805244608253023],[-75.07378868012624,10.88581012373821]]]}},{"type":"Feature","properties":{"DPTO_CCDGO":"08","MPIO_CCNCT":"08421","MPIO_CNMBR":"LURUACO"},"geometry":{"type":"Polygon","coordinates":[[[-75.06277131776096,10.685016069759742],[-75.06032301501313,10.594534798522531],[-75.22558345049235,10.559829653390452],[-75.24761817522291,10.696171294980768],[-75.06277131776096,10.685016069759742]]]}},{"type":"Feature","properties":{"DPTO_CCDGO":"08","MPIO_CCNCT":"08433","MPIO_CNMBR":"MALAMBO"},"geometry":{"type":"Polygon","coordinates":[[[-74.83875161633357,10.88581012373821],[-74.74081950641995,10.834991875509091],[-74.87914861167293,10.812681425067039],[-74.83875161633357,10.88581012373821]]]}},{"type":"Feature","properties":{"DPTO_CCDGO":"08","MPIO_CCNCT":"08436","MPIO_CNMBR":"MANATI"},"geometry":{"type":"Polygon","coordinates":[[[-74.92321806113407,10.53380079454139],[-74.91709730426446,10.412332786579109],[-75.03339168478688,10.368951355164008],[-75.02727092791729,10.52016663038236],[-74.92321806113407,10.53380079454139]]]}},{"type":"Feature","properties":{"DPTO_CCDGO":"08","MPIO_CCNCT":"08520","MPIO_CNMBR":"PALMAR DE VARELA"},"geometry":{"type":"Polygon","coordinates":[[[-74.72735384130684,10.749468482147893],[-74.74694026328956,10.651550394096665],[-74.83752746495965,10.686255539228746],[-74.72735384130684,10.749468482147893]]]}},{"type":"Feature","properties":{"DPTO_CCDGO":"08","MPIO_CCNCT":"08549","MPIO_CNMBR":"PIOJO"},"geometry":{"type":"Polygon","coordinates":[[[-75.03828829028257,10.770539463120942],[-75.06277131776096,10.685016069759742],[-75.24761817522291,10.696171294980768],[-75.21701439087491,10.805244608253023],[-75.03828829028257,10.770539463120942]]]}},{"type":"Feature","properties":{"DPTO_CCDGO":"08","MPIO_CCNCT":"08558","MPIO_CNMBR":"POLONUEVO"},"geometry":{"type":"Polygon","coordinates":[[[-74.87914861167293,10.812681425067039],[-74.81182028610732,10.77797627993496],[-74.84976897869885,10.708565989670797],[-74.87914861167293,10.812681425067039]]]}},{"type":"Feature","properties":{"DPTO_CCDGO":"08","MPIO_CCNCT":"08560","MPIO_CNMBR":"PONEDERA"},"geometry":{"type":"Polygon","coordinates":[[[-74.84976897869885,10.708565989670797],[-74.72612968993292,10.600732145867546],[-74.80692368061165,10.482982546312272],[-74.85588973556845,10.564787531266463],[-74.84976897869885,10.708565989670797]]]}},{"type":"Feature","properties":{"DPTO_CCDGO":"08","MPIO_CCNCT":"08573","MPIO_CNMBR":"PUERTO COLOMBIA"},"geometry":{"type":"Polygon","coordinates":[[[-74.87425200617726,10.987446620196447],[-74.98442562983007,10.983728211789439],[-74.87425200617726,11.048180624177588],[-74.87425200617726,10.987446620196447]]]}},{"type":"Feature","properties":{"DPTO_CCDGO":"08","MPIO_CCNCT":"08606","MPIO_CNMBR":"REPELON"},"geometry":{"type":"Polygon","coordinates":[[[-75.02727092791729,10.52016663038236],[-75.12887549195266,10.397459152951074],[-75.24149741835332,10.504053527285322],[-75.06032301501313,10.594534798522531],[-75.02727092791729,10.52016663038236]]]}},{"type":"Feature","properties":{"DPTO_CCDGO":"08","MPIO_CCNCT":"08634","MPIO_CNMBR":"SABANAGRANDE"},"geometry":{"type":"Polygon","coordinates":[[[-74.72490553855899,10.771778932589944],[-74.81182028610732,10.77797627993496],[-74.80814783198556,10.812681425067039],[-74.74081950641995,10.834991875509091],[-74.72490553855899,10.771778932589944]]]}},{"type":"Feature","properties":{"DPTO_CCDGO":"08","MPIO_CCNCT":"08638","MPIO_CNMBR":"SABANALARGA"},"geometry":{"type":"Polygon","coordinates":[[[-74.8411999190814,10.600732145867546],[-75.02727092791729,10.52016663038236],[-75.04563319852609,10.70112917285678],[-74.87547615755118,10.725918562236838],[-74.8411999190814,10.600732145867546]]]}},{"type":"Feature","properties":{"DPTO_CCDGO":"08","MPIO_CCNCT":"08675","MPIO_CNMBR":"SANTA LUCIA"},"geometry":{"type":"Polygon","coordinates":[[[-75.03339168478688,10.368951355164008],[-74.91709730426446,10.337964618438935],[-74.9379078776211,10.289625309147823],[-75.03339168478688,10.368951355164008]]]}},{"type":"Feature","properties":{"DPTO_CCDGO":"08","MPIO_CCNCT":"08685","MPIO_CNMBR":"SANTO TOMAS"},"geometry":{"type":"Polygon","coordinates":[[[-74.81182028610732,10.77797627993496],[-74.72735384130684,10.749468482147893],[-74.83752746495965,10.686255539228746],[-74.81182028610732,10.77797627993496]]]}},{"type":"Feature","properties":{"DPTO_CCDGO":"08","MPIO_CCNCT":"08758","MPIO_CNMBR":"SOLEDAD"},"geometry":{"type":"Polygon","coordinates":[[[-74.75673347428092,10.945304658250349],[-74.73837120367212,10.875894367986186],[-74.83875161633357,10.88581012373821],[-74.82651010259437,10.914317921525276],[-74.75673347428092,10.945304658250349]]]}},{"type":"Feature","properties":{"DPTO_CCDGO":"08","MPIO_CCNCT":"08770","MPIO_CNMBR":"SUAN"},"geometry":{"type":"Polygon","coordinates":[[[-74.86813124930765,10.34044355737694],[-74.91097654739487,10.253680694546738],[-74.91709730426446,10.337964618438935],[-74.86813124930765,10.34044355737694]]]}},{"type":"Feature","properties":{"DPTO_CCDGO":"08","MPIO_CCNCT":"08832","MPIO_CNMBR":"TUBARA"},"geometry":{"type":"Polygon","coordinates":[[[-74.91832145563838,10.945304658250349],[-74.99421884082143,10.815160364005045],[-75.07378868012624,10.88581012373821],[-74.98442562983007,10.983728211789439],[-74.91832145563838,10.945304658250349]]]}},{"type":"Feature","properties":{"DPTO_CCDGO":"08","MPIO_CCNCT":"08849","MPIO_CNMBR":"USIACURI"},"geometry":{"type":"Polygon","coordinates":[[[-74.93301127212543,10.711044928608803],[-75.04563319852609,10.70112917285678],[-75.03828829028257,10.770539463120942],[-74.93423542349935,10.770539463120942],[-74.93301127212543,10.711044928608803]]]}},{"type":"Feature","properties":{"DPTO_CCDGO":"13","MPIO_CCNCT":"13001","MPIO_CNMBR":"CARTAGENA"},"geometry":{"type":"Polygon","coordinates":[[[-75.29413592743188,10.703608111794786],[-75.44225824367624,10.310696290120871],[-75.53406959672024,10.175594117999557],[-75.51203487198968,10.57222434808048],[-75.29413592743188,10.703608111794786]]]}},{"type":"Feature","properties":{"DPTO_CCDGO":"13","MPIO_CCNCT":"13006","MPIO_CNMBR":"ACHI"},"geometry":{"type":"Polygon","coordinates":[[[-74.46905790140967,8.824572396786412],[-74.34664276401764,8.580396911392842],[-74.51802395636648,8.367208162724348],[-74.60861115803657,8.730372717142192],[-74.56454170857545,8.83696709147644],[-74.46905790140967,8.824572396786412]]]}},{"type":"Feature","properties":{"DPTO_CCDGO":"13","MPIO_CCNCT":"13030","MPIO_CNMBR":"ALTOS DEL ROSARIO"},"geometry":{"type":"Polygon","coordinates":[[[-74.17770987441666,8.65600454900202],[-74.2829868925738,8.708062266700141],[-74.3013491631826,8.817135579972394],[-74.11405400297281,8.839446030414447],[-74.07977776450305,8.778712026433304],[-74.17770987441666,8.65600454900202]]]}},{"type":"Feature","properties":{"DPTO_CCDGO":"13","MPIO_CCNCT":"13042","MPIO_CNMBR":"ARENAL"},"geometry":{"type":"Polygon","coordinates":[[[-73.88024109055405,8.47132359812059],[-73.8765686364323,8.396955429980416],[-74.15322684693825,8.308953097681211],[-74.28543519532164,8.15401941405585],[-74.33195294753061,8.188724559187932],[-74.1311921222077,8.396955429980416],[-73.88024109055405,8.47132359812059]]]}},{"type":"Feature","properties":{"DPTO_CCDGO":"13","MPIO_CCNCT":"13052","MPIO_CNMBR":"ARJONA"},"geometry":{"type":"Polygon","coordinates":[[[-75.29658423017972,10.334246210031926],[-75.23537666148371,10.277230614457793],[-75.2831185650666,10.086352316231348],[-75.54508695908552,10.046689293223256],[-75.29658423017972,10.334246210031926]]]}},{"type":"Feature","properties":{"DPTO_CCDGO":"13","MPIO_CCNCT":"13062","MPIO_CNMBR":"ARROYO HONDO"},"geometry":{"type":"Polygon","coordinates":[[[-75.07256452875232,10.160720484371522],[-75.06644377188273,10.27599114498879],[-75.00156374906496,10.3230909848109],[-74.95994260235167,10.21153873260064],[-75.07256452875232,10.160720484371522]]]}},{"type":"Feature","properties":{"DPTO_CCDGO":"13","MPIO_CCNCT":"13074","MPIO_CNMBR":"BARRANCO DE LOBA"},"geometry":{"type":"Polygon","coordinates":[[[-74.0712087048856,8.9485193436867],[-74.05162228290288,8.735330595018205],[-74.17770987441666,8.65600454900202],[-74.07977776450305,8.778712026433304],[-74.11405400297281,8.839446030414447],[-74.3013491631826,8.817135579972394],[-74.22545177799955,8.947279874217697],[-74.0712087048856,8.9485193436867]]]}},{"type":"Feature","properties":{"DPTO_CCDGO":"13","MPIO_CCNCT":"13140","MPIO_CNMBR":"CALAMAR"},"geometry":{"type":"Polygon","coordinates":[[[-74.9379078776211,10.289625309147823],[-74.94525278586462,10.128494278177447],[-75.08603019386545,10.118578522425423],[-74.95994260235167,10.21153873260064],[-75.00156374906496,10.3230909848109],[-75.0835818911176,10.280949022864801],[-75.07011622600449,10.344161965783949],[-75.02359847379552,10.363993477287995],[-74.9379078776211,10.289625309147823]]]}},{"type":"Feature","properties":{"DPTO_CCDGO":"13","MPIO_CCNCT":"13160","MPIO_CNMBR":"CANTAGALLO"},"geometry":{"type":"Polygon","coordinates":[[[-73.91574148039774,7.295067072036851],[-74.24381404860836,7.0037917468211734],[-74.28421104394772,7.0087496246971845],[-74.23279668624306,7.161204369384539],[-74.29033180081731,7.230614659648701],[-73.95124187024142,7.430169244158165],[-73.8949309070411,7.430169244158165],[-73.91574148039774,7.295067072036851]]]}},{"type":"Feature","properties":{"DPTO_CCDGO":"13","MPIO_CCNCT":"13188","MPIO_CNMBR":"CICUCO"},"geometry":{"type":"Polygon","coordinates":[[[-74.62819758001929,9.28317610031748],[-74.72490553855899,9.179060664921236],[-74.67838778635003,9.30548655075953],[-74.62819758001929,9.28317610031748]]]}},{"type":"Feature","properties":{"DPTO_CCDGO":"13","MPIO_CCNCT":"13212","MPIO_CNMBR":"CORDOBA"},"geometry":{"type":"Polygon","coordinates":[[[-74.96116675372559,9.681045799867405],[-74.77264744214187,9.604198692789227],[-74.80080292374204,9.441828192349849],[-74.92199390976015,9.388531005182724],[-75.03583998753473,9.474054398543924],[-74.96116675372559,9.681045799867405]]]}},{"type":"Feature","properties":{"DPTO_CCDGO":"13","MPIO_CCNCT":"13222","MPIO_CNMBR":"CLEMENCIA"},"geometry":{"type":"Polygon","coordinates":[[[-75.24761817522291,10.505292996754324],[-75.37125746398885,10.54247708082441],[-75.34187783101477,10.614366310026577],[-75.24761817522291,10.505292996754324]]]}},{"type":"Feature","properties":{"DPTO_CCDGO":"13","MPIO_CCNCT":"13244","MPIO_CNMBR":"EL CARMEN DE BOLIVAR"},"geometry":{"type":"Polygon","coordinates":[[[-74.95137354273423,9.766569193228605],[-75.01258111143024,9.528591055180051],[-75.27944611094485,9.686003677743416],[-75.37370576673669,9.628988082169284],[-75.31984310628421,9.87688197596986],[-75.23782496423155,9.862008342341827],[-75.2341525101098,9.782682296325643],[-74.95137354273423,9.766569193228605]]]}},{"type":"Feature","properties":{"DPTO_CCDGO":"13","MPIO_CCNCT":"13248","MPIO_CNMBR":"EL GUAMO"},"geometry":{"type":"Polygon","coordinates":[[[-74.82528595122045,10.059083987913285],[-74.86201049243806,9.943813327296017],[-75.0590988636392,10.023139373312201],[-74.94525278586462,10.128494278177447],[-74.82528595122045,10.059083987913285]]]}},{"type":"Feature","properties":{"DPTO_CCDGO":"13","MPIO_CCNCT":"13268","MPIO_CNMBR":"EL PEÑON"},"geometry":{"type":"Polygon","coordinates":[[[-73.97817320046767,8.984463958287783],[-73.81780937048413,8.835727622007438],[-73.92308638864125,8.727893778204187],[-73.97817320046767,8.984463958287783]]]}},{"type":"Feature","properties":{"DPTO_CCDGO":"13","MPIO_CCNCT":"13433","MPIO_CNMBR":"MAHATES"},"geometry":{"type":"Polygon","coordinates":[[[-75.17294494141379,10.285906900740814],[-75.06644377188273,10.27599114498879],[-75.07256452875232,10.160720484371522],[-75.20477287713571,10.039252476409239],[-75.28067026231876,10.160720484371522],[-75.17294494141379,10.285906900740814]]]}},{"type":"Feature","properties":{"DPTO_CCDGO":"13","MPIO_CCNCT":"13440","MPIO_CNMBR":"MARGARITA"},"geometry":{"type":"Polygon","coordinates":[[[-74.29767670906084,9.176581725983231],[-74.10058833785969,9.019169103419864],[-74.27809028707811,8.972069263597755],[-74.29767670906084,9.176581725983231]]]}},{"type":"Feature","properties":{"DPTO_CCDGO":"13","MPIO_CCNCT":"13442","MPIO_CNMBR":"MARIA LA BAJA"},"geometry":{"type":"Polygon","coordinates":[[[-75.48755184451127,10.036773537471234],[-75.20477287713571,10.039252476409239],[-75.33820537689301,9.828542666678748],[-75.46674127115463,9.909108182163937],[-75.48755184451127,10.036773537471234]]]}},{"type":"Feature","properties":{"DPTO_CCDGO":"13","MPIO_CCNCT":"13458","MPIO_CNMBR":"MONTECRISTO"},"geometry":{"type":"Polygon","coordinates":[[[-74.44335072255734,8.42918163617449],[-74.25972801646931,7.943309604325361],[-74.45191978217478,7.787136451230996],[-74.56331755720153,7.4326481830961715],[-74.5192481077404,7.901167642379262],[-74.6832843918457,8.188724559187932],[-74.52536886461,8.275487422018134],[-74.44335072255734,8.42918163617449]]]}},{"type":"Feature","properties":{"DPTO_CCDGO":"13","MPIO_CCNCT":"13468","MPIO_CNMBR":"MOMPOS"},"geometry":{"type":"Polygon","coordinates":[[[-74.41764354370503,9.23607626049537],[-74.35398767226117,9.186497481735254],[-74.60616285528873,9.020408572888867],[-74.72980214405467,9.127002947223115],[-74.41764354370503,9.23607626049537]]]}},{"type":"Feature","properties":{"DPTO_CCDGO":"13","MPIO_CCNCT":"13473","MPIO_CNMBR":"MORALES"},"geometry":{"type":"Polygon","coordinates":[[[-73.7492568935446,8.405631716263436],[-73.77129161827516,8.15401941405585],[-73.86799957681485,8.06353814281864],[-74.02346680130272,8.1750903950289],[-74.26095216784323,8.104440635295735],[-74.15322684693825,8.308953097681211],[-73.8765686364323,8.396955429980416],[-73.88024109055405,8.47132359812059],[-73.7492568935446,8.405631716263436]]]}},{"type":"Feature","properties":{"DPTO_CCDGO":"13","MPIO_CCNCT":"13490","MPIO_CNMBR":"NOROSI"},"geometry":{"type":"Polygon","coordinates":[[[-74.25727971372147,8.383321265821385],[-74.15200269556433,8.603946831303897],[-73.99775962245039,8.595270545020878],[-74.06263964526816,8.447773678209535],[-74.25727971372147,8.383321265821385]]]}},{"type":"Feature","properties":{"DPTO_CCDGO":"13","MPIO_CCNCT":"13549","MPIO_CNMBR":"PINILLOS"},"geometry":{"type":"Polygon","coordinates":[[[-74.48007526377495,9.078663637932003],[-74.22545177799955,8.947279874217697],[-74.3013491631826,8.817135579972394],[-74.21198611288642,8.649807201657005],[-74.37479824561781,8.66468083528504],[-74.60616285528873,9.020408572888867],[-74.48007526377495,9.078663637932003]]]}},{"type":"Feature","properties":{"DPTO_CCDGO":"13","MPIO_CCNCT":"13580","MPIO_CNMBR":"REGIDOR"},"geometry":{"type":"Polygon","coordinates":[[[-73.81780937048413,8.835727622007438],[-73.82025767323196,8.662201896347034],[-73.9561384757371,8.66468083528504],[-73.87534448505838,8.722935900328174],[-73.81780937048413,8.835727622007438]]]}},{"type":"Feature","properties":{"DPTO_CCDGO":"13","MPIO_CCNCT":"13600","MPIO_CNMBR":"RIOVIEJO"},"geometry":{"type":"Polygon","coordinates":[[[-74.13853703045122,8.654765079533016],[-73.82025767323196,8.662201896347034],[-73.7492568935446,8.405631716263436],[-73.95124187024142,8.486197231748625],[-74.33195294753061,8.188724559187932],[-74.25727971372147,8.383321265821385],[-73.97939735184158,8.533297071570734],[-74.13853703045122,8.654765079533016]]]}},{"type":"Feature","properties":{"DPTO_CCDGO":"13","MPIO_CCNCT":"13620","MPIO_CNMBR":"SAN CRISTOBAL"},"geometry":{"type":"Polygon","coordinates":[[[-75.07378868012624,10.409853847641102],[-75.03339168478688,10.368951355164008],[-75.02359847379552,10.363993477287995],[-75.07011622600449,10.344161965783949],[-75.07378868012624,10.409853847641102]]]}},{"type":"Feature","properties":{"DPTO_CCDGO":"13","MPIO_CCNCT":"13647","MPIO_CNMBR":"SAN ESTANISLAO"},"geometry":{"type":"Polygon","coordinates":[[[-75.17661739553554,10.455714217994208],[-75.17294494141379,10.285906900740814],[-75.29658423017972,10.334246210031926],[-75.17661739553554,10.455714217994208]]]}},{"type":"Feature","properties":{"DPTO_CCDGO":"13","MPIO_CCNCT":"13654","MPIO_CNMBR":"SAN JACINTO"},"geometry":{"type":"Polygon","coordinates":[[[-74.94035618036895,9.86324781181083],[-74.95137354273423,9.766569193228605],[-75.11051322134385,9.759132376414588],[-75.31984310628421,9.87688197596986],[-74.94035618036895,9.86324781181083]]]}},{"type":"Feature","properties":{"DPTO_CCDGO":"13","MPIO_CCNCT":"13655","MPIO_CNMBR":"SAN JACINTO DEL CAUCA"},"geometry":{"type":"Polygon","coordinates":[[[-74.53883452972312,8.427942166705488],[-74.52536886461,8.275487422018134],[-74.6832843918457,8.188724559187932],[-74.61473191490617,8.031311936624565],[-74.78488895588109,8.131708963613798],[-74.78121650175932,8.277966360956139],[-74.53883452972312,8.427942166705488]]]}},{"type":"Feature","properties":{"DPTO_CCDGO":"13","MPIO_CCNCT":"13657","MPIO_CNMBR":"SAN JUAN NEPOMUCENO"},"geometry":{"type":"Polygon","coordinates":[[[-75.02971923066512,10.111141705611407],[-75.0590988636392,10.023139373312201],[-74.86201049243806,9.943813327296017],[-74.8828210657947,9.87192409809385],[-75.23537666148371,9.899192426411913],[-75.20477287713571,10.039252476409239],[-75.02971923066512,10.111141705611407]]]}},{"type":"Feature","properties":{"DPTO_CCDGO":"13","MPIO_CCNCT":"13667","MPIO_CNMBR":"SAN MARTIN DE LOBA"},"geometry":{"type":"Polygon","coordinates":[[[-73.87534448505838,8.722935900328174],[-74.13853703045122,8.654765079533016],[-74.05162228290288,8.735330595018205],[-74.0712087048856,8.9485193436867],[-73.97817320046767,8.984463958287783],[-73.96593168672847,8.812177702096383],[-73.87534448505838,8.722935900328174]]]}},{"type":"Feature","properties":{"DPTO_CCDGO":"13","MPIO_CCNCT":"13670","MPIO_CNMBR":"SAN PABLO"},"geometry":{"type":"Polygon","coordinates":[[[-73.81536106773628,7.691697302117774],[-73.8949309070411,7.430169244158165],[-74.29033180081731,7.230614659648701],[-74.234020837617,7.0992308959343955],[-74.35521182363509,7.009989094166187],[-74.4102986354615,7.202106861861635],[-74.35766012638292,7.472311206104264],[-74.02836340679839,7.683021015834754],[-73.81536106773628,7.691697302117774]]]}},{"type":"Feature","properties":{"DPTO_CCDGO":"13","MPIO_CCNCT":"13673","MPIO_CNMBR":"SANTA CATALINA"},"geometry":{"type":"Polygon","coordinates":[[[-75.22435929911843,10.795328852501],[-75.24761817522291,10.696171294980768],[-75.24149741835332,10.504053527285322],[-75.34187783101477,10.614366310026577],[-75.22435929911843,10.795328852501]]]}},{"type":"Feature","properties":{"DPTO_CCDGO":"13","MPIO_CCNCT":"13683","MPIO_CNMBR":"SANTA ROSA"},"geometry":{"type":"Polygon","coordinates":[[[-75.30882574391893,10.521406099851362],[-75.33575707414516,10.414811725517113],[-75.42267182169351,10.402417030827085],[-75.40430955108471,10.509011405161333],[-75.30882574391893,10.521406099851362]]]}},{"type":"Feature","properties":{"DPTO_CCDGO":"13","MPIO_CCNCT":"13688","MPIO_CNMBR":"SANTA ROSA DEL SUR"},"geometry":{"type":"Polygon","coordinates":[[[-74.02346680130272,8.1750903950289],[-74.00388037932,7.917280745476299],[-74.21198611288642,7.701613057869798],[-74.22177932387778,7.585102927783526],[-74.15200269556433,7.572708233093497],[-74.41274693820934,7.459916511414235],[-74.49109262614023,7.343406381327963],[-74.56331755720153,7.4326481830961715],[-74.45191978217478,7.787136451230996],[-74.25972801646931,7.943309604325361],[-74.26095216784323,8.104440635295735],[-74.02346680130272,8.1750903950289]]]}},{"type":"Feature","properties":{"DPTO_CCDGO":"13","MPIO_CCNCT":"13744","MPIO_CNMBR":"SIMITI"},"geometry":{"type":"Polygon","coordinates":[[[-73.86799957681485,8.06353814281864],[-73.81536106773628,7.691697302117774],[-74.22177932387778,7.585102927783526],[-74.13486457632945,7.819362657425071],[-74.00388037932,7.917280745476299],[-74.02346680130272,8.1750903950289],[-73.86799957681485,8.06353814281864]]]}},{"type":"Feature","properties":{"DPTO_CCDGO":"13","MPIO_CCNCT":"13760","MPIO_CNMBR":"SOPLAVIENTO"},"geometry":{"type":"Polygon","coordinates":[[[-75.12887549195266,10.397459152951074],[-75.0835818911176,10.280949022864801],[-75.17294494141379,10.285906900740814],[-75.12887549195266,10.397459152951074]]]}},{"type":"Feature","properties":{"DPTO_CCDGO":"13","MPIO_CCNCT":"13780","MPIO_CNMBR":"TALAIGUA NUEVO"},"geometry":{"type":"Polygon","coordinates":[[[-74.73959535504603,9.425715089252812],[-74.53026547010568,9.242273607840383],[-74.65023230474986,9.191455359611266],[-74.62819758001929,9.28317610031748],[-74.73959535504603,9.425715089252812]]]}},{"type":"Feature","properties":{"DPTO_CCDGO":"13","MPIO_CCNCT":"13810","MPIO_CNMBR":"TIQUISIO (PTO. RICO)"},"geometry":{"type":"Polygon","coordinates":[[[-74.37479824561781,8.66468083528504],[-74.13853703045122,8.654765079533016],[-74.15812345243394,8.520902376880704],[-74.34174615852197,8.276726891487137],[-74.44335072255734,8.42918163617449],[-74.35766012638292,8.494873518031644],[-74.37479824561781,8.66468083528504]]]}},{"type":"Feature","properties":{"DPTO_CCDGO":"13","MPIO_CCNCT":"13836","MPIO_CNMBR":"TURBACO"},"geometry":{"type":"Polygon","coordinates":[[[-75.33575707414516,10.414811725517113],[-75.28067026231876,10.362754007818992],[-75.38349897772805,10.272272736581781],[-75.476534482146,10.363993477287995],[-75.33575707414516,10.414811725517113]]]}},{"type":"Feature","properties":{"DPTO_CCDGO":"13","MPIO_CCNCT":"13838","MPIO_CNMBR":"TURBANA"},"geometry":{"type":"Polygon","coordinates":[[[-75.44225824367624,10.310696290120871],[-75.38349897772805,10.272272736581781],[-75.43613748680663,10.171875709592548],[-75.57324244068569,10.086352316231348],[-75.44225824367624,10.310696290120871]]]}},{"type":"Feature","properties":{"DPTO_CCDGO":"13","MPIO_CCNCT":"13873","MPIO_CNMBR":"VILLANUEVA"},"geometry":{"type":"Polygon","coordinates":[[[-75.30882574391893,10.521406099851362],[-75.17661739553554,10.455714217994208],[-75.28067026231876,10.362754007818992],[-75.33575707414516,10.414811725517113],[-75.30882574391893,10.521406099851362]]]}},{"type":"Feature","properties":{"DPTO_CCDGO":"13","MPIO_CCNCT":"13894","MPIO_CNMBR":"ZAMBRANO"},"geometry":{"type":"Polygon","coordinates":[[[-74.83997576770749,9.809950624643706],[-74.79100971275068,9.65253800208034],[-74.96116675372559,9.681045799867405],[-74.94035618036895,9.86324781181083],[-74.83997576770749,9.809950624643706]]]}},{"type":"Feature","properties":{"DPTO_CCDGO":"20","MPIO_CCNCT":"20032","MPIO_CNMBR":"ASTREA"},"geometry":{"type":"Polygon","coordinates":[[[-73.78598143476219,9.523633177304038],[-73.94756941611966,9.378615249430702],[-74.13976118182514,9.49388591004797],[-74.03693246641583,9.591803998099198],[-73.80311955399708,9.636424898983302],[-73.78598143476219,9.523633177304038]]]}},{"type":"Feature","properties":{"DPTO_CCDGO":"20","MPIO_CCNCT":"20060","MPIO_CNMBR":"BOSCONIA"},"geometry":{"type":"Polygon","coordinates":[[[-73.81291276498844,10.07395762154132],[-73.73579122843147,9.884318792783878],[-73.83861994384077,9.785161235263647],[-74.03570831504192,10.00454733127716],[-73.81291276498844,10.07395762154132]]]}},{"type":"Feature","properties":{"DPTO_CCDGO":"20","MPIO_CCNCT":"20175","MPIO_CNMBR":"CHIMICHAGUA"},"geometry":{"type":"Polygon","coordinates":[[[-73.78720558613611,9.492646440578968],[-73.63173836164825,9.06874788217998],[-73.42485677945574,9.122045069347104],[-73.43587414182102,8.999337591915818],[-73.79944709987532,9.058832126427957],[-73.96225923260671,9.187736951204258],[-73.98184565458943,9.38605206624472],[-73.78720558613611,9.492646440578968]]]}},{"type":"Feature","properties":{"DPTO_CCDGO":"20","MPIO_CCNCT":"20178","MPIO_CNMBR":"CHIRIGUANA"},"geometry":{"type":"Polygon","coordinates":[[[-73.48606434815174,9.581888242347175],[-73.50197831601271,9.479012276419935],[-73.20695783489793,9.423236150314805],[-73.27061370634179,9.324078592794574],[-73.43954659594277,9.407123047217768],[-73.68437687072682,9.239794668902379],[-73.78598143476219,9.523633177304038],[-73.48606434815174,9.581888242347175]]]}},{"type":"Feature","properties":{"DPTO_CCDGO":"20","MPIO_CCNCT":"20228","MPIO_CNMBR":"CURUMANI"},"geometry":{"type":"Polygon","coordinates":[[[-73.27061370634179,9.324078592794574],[-73.42485677945574,9.122045069347104],[-73.63173836164825,9.06874788217998],[-73.6953942330921,9.217484218460326],[-73.64030742126569,9.284415569786482],[-73.43954659594277,9.407123047217768],[-73.27061370634179,9.324078592794574]]]}},{"type":"Feature","properties":{"DPTO_CCDGO":"20","MPIO_CCNCT":"20238","MPIO_CNMBR":"EL COPEY"},"geometry":{"type":"Polygon","coordinates":[[[-73.89248260429325,10.391261805606058],[-73.73456707705755,10.351598782597966],[-73.81291276498844,10.07395762154132],[-74.03570831504192,10.00454733127716],[-74.065087948016,10.166917831716537],[-73.89248260429325,10.391261805606058]]]}},{"type":"Feature","properties":{"DPTO_CCDGO":"20","MPIO_CCNCT":"20250","MPIO_CNMBR":"EL PASO"},"geometry":{"type":"Polygon","coordinates":[[[-73.61827269653513,9.818626910926726],[-73.63051421027433,9.641382776859313],[-73.4468915041863,9.63146702110729],[-73.78598143476219,9.523633177304038],[-73.83861994384077,9.785161235263647],[-73.73579122843147,9.884318792783878],[-73.61827269653513,9.818626910926726]]]}},{"type":"Feature","properties":{"DPTO_CCDGO":"20","MPIO_CCNCT":"20295","MPIO_CNMBR":"GAMARRA"},"geometry":{"type":"Polygon","coordinates":[[[-73.63785911851785,8.487436701217627],[-73.61460024241337,8.389518613166398],[-73.77129161827516,8.15401941405585],[-73.74680859079675,8.449013147678537],[-73.63785911851785,8.487436701217627]]]}},{"type":"Feature","properties":{"DPTO_CCDGO":"20","MPIO_CCNCT":"20310","MPIO_CNMBR":"GONZALEZ"},"geometry":{"type":"Polygon","coordinates":[[[-73.34283863740308,8.436618452988508],[-73.36120090801188,8.327545139716255],[-73.41383941709046,8.45892890343056],[-73.34283863740308,8.436618452988508]]]}},{"type":"Feature","properties":{"DPTO_CCDGO":"20","MPIO_CCNCT":"20383","MPIO_CNMBR":"LA GLORIA"},"geometry":{"type":"Polygon","coordinates":[[[-73.57665154982185,8.50602874325267],[-73.74680859079675,8.449013147678537],[-73.82025767323196,8.662201896347034],[-73.78965388888396,8.751443698115242],[-73.80801615949277,8.669638713161051],[-73.6770319624833,8.646088793249996],[-73.58644476081321,8.773754148557293],[-73.42852923357749,8.82333292731741],[-73.57665154982185,8.50602874325267]]]}},{"type":"Feature","properties":{"DPTO_CCDGO":"20","MPIO_CCNCT":"20400","MPIO_CNMBR":"LA JAGUA DE IBIRICO"},"geometry":{"type":"Polygon","coordinates":[[[-73.06985288101887,9.632706490576293],[-73.20695783489793,9.423236150314805],[-73.5313579489868,9.531069994118056],[-73.4468915041863,9.63146702110729],[-73.48973680227351,9.673608983053388],[-73.32325221542035,9.58808558969219],[-73.06985288101887,9.632706490576293]]]}},{"type":"Feature","properties":{"DPTO_CCDGO":"20","MPIO_CCNCT":"20443","MPIO_CNMBR":"MANAURE BALCON DEL CESAR (MANA"},"geometry":{"type":"Polygon","coordinates":[[[-72.90581659691357,10.352838252066968],[-73.04781815628832,10.354077721535973],[-73.12861214696704,10.398698622420076],[-72.9009199914179,10.435882706490162],[-72.90581659691357,10.352838252066968]]]}},{"type":"Feature","properties":{"DPTO_CCDGO":"20","MPIO_CCNCT":"20517","MPIO_CNMBR":"PAILITAS"},"geometry":{"type":"Polygon","coordinates":[[[-73.43587414182102,8.999337591915818],[-73.4468915041863,8.87043276713952],[-73.67335950836154,8.840685499883449],[-73.69172177897035,9.037761145454908],[-73.43587414182102,8.999337591915818]]]}},{"type":"Feature","properties":{"DPTO_CCDGO":"20","MPIO_CCNCT":"20550","MPIO_CNMBR":"PELAYA"},"geometry":{"type":"Polygon","coordinates":[[[-73.4468915041863,8.87043276713952],[-73.6770319624833,8.646088793249996],[-73.80801615949277,8.669638713161051],[-73.61337609103944,8.890264278643565],[-73.53380625173463,8.829530274662423],[-73.4468915041863,8.87043276713952]]]}},{"type":"Feature","properties":{"DPTO_CCDGO":"20","MPIO_CCNCT":"20614","MPIO_CNMBR":"RIO DE ORO"},"geometry":{"type":"Polygon","coordinates":[[[-73.36120090801188,8.327545139716255],[-73.39302884373382,8.113116921578756],[-73.63908326989177,8.066017081756646],[-73.45668471517766,8.361010815379332],[-73.36120090801188,8.327545139716255]]]}},{"type":"Feature","properties":{"DPTO_CCDGO":"20","MPIO_CCNCT":"20710","MPIO_CNMBR":"SAN ALBERTO"},"geometry":{"type":"Polygon","coordinates":[[[-73.29754503656804,7.984212096802455],[-73.48116774265607,7.676823668489741],[-73.63296251302216,7.748712897691908],[-73.29754503656804,7.984212096802455]]]}},{"type":"Feature","properties":{"DPTO_CCDGO":"20","MPIO_CCNCT":"20750","MPIO_CNMBR":"SAN DIEGO"},"geometry":{"type":"Polygon","coordinates":[[[-73.58889306356104,9.865726750748836],[-73.53503040310855,10.014463087029181],[-73.23633746787203,10.356556660473977],[-73.11881893597568,10.34044355737694],[-73.16533668818465,10.109902236142403],[-73.3918046923599,10.081394438355337],[-73.58889306356104,9.865726750748836]]]}},{"type":"Feature","properties":{"DPTO_CCDGO":"20","MPIO_CCNCT":"20787","MPIO_CNMBR":"TAMALAMEQUE"},"geometry":{"type":"Polygon","coordinates":[[[-73.69172177897035,9.037761145454908],[-73.67335950836154,8.840685499883449],[-73.75905010453596,8.740288472894216],[-73.86799957681485,8.936124648996671],[-73.79944709987532,9.058832126427957],[-73.69172177897035,9.037761145454908]]]}},{"type":"Feature","properties":{"DPTO_CCDGO":"20","MPIO_CCNCT":"20001","MPIO_CNMBR":"VALLEDUPAR"},"geometry":{"type":"Polygon","coordinates":[[[-73.07597363788848,10.63667676046863],[-73.61827269653513,9.818626910926726],[-73.74191198530107,9.848374178182794],[-73.81413691636236,10.253680694546738],[-73.73456707705755,10.351598782597966],[-73.45056395830807,10.360275068880986],[-73.5986862745524,10.836231344978094],[-73.29142427969843,10.862260203827155],[-73.26326879809827,10.732115909581852],[-73.07597363788848,10.63667676046863]]]}},{"type":"Feature","properties":{"DPTO_CCDGO":"20","MPIO_CCNCT":"20013","MPIO_CNMBR":"AGUSTIN CODAZZI"},"geometry":{"type":"Polygon","coordinates":[[[-72.99885210133151,9.921502876853966],[-73.17145744505426,9.792598052077665],[-73.61949684790905,9.723187761813504],[-73.34895939427268,10.061562926851291],[-73.20573368352402,10.041731415347245],[-72.9070407482875,10.268554328174773],[-72.99885210133151,9.921502876853966]]]}},{"type":"Feature","properties":{"DPTO_CCDGO":"20","MPIO_CCNCT":"20045","MPIO_CNMBR":"BECERRIL"},"geometry":{"type":"Polygon","coordinates":[[[-73.06985288101887,9.632706490576293],[-73.32325221542035,9.58808558969219],[-73.48973680227351,9.673608983053388],[-73.63051421027433,9.641382776859313],[-73.58644476081321,9.75169555960057],[-73.17145744505426,9.792598052077665],[-72.99885210133151,9.921502876853966],[-73.06985288101887,9.632706490576293]]]}},{"type":"Feature","properties":{"DPTO_CCDGO":"20","MPIO_CCNCT":"20621","MPIO_CNMBR":"LA PAZ"},"geometry":{"type":"Polygon","coordinates":[[[-73.17757820192386,10.456953687463212],[-72.90581659691357,10.352838252066968],[-72.9070407482875,10.268554328174773],[-73.20573368352402,10.041731415347245],[-73.34895939427268,10.061562926851291],[-73.62072099928297,9.757892906945584],[-73.49830586189096,10.016942025967188],[-73.3918046923599,10.081394438355337],[-73.16533668818465,10.109902236142403],[-73.11881893597568,10.34044355737694],[-73.23633746787203,10.356556660473977],[-73.17757820192386,10.456953687463212]]]}},{"type":"Feature","properties":{"DPTO_CCDGO":"20","MPIO_CCNCT":"20570","MPIO_CNMBR":"PUEBLO BELLO"},"geometry":{"type":"Polygon","coordinates":[[[-73.45056395830807,10.360275068880986],[-73.7921021916318,10.392501275075062],[-73.56318588470872,10.504053527285322],[-73.61704854516121,10.64535304675165],[-73.5191164352476,10.723439623298832],[-73.45056395830807,10.360275068880986]]]}},{"type":"Feature","properties":{"DPTO_CCDGO":"20","MPIO_CCNCT":"20770","MPIO_CNMBR":"SAN MARTIN"},"geometry":{"type":"Polygon","coordinates":[[[-73.30978655030724,8.015198833527528],[-73.48606434815174,7.826799474239088],[-73.75292934766635,7.751191836629912],[-73.67091120561369,7.893730825565244],[-73.72110141194443,8.009001486182513],[-73.61582439378729,8.010240955651517],[-73.63908326989177,8.066017081756646],[-73.39302884373382,8.113116921578756],[-73.30978655030724,8.015198833527528]]]}},{"type":"Feature","properties":{"DPTO_CCDGO":"20","MPIO_CCNCT":"20011","MPIO_CNMBR":"AGUACHICA"},"geometry":{"type":"Polygon","coordinates":[[[-73.63785911851785,8.487436701217627],[-73.45668471517766,8.361010815379332],[-73.6035828800481,8.178808803435908],[-73.61582439378729,8.010240955651517],[-73.72110141194443,8.009001486182513],[-73.77496407239691,8.145343127772831],[-73.61460024241337,8.389518613166398],[-73.63785911851785,8.487436701217627]]]}},{"type":"Feature","properties":{"DPTO_CCDGO":"44","MPIO_CCNCT":"44078","MPIO_CNMBR":"BARRANCAS"},"geometry":{"type":"Polygon","coordinates":[[[-72.49205343252855,11.07916736090266],[-72.67567613861658,10.818878772412054],[-72.91193735378317,11.034546460018555],[-72.85685054195676,11.0965199334687],[-72.70505577159066,11.03578592948756],[-72.63772744602505,11.122548792317762],[-72.49205343252855,11.07916736090266]]]}},{"type":"Feature","properties":{"DPTO_CCDGO":"44","MPIO_CCNCT":"44098","MPIO_CNMBR":"DISTRACCION"},"geometry":{"type":"Polygon","coordinates":[[[-72.91438565653101,11.03206752108055],[-72.87276450981773,10.841189222854107],[-72.89847168867006,10.790370974624988],[-73.01843852331423,11.007278131700494],[-72.91438565653101,11.03206752108055]]]}},{"type":"Feature","properties":{"DPTO_CCDGO":"44","MPIO_CCNCT":"44110","MPIO_CNMBR":"EL MOLINO"},"geometry":{"type":"Polygon","coordinates":[[[-72.7809531567737,10.611887371088573],[-72.84216072546972,10.538758672417401],[-73.01354191781854,10.667663497193702],[-72.82135015211308,10.681297661352733],[-72.7809531567737,10.611887371088573]]]}},{"type":"Feature","properties":{"DPTO_CCDGO":"44","MPIO_CCNCT":"44279","MPIO_CNMBR":"FONSECA"},"geometry":{"type":"Polygon","coordinates":[[[-72.67567613861658,10.818878772412054],[-72.74790106967787,10.652789863565667],[-72.89847168867006,10.790370974624988],[-72.91438565653101,11.03206752108055],[-72.67567613861658,10.818878772412054]]]}},{"type":"Feature","properties":{"DPTO_CCDGO":"44","MPIO_CCNCT":"44378","MPIO_CNMBR":"HATONUEVO"},"geometry":{"type":"MultiPolygon","coordinates":[[[[-72.4957258866503,11.081646299840665],[-72.49205343252855,11.07916736090266],[-72.62915838640761,11.117590914441749],[-72.4957258866503,11.081646299840665]]],[[[-72.69159010647753,11.167169693201865],[-72.70505577159066,11.03578592948756],[-72.85685054195676,11.0965199334687],[-72.69159010647753,11.167169693201865]]]]}},{"type":"Feature","properties":{"DPTO_CCDGO":"44","MPIO_CCNCT":"44420","MPIO_CNMBR":"LA JAGUA DEL PILAR"},"geometry":{"type":"Polygon","coordinates":[[[-72.88623017493084,10.453235279056203],[-72.98661058759231,10.399938091889078],[-73.12861214696704,10.398698622420076],[-73.17757820192386,10.456953687463212],[-73.02700758293167,10.517687691444353],[-73.02700758293167,10.41729066445512],[-72.88623017493084,10.453235279056203]]]}},{"type":"Feature","properties":{"DPTO_CCDGO":"44","MPIO_CCNCT":"44855","MPIO_CNMBR":"URUMITA"},"geometry":{"type":"Polygon","coordinates":[[[-72.84338487684364,10.50777193569233],[-73.02700758293167,10.41729066445512],[-73.02700758293167,10.517687691444353],[-73.16288838543682,10.489179893657287],[-73.09923251399296,10.552392836576434],[-72.84338487684364,10.50777193569233]]]}},{"type":"Feature","properties":{"DPTO_CCDGO":"44","MPIO_CCNCT":"44874","MPIO_CNMBR":"VILLANUEVA"},"geometry":{"type":"Polygon","coordinates":[[[-72.84216072546972,10.538758672417401],[-72.91316150515709,10.50777193569233],[-73.09923251399296,10.552392836576434],[-73.01354191781854,10.667663497193702],[-72.84216072546972,10.538758672417401]]]}},{"type":"Feature","properties":{"DPTO_CCDGO":"44","MPIO_CCNCT":"44001","MPIO_CNMBR":"RIOHACHA"},"geometry":{"type":"Polygon","coordinates":[[[-72.64752065701641,11.428697751161474],[-72.64874480839033,11.163451284794856],[-73.38568393549029,10.916796860463283],[-73.16533668818465,11.187001204705911],[-73.21675104588931,11.329540193641243],[-73.02455928018384,11.494389633018626],[-72.89112678042653,11.56008151487578],[-72.64752065701641,11.428697751161474]]]}},{"type":"Feature","properties":{"DPTO_CCDGO":"44","MPIO_CCNCT":"44035","MPIO_CNMBR":"ALBANIA"},"geometry":{"type":"Polygon","coordinates":[[[-72.4039145336063,11.174606510015883],[-72.63772744602505,11.122548792317762],[-72.57284742320728,11.398950483905404],[-72.45165643718917,11.301032395854177],[-72.4039145336063,11.174606510015883]]]}},{"type":"Feature","properties":{"DPTO_CCDGO":"44","MPIO_CCNCT":"44090","MPIO_CNMBR":"DIBULLA"},"geometry":{"type":"Polygon","coordinates":[[[-73.38568393549029,10.916796860463283],[-73.5986862745524,10.836231344978094],[-73.6647904487441,10.989925559134452],[-73.62806590752649,11.142380303821808],[-73.57542739844793,11.26012990337708],[-73.21675104588931,11.329540193641243],[-73.16533668818465,11.187001204705911],[-73.38568393549029,10.916796860463283]]]}},{"type":"Feature","properties":{"DPTO_CCDGO":"44","MPIO_CCNCT":"44650","MPIO_CNMBR":"SAN JUAN DEL CESAR"},"geometry":{"type":"Polygon","coordinates":[[[-73.01843852331423,11.007278131700494],[-72.9437652895051,10.82507611975707],[-72.74790106967787,10.652789863565667],[-72.7809531567737,10.611887371088573],[-72.97314492247918,10.716002806484815],[-73.07597363788848,10.63667676046863],[-73.26326879809827,10.732115909581852],[-73.29142427969843,10.862260203827155],[-73.45546056380374,10.867218081703166],[-73.01843852331423,11.007278131700494]]]}},{"type":"Feature","properties":{"DPTO_CCDGO":"44","MPIO_CCNCT":"44847","MPIO_CNMBR":"URIBIA"},"geometry":{"type":"Polygon","coordinates":[[[-71.97913400685599,11.630731274608944],[-72.01953100219535,11.692704748059088],[-72.12480802035249,11.532813186557716],[-72.26191297423155,11.526615839212702],[-72.362293386893,11.61585764098091],[-72.35494847864948,11.827806920180404],[-72.23742994675314,11.886061985223538],[-72.14317029096128,12.239310783889362],[-71.96444419036894,12.256663356455402],[-71.95954758487326,12.150068982121152],[-71.86039132358572,12.210802986102294],[-71.92771964915133,12.297565848932496],[-71.86039132358572,12.35582091397563],[-71.80530451175932,12.305002665746514],[-71.62413010841912,12.440104837867828],[-71.28259187509539,12.343426219285604],[-71.11488313686831,12.085616569733002],[-71.13569371022496,12.00257211530981],[-71.37807568226117,11.811693817083366],[-71.97913400685599,11.630731274608944]]]}},{"type":"Feature","properties":{"DPTO_CCDGO":"44","MPIO_CCNCT":"44430","MPIO_CNMBR":"MAICAO"},"geometry":{"type":"Polygon","coordinates":[[[-71.97913400685599,11.630731274608944],[-72.24599900637058,11.144859242759813],[-72.4590013454327,11.116351444972747],[-72.4039145336063,11.174606510015883],[-72.52510551962439,11.406387300719421],[-72.61446856992056,11.322103376827226],[-72.6046753589292,11.458445018417542],[-72.12480802035249,11.532813186557716],[-72.01953100219535,11.692704748059088],[-71.97913400685599,11.630731274608944]]]}},{"type":"Feature","properties":{"DPTO_CCDGO":"44","MPIO_CCNCT":"44560","MPIO_CNMBR":"MANAURE"},"geometry":{"type":"Polygon","coordinates":[[[-72.26191297423155,11.526615839212702],[-72.64752065701641,11.428697751161474],[-72.89112678042653,11.56008151487578],[-72.72341804219946,11.700141564873105],[-72.35494847864948,11.827806920180404],[-72.362293386893,11.61585764098091],[-72.26191297423155,11.526615839212702]]]}},{"type":"Feature","properties":{"DPTO_CCDGO":"47","MPIO_CCNCT":"47541","MPIO_CNMBR":"PEDRAZA"},"geometry":{"type":"Polygon","coordinates":[[[-74.8767003089251,10.214017671538645],[-74.75428517153307,10.180551995875568],[-74.69307760283706,10.225172896759672],[-74.82528595122045,10.059083987913285],[-74.94525278586462,10.128494278177447],[-74.8767003089251,10.214017671538645]]]}},{"type":"Feature","properties":{"DPTO_CCDGO":"47","MPIO_CCNCT":"47030","MPIO_CNMBR":"ALGARROBO"},"geometry":{"type":"Polygon","coordinates":[[[-73.97817320046767,10.277230614457793],[-74.065087948016,10.166917831716537],[-74.07365700763344,10.051647171099269],[-74.12751966808594,10.20658085472463],[-74.19484799365155,10.186749343220583],[-74.18995138815586,10.294583187023834],[-74.11038154885105,10.392501275075062],[-73.97817320046767,10.277230614457793]]]}},{"type":"Feature","properties":{"DPTO_CCDGO":"47","MPIO_CCNCT":"47058","MPIO_CNMBR":"ARIGUANI (EL DIFICIL)"},"geometry":{"type":"Polygon","coordinates":[[[-73.83861994384077,9.785161235263647],[-74.17770987441666,9.61907232641726],[-74.26707292471283,9.771527071104616],[-74.24748650273011,9.97108165561408],[-74.034484163668,9.998349983932144],[-73.83861994384077,9.785161235263647]]]}},{"type":"Feature","properties":{"DPTO_CCDGO":"47","MPIO_CCNCT":"47161","MPIO_CNMBR":"CERRO DE SAN ANTONIO"},"geometry":{"type":"Polygon","coordinates":[[[-74.70164666245451,10.274751675519788],[-74.8767003089251,10.214017671538645],[-74.91587315289054,10.238807060918704],[-74.86323464381198,10.366472416226001],[-74.70164666245451,10.274751675519788]]]}},{"type":"Feature","properties":{"DPTO_CCDGO":"47","MPIO_CCNCT":"47170","MPIO_CNMBR":"CHIVOLO"},"geometry":{"type":"Polygon","coordinates":[[[-74.586576433306,10.218975549414658],[-74.39316051622662,10.13841003392947],[-74.44212657118342,10.016942025967188],[-74.54250698384489,10.029336720657216],[-74.55474849758409,9.947531735703025],[-74.66124966711514,10.011984148091177],[-74.586576433306,10.218975549414658]]]}},{"type":"Feature","properties":{"DPTO_CCDGO":"47","MPIO_CCNCT":"47205","MPIO_CNMBR":"CONCORDIA"},"geometry":{"type":"Polygon","coordinates":[[[-74.71633647894154,10.248722816670726],[-74.75428517153307,10.180551995875568],[-74.8767003089251,10.214017671538645],[-74.84364822182926,10.271033267112779],[-74.71633647894154,10.248722816670726]]]}},{"type":"Feature","properties":{"DPTO_CCDGO":"47","MPIO_CCNCT":"47258","MPIO_CNMBR":"EL PIÑON"},"geometry":{"type":"Polygon","coordinates":[[[-74.49598923163592,10.232609713573689],[-74.586576433306,10.218975549414658],[-74.86323464381198,10.366472416226001],[-74.68450854321962,10.470587851622243],[-74.49598923163592,10.232609713573689]]]}},{"type":"Feature","properties":{"DPTO_CCDGO":"47","MPIO_CCNCT":"47268","MPIO_CNMBR":"EL RETEN"},"geometry":{"type":"Polygon","coordinates":[[[-74.37479824561781,10.74451060427188],[-74.21565856700819,10.536279733479397],[-74.44947147942695,10.671381905600711],[-74.37479824561781,10.74451060427188]]]}},{"type":"Feature","properties":{"DPTO_CCDGO":"47","MPIO_CCNCT":"47318","MPIO_CNMBR":"GUAMAL"},"geometry":{"type":"Polygon","coordinates":[[[-73.98184565458943,9.38605206624472],[-74.17526157166883,9.088579393684027],[-74.29767670906084,9.176581725983231],[-74.1862789340341,9.332754879077594],[-73.98184565458943,9.38605206624472]]]}},{"type":"Feature","properties":{"DPTO_CCDGO":"47","MPIO_CCNCT":"47460","MPIO_CNMBR":"NUEVA GRANADA"},"geometry":{"type":"Polygon","coordinates":[[[-74.26829707608675,9.879360914907867],[-74.17770987441666,9.61907232641726],[-74.45069563080087,9.609156570665238],[-74.41152278683542,9.755413968007579],[-74.48007526377495,9.833500544554761],[-74.40050542447014,9.952489613579038],[-74.26829707608675,9.879360914907867]]]}},{"type":"Feature","properties":{"DPTO_CCDGO":"47","MPIO_CCNCT":"47545","MPIO_CNMBR":"PIJIÑO DEL CARMEN"},"geometry":{"type":"Polygon","coordinates":[[[-73.8104644622406,9.673608983053388],[-74.03693246641583,9.591803998099198],[-74.48007526377495,9.303007611821526],[-74.47517865827928,9.400925699872753],[-74.29278010356516,9.43810978394284],[-73.95981092985886,9.731864048096524],[-73.8104644622406,9.673608983053388]]]}},{"type":"Feature","properties":{"DPTO_CCDGO":"47","MPIO_CCNCT":"47551","MPIO_CNMBR":"PIVIJAY"},"geometry":{"type":"Polygon","coordinates":[[[-74.24381404860836,10.557350714452445],[-74.1801581771645,10.382585519323039],[-74.37602239699173,10.21525714100765],[-74.41764354370503,10.263596450298762],[-74.46538544728791,10.20286244631762],[-74.68450854321962,10.470587851622243],[-74.66859457535867,10.56354806179746],[-74.49109262614023,10.56354806179746],[-74.44947147942695,10.671381905600711],[-74.24381404860836,10.557350714452445]]]}},{"type":"Feature","properties":{"DPTO_CCDGO":"47","MPIO_CCNCT":"47555","MPIO_CNMBR":"PLATO"},"geometry":{"type":"Polygon","coordinates":[[[-74.44212657118342,10.016942025967188],[-74.45069563080087,9.609156570665238],[-74.52169641048823,9.565775139250137],[-74.6649221212369,9.645101185266322],[-74.77754404763756,9.507520074207001],[-74.83997576770749,9.809950624643706],[-74.57923152506248,9.886797731721884],[-74.54250698384489,10.029336720657216],[-74.44212657118342,10.016942025967188]]]}},{"type":"Feature","properties":{"DPTO_CCDGO":"47","MPIO_CCNCT":"47570","MPIO_CNMBR":"PUEBLOVIEJO"},"geometry":{"type":"Polygon","coordinates":[[[-74.264624621965,11.00603866223149],[-74.21933102112995,10.662705619317691],[-74.42743675469639,10.723439623298832],[-74.48497186927064,10.981249272851432],[-74.264624621965,11.00603866223149]]]}},{"type":"Feature","properties":{"DPTO_CCDGO":"47","MPIO_CCNCT":"47605","MPIO_CNMBR":"REMOLINO"},"geometry":{"type":"Polygon","coordinates":[[[-74.42743675469639,10.723439623298832],[-74.56086925445368,10.539998141886405],[-74.74694026328956,10.651550394096665],[-74.72612968993292,10.72715803170584],[-74.42743675469639,10.723439623298832]]]}},{"type":"Feature","properties":{"DPTO_CCDGO":"47","MPIO_CCNCT":"47660","MPIO_CNMBR":"SABANAS DE SAN ANGEL"},"geometry":{"type":"Polygon","coordinates":[[[-74.1801581771645,10.382585519323039],[-74.19484799365155,10.186749343220583],[-74.12751966808594,10.20658085472463],[-74.034484163668,9.998349983932144],[-74.24748650273011,9.97108165561408],[-74.26829707608675,9.879360914907867],[-74.44212657118342,10.016942025967188],[-74.39316051622662,10.13841003392947],[-74.46538544728791,10.20286244631762],[-74.1801581771645,10.382585519323039]]]}},{"type":"Feature","properties":{"DPTO_CCDGO":"47","MPIO_CCNCT":"47675","MPIO_CNMBR":"SALAMINA"},"geometry":{"type":"Polygon","coordinates":[[[-74.72612968993292,10.600732145867546],[-74.68450854321962,10.470587851622243],[-74.81182028610732,10.450756340118197],[-74.72612968993292,10.600732145867546]]]}},{"type":"Feature","properties":{"DPTO_CCDGO":"47","MPIO_CCNCT":"47692","MPIO_CNMBR":"SAN SEBASTIAN DE BUENAVISTA"},"geometry":{"type":"Polygon","coordinates":[[[-74.13976118182514,9.49388591004797],[-73.97817320046767,9.389770474651728],[-74.1862789340341,9.332754879077594],[-74.30012501180869,9.203850054301295],[-74.41764354370503,9.23607626049537],[-74.13976118182514,9.49388591004797]]]}},{"type":"Feature","properties":{"DPTO_CCDGO":"47","MPIO_CCNCT":"47703","MPIO_CNMBR":"SAN ZENON"},"geometry":{"type":"Polygon","coordinates":[[[-74.41764354370503,9.23607626049537],[-74.5314896214796,9.255907771999416],[-74.1862789340341,9.483970154295946],[-74.24381404860836,9.350107451643636],[-74.41764354370503,9.23607626049537]]]}},{"type":"Feature","properties":{"DPTO_CCDGO":"47","MPIO_CCNCT":"47707","MPIO_CNMBR":"SANTA ANA"},"geometry":{"type":"Polygon","coordinates":[[[-73.96715583810239,9.75169555960057],[-73.8104644622406,9.673608983053388],[-73.95981092985886,9.731864048096524],[-74.29278010356516,9.43810978394284],[-74.47517865827928,9.400925699872753],[-74.5314896214796,9.255907771999416],[-74.65635306161946,9.383573127306713],[-74.45069563080087,9.609156570665238],[-74.21688271838211,9.581888242347175],[-74.09446758099008,9.703356250309458],[-73.96715583810239,9.75169555960057]]]}},{"type":"Feature","properties":{"DPTO_CCDGO":"47","MPIO_CCNCT":"47720","MPIO_CNMBR":"SANTA BARBARA DE PINTO"},"geometry":{"type":"Polygon","coordinates":[[[-74.52169641048823,9.565775139250137],[-74.62942173139322,9.39100994412073],[-74.80080292374204,9.441828192349849],[-74.6649221212369,9.645101185266322],[-74.52169641048823,9.565775139250137]]]}},{"type":"Feature","properties":{"DPTO_CCDGO":"47","MPIO_CCNCT":"47745","MPIO_CNMBR":"SITIONUEVO"},"geometry":{"type":"Polygon","coordinates":[[[-74.48497186927064,10.981249272851432],[-74.42743675469639,10.723439623298832],[-74.72612968993292,10.72715803170584],[-74.8522172814467,11.10519621975172],[-74.48497186927064,10.981249272851432]]]}},{"type":"Feature","properties":{"DPTO_CCDGO":"47","MPIO_CCNCT":"47798","MPIO_CNMBR":"TENERIFE"},"geometry":{"type":"Polygon","coordinates":[[[-74.66124966711514,10.011984148091177],[-74.55474849758409,9.947531735703025],[-74.57923152506248,9.886797731721884],[-74.83997576770749,9.809950624643706],[-74.86201049243806,9.943813327296017],[-74.66124966711514,10.011984148091177]]]}},{"type":"Feature","properties":{"DPTO_CCDGO":"47","MPIO_CCNCT":"47960","MPIO_CNMBR":"ZAPAYAN"},"geometry":{"type":"Polygon","coordinates":[[[-74.586576433306,10.218975549414658],[-74.66124966711514,10.011984148091177],[-74.78978556137676,10.013223617560179],[-74.70164666245451,10.274751675519788],[-74.586576433306,10.218975549414658]]]}},{"type":"Feature","properties":{"DPTO_CCDGO":"47","MPIO_CCNCT":"47980","MPIO_CNMBR":"ZONA BANANERA (SEVILLA)"},"geometry":{"type":"Polygon","coordinates":[[[-74.15200269556433,10.63667676046863],[-74.26707292471283,10.799047260908008],[-74.16669251205138,10.956459883471375],[-74.08712267274656,10.755665829492907],[-74.15200269556433,10.63667676046863]]]}},{"type":"Feature","properties":{"DPTO_CCDGO":"47","MPIO_CCNCT":"47053","MPIO_CNMBR":"ARACATACA"},"geometry":{"type":"Polygon","coordinates":[[[-73.5986862745524,10.836231344978094],[-73.61704854516121,10.64535304675165],[-73.83984409521469,10.509011405161333],[-74.03081170954624,10.42596695073814],[-74.21565856700819,10.536279733479397],[-74.25727971372147,10.665184558255696],[-74.08834682412049,10.61932418790259],[-73.76517086140555,10.875894367986186],[-73.5986862745524,10.836231344978094]]]}},{"type":"Feature","properties":{"DPTO_CCDGO":"47","MPIO_CCNCT":"47189","MPIO_CNMBR":"CIENAGA"},"geometry":{"type":"Polygon","coordinates":[[[-73.76517086140555,10.875894367986186],[-74.08834682412049,10.61932418790259],[-74.15200269556433,10.63667676046863],[-74.10915739747713,10.870936490110175],[-74.16669251205138,10.956459883471375],[-74.26584877333892,10.865978612234164],[-74.264624621965,11.00603866223149],[-74.1067090947293,11.076688421964654],[-73.87044787956269,10.989925559134452],[-73.85575806307565,10.864739142765162],[-73.76517086140555,10.875894367986186]]]}},{"type":"Feature","properties":{"DPTO_CCDGO":"47","MPIO_CCNCT":"47288","MPIO_CNMBR":"FUNDACION"},"geometry":{"type":"Polygon","coordinates":[[[-73.56318588470872,10.504053527285322],[-73.89248260429325,10.391261805606058],[-73.97817320046767,10.277230614457793],[-74.11038154885105,10.392501275075062],[-74.15812345243394,10.356556660473977],[-74.24381404860836,10.557350714452445],[-74.03081170954624,10.42596695073814],[-73.61704854516121,10.64535304675165],[-73.56318588470872,10.504053527285322]]]}},{"type":"Feature","properties":{"DPTO_CCDGO":"47","MPIO_CCNCT":"47001","MPIO_CNMBR":"SANTA MARTA"},"geometry":{"type":"Polygon","coordinates":[[[-73.57542739844793,11.26012990337708],[-73.6647904487441,10.989925559134452],[-73.5986862745524,10.836231344978094],[-73.85575806307565,10.864739142765162],[-73.87044787956269,10.989925559134452],[-74.21443441563427,11.075448952495652],[-74.23769329173875,11.221706349837993],[-74.14588193869474,11.335737540986257],[-73.57542739844793,11.26012990337708]]]}},{"type":"Feature","properties":{"DPTO_CCDGO":"47","MPIO_CCNCT":"47245","MPIO_CNMBR":"EL BANCO"},"geometry":{"type":"Polygon","coordinates":[[[-73.79944709987532,9.058832126427957],[-73.86799957681485,8.936124648996671],[-74.17526157166883,9.088579393684027],[-73.98919056283295,9.351346921112638],[-73.96225923260671,9.187736951204258],[-73.79944709987532,9.058832126427957]]]}},{"type":"Feature","properties":{"DPTO_CCDGO":"70","MPIO_CCNCT":"70001","MPIO_CNMBR":"SINCELEJO"},"geometry":{"type":"Polygon","coordinates":[[[-75.3981887942151,9.395967821996742],[-75.33820537689301,9.314162837042552],[-75.3492227392583,9.226160504743346],[-75.47775863351991,9.247231485716396],[-75.54141450496377,9.393488883058737],[-75.3981887942151,9.395967821996742]]]}},{"type":"Feature","properties":{"DPTO_CCDGO":"70","MPIO_CCNCT":"70110","MPIO_CNMBR":"BUENAVISTA"},"geometry":{"type":"Polygon","coordinates":[[[-74.95994260235167,9.434391375535832],[-74.94158033174287,9.2918523866005],[-74.90852824464702,9.205089523770297],[-75.00768450593456,9.324078592794574],[-74.95994260235167,9.434391375535832]]]}},{"type":"Feature","properties":{"DPTO_CCDGO":"70","MPIO_CCNCT":"70124","MPIO_CNMBR":"CAIMITO"},"geometry":{"type":"Polygon","coordinates":[[[-75.1864106065269,8.91381419855462],[-75.01380526280415,8.804740885282365],[-75.03094338203904,8.653525610064014],[-75.21701439087491,8.7340911255492],[-75.1864106065269,8.91381419855462]]]}},{"type":"Feature","properties":{"DPTO_CCDGO":"70","MPIO_CCNCT":"70204","MPIO_CNMBR":"COLOSO (RICAURTE)"},"geometry":{"type":"Polygon","coordinates":[[[-75.40063709696294,9.628988082169284],[-75.28556686781444,9.503801665799992],[-75.36391255574533,9.444307131287854],[-75.40063709696294,9.628988082169284]]]}},{"type":"Feature","properties":{"DPTO_CCDGO":"70","MPIO_CCNCT":"70215","MPIO_CNMBR":"COROZAL"},"geometry":{"type":"Polygon","coordinates":[[[-75.23660081285763,9.340191695891612],[-75.2708770513274,9.210047401646309],[-75.12153058370913,9.099734618905051],[-75.3492227392583,9.226160504743346],[-75.33820537689301,9.314162837042552],[-75.23660081285763,9.340191695891612]]]}},{"type":"Feature","properties":{"DPTO_CCDGO":"70","MPIO_CCNCT":"70221","MPIO_CNMBR":"COVEÑAS"},"geometry":{"type":"Polygon","coordinates":[[[-75.60751867915546,9.469096520667913],[-75.64913982586874,9.362502146333664],[-75.70422663769516,9.372417902085687],[-75.60751867915546,9.469096520667913]]]}},{"type":"Feature","properties":{"DPTO_CCDGO":"70","MPIO_CCNCT":"70230","MPIO_CNMBR":"CHALAN"},"geometry":{"type":"Polygon","coordinates":[[[-75.32718801452774,9.616593387479256],[-75.28434271644052,9.576930364471163],[-75.28556686781444,9.503801665799992],[-75.35044689063221,9.536027871994067],[-75.32718801452774,9.616593387479256]]]}},{"type":"Feature","properties":{"DPTO_CCDGO":"70","MPIO_CCNCT":"70233","MPIO_CNMBR":"EL ROBLE"},"geometry":{"type":"Polygon","coordinates":[[[-75.27210120270132,9.138158172444141],[-75.0284950792912,9.04767690120693],[-75.12765134057874,9.010492817136845],[-75.27210120270132,9.138158172444141]]]}},{"type":"Feature","properties":{"DPTO_CCDGO":"70","MPIO_CCNCT":"70235","MPIO_CNMBR":"GALERAS (NUEVA GRANADA)"},"geometry":{"type":"Polygon","coordinates":[[[-74.90852824464702,9.205089523770297],[-74.84364822182926,9.107171435719069],[-75.0284950792912,9.04767690120693],[-75.08235773974368,9.109650374657075],[-75.07501283150017,9.201371115363289],[-74.90852824464702,9.205089523770297]]]}},{"type":"Feature","properties":{"DPTO_CCDGO":"70","MPIO_CCNCT":"70265","MPIO_CNMBR":"GUARANDA"},"geometry":{"type":"Polygon","coordinates":[[[-74.53883452972312,8.427942166705488],[-74.78121650175932,8.277966360956139],[-74.83997576770749,8.394476491042411],[-74.6649221212369,8.38208179635238],[-74.56943831407112,8.50974715165968],[-74.53883452972312,8.427942166705488]]]}},{"type":"Feature","properties":{"DPTO_CCDGO":"70","MPIO_CCNCT":"70400","MPIO_CNMBR":"LA UNION"},"geometry":{"type":"Polygon","coordinates":[[[-75.20354872576179,8.915053668023623],[-75.21701439087491,8.7340911255492],[-75.33575707414516,8.71178067510715],[-75.36391255574533,8.829530274662423],[-75.20354872576179,8.915053668023623]]]}},{"type":"Feature","properties":{"DPTO_CCDGO":"70","MPIO_CCNCT":"70418","MPIO_CNMBR":"LOS PALMITOS"},"geometry":{"type":"Polygon","coordinates":[[[-75.28556686781444,9.500083257392983],[-75.1129615240917,9.400925699872753],[-75.28556686781444,9.35258639058164],[-75.28556686781444,9.500083257392983]]]}},{"type":"Feature","properties":{"DPTO_CCDGO":"70","MPIO_CCNCT":"70429","MPIO_CNMBR":"MAJAGUAL"},"geometry":{"type":"Polygon","coordinates":[[[-74.60861115803657,8.730372717142192],[-74.56943831407112,8.50974715165968],[-74.6649221212369,8.38208179635238],[-74.83997576770749,8.394476491042411],[-74.89873503365565,8.446534208740532],[-74.7187847816894,8.719217491921166],[-74.60861115803657,8.730372717142192]]]}},{"type":"Feature","properties":{"DPTO_CCDGO":"70","MPIO_CCNCT":"70508","MPIO_CNMBR":"OVEJAS"},"geometry":{"type":"Polygon","coordinates":[[[-75.01258111143024,9.528591055180051],[-75.11051322134385,9.440588722880845],[-75.28556686781444,9.500083257392983],[-75.32718801452774,9.616593387479256],[-75.27944611094485,9.686003677743416],[-75.01258111143024,9.528591055180051]]]}},{"type":"Feature","properties":{"DPTO_CCDGO":"70","MPIO_CCNCT":"70523","MPIO_CNMBR":"PALMITO"},"geometry":{"type":"Polygon","coordinates":[[[-75.54141450496377,9.393488883058737],[-75.49856920687655,9.285655039255484],[-75.58425980305097,9.273260344565456],[-75.64913982586874,9.362502146333664],[-75.54141450496377,9.393488883058737]]]}},{"type":"Feature","properties":{"DPTO_CCDGO":"70","MPIO_CCNCT":"70670","MPIO_CNMBR":"SAMPUES"},"geometry":{"type":"Polygon","coordinates":[[[-75.45694806016327,9.237315729964372],[-75.27210120270132,9.138158172444141],[-75.22435929911843,9.073705760055992],[-75.44837900054583,9.140637111382148],[-75.45694806016327,9.237315729964372]]]}},{"type":"Feature","properties":{"DPTO_CCDGO":"70","MPIO_CCNCT":"70678","MPIO_CNMBR":"SAN BENITO ABAD"},"geometry":{"type":"Polygon","coordinates":[[[-74.84364822182926,9.107171435719069],[-74.77509574488973,9.037761145454908],[-74.86935540068157,8.900180034395587],[-74.89873503365565,8.446534208740532],[-75.00278790043888,8.522141846349708],[-75.01380526280415,8.804740885282365],[-75.1864106065269,8.91381419855462],[-75.20844533125747,9.0340427370479],[-74.84364822182926,9.107171435719069]]]}},{"type":"Feature","properties":{"DPTO_CCDGO":"70","MPIO_CCNCT":"70702","MPIO_CNMBR":"SAN JUAN DE BETULIA (BETULIA)"},"geometry":{"type":"Polygon","coordinates":[[[-75.20477287713571,9.211286871115313],[-75.27210120270132,9.268302466689445],[-75.14723776256146,9.400925699872753],[-75.20477287713571,9.211286871115313]]]}},{"type":"Feature","properties":{"DPTO_CCDGO":"70","MPIO_CCNCT":"70708","MPIO_CNMBR":"SAN MARCOS"},"geometry":{"type":"Polygon","coordinates":[[[-75.35167104200613,8.658483487940025],[-75.07256452875232,8.713020144576152],[-74.98075317570832,8.598988953427886],[-75.04196074440432,8.457689433961557],[-75.18518645515299,8.396955429980416],[-75.35167104200613,8.658483487940025]]]}},{"type":"Feature","properties":{"DPTO_CCDGO":"70","MPIO_CCNCT":"70713","MPIO_CNMBR":"SAN ONOFRE"},"geometry":{"type":"Polygon","coordinates":[[[-75.54508695908552,10.046689293223256],[-75.46674127115463,9.909108182163937],[-75.33820537689301,9.828542666678748],[-75.37370576673669,9.628988082169284],[-75.57813904618138,9.637664368452304],[-75.64424322037306,9.756653437476581],[-75.57324244068569,10.086352316231348],[-75.49734505550263,10.145846850743487],[-75.54508695908552,10.046689293223256]]]}},{"type":"Feature","properties":{"DPTO_CCDGO":"70","MPIO_CCNCT":"70717","MPIO_CNMBR":"SAN PEDRO"},"geometry":{"type":"Polygon","coordinates":[[[-75.03583998753473,9.474054398543924],[-74.95994260235167,9.434391375535832],[-75.00768450593456,9.324078592794574],[-75.1129615240917,9.400925699872753],[-75.03583998753473,9.474054398543924]]]}},{"type":"Feature","properties":{"DPTO_CCDGO":"70","MPIO_CCNCT":"70742","MPIO_CNMBR":"SINCE"},"geometry":{"type":"Polygon","coordinates":[[[-75.1129615240917,9.400925699872753],[-74.93668372624718,9.210047401646309],[-75.07501283150017,9.201371115363289],[-75.08235773974368,9.109650374657075],[-75.20477287713571,9.211286871115313],[-75.1129615240917,9.400925699872753]]]}},{"type":"Feature","properties":{"DPTO_CCDGO":"70","MPIO_CCNCT":"70771","MPIO_CNMBR":"SUCRE"},"geometry":{"type":"Polygon","coordinates":[[[-74.56454170857545,8.83696709147644],[-74.60861115803657,8.730372717142192],[-74.7187847816894,8.719217491921166],[-74.84609652457709,8.530818132632728],[-74.91709730426446,8.629975690152959],[-74.84976897869885,8.675836060506066],[-74.83752746495965,8.974548202535761],[-74.77509574488973,9.037761145454908],[-74.63921494238457,8.977027141473766],[-74.56454170857545,8.83696709147644]]]}},{"type":"Feature","properties":{"DPTO_CCDGO":"70","MPIO_CCNCT":"70820","MPIO_CNMBR":"TOLU"},"geometry":{"type":"Polygon","coordinates":[[[-75.45694806016327,9.635185429514298],[-75.54141450496377,9.393488883058737],[-75.61731189014682,9.405883577748765],[-75.57813904618138,9.637664368452304],[-75.45694806016327,9.635185429514298]]]}},{"type":"Feature","properties":{"DPTO_CCDGO":"70","MPIO_CCNCT":"70823","MPIO_CNMBR":"TOLUVIEJO"},"geometry":{"type":"Polygon","coordinates":[[[-75.45694806016327,9.635185429514298],[-75.36391255574533,9.444307131287854],[-75.48877599588519,9.388531005182724],[-75.45694806016327,9.635185429514298]]]}},{"type":"Feature","properties":{"DPTO_CCDGO":"70","MPIO_CCNCT":"70473","MPIO_CNMBR":"MORROA"},"geometry":{"type":"Polygon","coordinates":[[[-75.30025668430149,9.472814929074922],[-75.25985968896212,9.410841455624777],[-75.33820537689301,9.314162837042552],[-75.3981887942151,9.395967821996742],[-75.30025668430149,9.472814929074922]]]}},{"type":"Feature","properties":{"DPTO_CCDGO":"88","MPIO_CCNCT":"88001","MPIO_CNMBR":"SAN ANDRES"},"geometry":{"type":"Polygon","coordinates":[[[-81.72215479188687,12.577685948927147],[-81.70379252127806,12.542980803795068],[-81.73562045699998,12.530586109105037],[-81.72215479188687,12.577685948927147]]]}},{"type":"Feature","properties":{"DPTO_CCDGO":"88","MPIO_CCNCT":"88564","MPIO_CNMBR":"PROVIDENCIA"},"geometry":{"type":"Polygon","coordinates":[[[-81.36470259070217,13.385820042717029],[-81.35980598520648,13.335001794487912],[-81.39285807230233,13.356072775460959],[-81.36470259070217,13.385820042717029]]]}},{"type":"Feature","properties":{"DPTO_CCDGO":"81","MPIO_CCNCT":"81001","MPIO_CNMBR":"ARAUCA"},"geometry":{"type":"Polygon","coordinates":[[[-69.76219586868649,6.53031440966207],[-70.40977194549028,6.6468245397483425],[-70.65460222027433,6.4844540393089645],[-70.72805130270953,6.587330005236204],[-70.95819176100653,6.65426135656236],[-71.03898575168526,6.83522389903678],[-71.17119410006865,6.871168513637864],[-71.089175958016,6.983960235317127],[-70.69744751836153,7.094273018058384],[-70.32285719794194,6.934381456557011],[-70.11719976712335,6.979002357441116],[-69.76219586868649,6.53031440966207]]]}},{"type":"Feature","properties":{"DPTO_CCDGO":"81","MPIO_CCNCT":"81591","MPIO_CNMBR":"PUERTO RONDON"},"geometry":{"type":"Polygon","coordinates":[[[-70.65460222027433,6.4844540393089645],[-70.71948224309209,6.220447042411349],[-70.98389893985886,6.229123328694369],[-71.2776952695997,6.303491496834543],[-71.26790205860834,6.505525020282013],[-71.33890283829571,6.5699774326701625],[-70.90677740330189,6.552624860104123],[-70.88474267857131,6.623274619837288],[-70.72805130270953,6.587330005236204],[-70.65460222027433,6.4844540393089645]]]}},{"type":"Feature","properties":{"DPTO_CCDGO":"81","MPIO_CCNCT":"81220","MPIO_CNMBR":"CRAVO NORTE"},"geometry":{"type":"Polygon","coordinates":[[[-69.76219586868649,6.53031440966207],[-69.42800254360628,6.107655320732087],[-69.61407355244215,6.03576609152992],[-69.89195591432204,6.054358133564962],[-70.19921790917601,6.294815210551523],[-70.71948224309209,6.220447042411349],[-70.65460222027433,6.4844540393089645],[-70.40977194549028,6.6468245397483425],[-69.76219586868649,6.53031440966207]]]}},{"type":"Feature","properties":{"DPTO_CCDGO":"81","MPIO_CCNCT":"81065","MPIO_CNMBR":"ARAUQUITA"},"geometry":{"type":"Polygon","coordinates":[[[-71.089175958016,6.983960235317127],[-71.17119410006865,6.871168513637864],[-71.03898575168526,6.83522389903678],[-70.90677740330189,6.552624860104123],[-71.33890283829571,6.5699774326701625],[-71.6706478606281,6.8748869220448725],[-71.69268258535865,7.037257422484251],[-71.089175958016,6.983960235317127]]]}},{"type":"Feature","properties":{"DPTO_CCDGO":"81","MPIO_CCNCT":"81300","MPIO_CNMBR":"FORTUL"},"geometry":{"type":"Polygon","coordinates":[[[-71.45397306744421,6.6753323375354086],[-71.88609850243805,6.684008623818428],[-71.9803581582299,6.555103799042129],[-72.12848047447424,6.524117062317057],[-72.10032499287408,6.745982097268573],[-71.6706478606281,6.8748869220448725],[-71.45397306744421,6.6753323375354086]]]}},{"type":"Feature","properties":{"DPTO_CCDGO":"81","MPIO_CCNCT":"81736","MPIO_CNMBR":"SARAVENA"},"geometry":{"type":"Polygon","coordinates":[[[-71.69268258535865,7.037257422484251],[-71.6706478606281,6.8748869220448725],[-71.75878675955035,6.810434509656723],[-72.10032499287408,6.745982097268573],[-71.94853022250797,7.011228563635191],[-71.69268258535865,7.037257422484251]]]}},{"type":"Feature","properties":{"DPTO_CCDGO":"81","MPIO_CCNCT":"81794","MPIO_CNMBR":"TAME"},"geometry":{"type":"Polygon","coordinates":[[[-71.45397306744421,6.6753323375354086],[-71.26790205860834,6.505525020282013],[-71.22505676052114,6.294815210551523],[-71.34502359516532,6.2316022676323755],[-71.96077173624718,6.167149855244226],[-72.1382736854656,6.066752828254991],[-72.3439311162842,6.226644389756364],[-72.36718999238869,6.307209905241551],[-72.26068882285763,6.442312077362866],[-71.9803581582299,6.555103799042129],[-71.88609850243805,6.684008623818428],[-71.45397306744421,6.6753323375354086]]]}},{"type":"Feature","properties":{"DPTO_CCDGO":"15","MPIO_CCNCT":"15001","MPIO_CNMBR":"TUNJA"},"geometry":{"type":"Polygon","coordinates":[[[-73.34161448602916,5.58459920481287],[-73.36120090801188,5.4742864220716125],[-73.4468915041863,5.469328544195601],[-73.4224084767079,5.561049284901815],[-73.34161448602916,5.58459920481287]]]}},{"type":"Feature","properties":{"DPTO_CCDGO":"15","MPIO_CCNCT":"15022","MPIO_CNMBR":"ALMEIDA"},"geometry":{"type":"Polygon","coordinates":[[[-73.37711487587285,5.015682718540544],[-73.37589072449893,4.928919855710342],[-73.43954659594277,4.907848874737294],[-73.37711487587285,5.015682718540544]]]}},{"type":"Feature","properties":{"DPTO_CCDGO":"15","MPIO_CCNCT":"15047","MPIO_CNMBR":"AQUITANIA (PUEBLOVIEJO)"},"geometry":{"type":"Polygon","coordinates":[[[-72.71362483120811,5.625501697289964],[-72.66710707899914,5.4358628685325225],[-72.7381078586865,5.470568013664604],[-72.9376445326355,5.204082077828984],[-73.00986946369679,5.213997833581006],[-73.04292155079264,5.360255230923347],[-72.8960233859222,5.613107002599936],[-72.71362483120811,5.625501697289964]]]}},{"type":"Feature","properties":{"DPTO_CCDGO":"15","MPIO_CCNCT":"15051","MPIO_CNMBR":"ARCABUCO"},"geometry":{"type":"Polygon","coordinates":[[[-73.47137453166471,5.821337873392421],[-73.38201148136854,5.760603869411279],[-73.36364921075973,5.663925250829054],[-73.5068749215084,5.724659254810195],[-73.47137453166471,5.821337873392421]]]}},{"type":"Feature","properties":{"DPTO_CCDGO":"15","MPIO_CCNCT":"15087","MPIO_CNMBR":"BELEN"},"geometry":{"type":"Polygon","coordinates":[[[-72.81278109249564,6.023371396839892],[-72.91438565653101,5.945284820292709],[-72.96947246835742,6.019652988432883],[-72.92295471614845,6.097739564980063],[-72.81278109249564,6.023371396839892]]]}},{"type":"Feature","properties":{"DPTO_CCDGO":"15","MPIO_CCNCT":"15090","MPIO_CNMBR":"BERBEO"},"geometry":{"type":"Polygon","coordinates":[[[-73.07230118376673,5.169376932696903],[-73.14819856894977,5.228871467209041],[-73.06373212414928,5.300760696411208],[-73.10168081674081,5.210279425173997],[-73.07230118376673,5.169376932696903]]]}},{"type":"Feature","properties":{"DPTO_CCDGO":"15","MPIO_CCNCT":"15092","MPIO_CNMBR":"BETEITIVA"},"geometry":{"type":"Polygon","coordinates":[[[-72.81767769799131,5.977511026486784],[-72.85807469333068,5.865958774276525],[-72.92540301889629,5.929171717195672],[-72.81767769799131,5.977511026486784]]]}},{"type":"Feature","properties":{"DPTO_CCDGO":"15","MPIO_CCNCT":"15097","MPIO_CNMBR":"BOAVITA"},"geometry":{"type":"Polygon","coordinates":[[[-72.66098632212953,6.443551546831868],[-72.57529572595512,6.350591336656652],[-72.6352791432772,6.220447042411349],[-72.66098632212953,6.443551546831868]]]}},{"type":"Feature","properties":{"DPTO_CCDGO":"15","MPIO_CCNCT":"15104","MPIO_CNMBR":"BOYACA"},"geometry":{"type":"Polygon","coordinates":[[[-73.36120090801188,5.4742864220716125],[-73.42608093082966,5.408594540214459],[-73.4407707473167,5.414791887559474],[-73.36120090801188,5.4742864220716125]]]}},{"type":"Feature","properties":{"DPTO_CCDGO":"15","MPIO_CCNCT":"15106","MPIO_CNMBR":"BRICEÑO"},"geometry":{"type":"Polygon","coordinates":[[[-73.94512111337183,5.693672518085123],[-73.86432712269308,5.637896391979993],[-73.89737920978894,5.619304349944951],[-73.94512111337183,5.693672518085123]]]}},{"type":"Feature","properties":{"DPTO_CCDGO":"15","MPIO_CCNCT":"15109","MPIO_CNMBR":"BUENAVISTA"},"geometry":{"type":"Polygon","coordinates":[[[-73.91084487490205,5.523865200831729],[-73.94756941611966,5.423468173842494],[-74.01489774168527,5.478004830478621],[-73.99041471420688,5.525104670300731],[-73.91084487490205,5.523865200831729]]]}},{"type":"Feature","properties":{"DPTO_CCDGO":"15","MPIO_CCNCT":"15114","MPIO_CNMBR":"BUSBANZA"},"geometry":{"type":"Polygon","coordinates":[[[-72.85807469333068,5.865958774276525],[-72.8960233859222,5.8126615871094],[-72.87276450981773,5.8746350605595445],[-72.85807469333068,5.865958774276525]]]}},{"type":"Feature","properties":{"DPTO_CCDGO":"15","MPIO_CCNCT":"15131","MPIO_CNMBR":"CALDAS"},"geometry":{"type":"Polygon","coordinates":[[[-73.86432712269308,5.637896391979993],[-73.84841315483213,5.54617565127378],[-73.91084487490205,5.523865200831729],[-73.9255346913891,5.573443979591843],[-73.86432712269308,5.637896391979993]]]}},{"type":"Feature","properties":{"DPTO_CCDGO":"15","MPIO_CCNCT":"15135","MPIO_CNMBR":"CAMPOHERMOSO"},"geometry":{"type":"Polygon","coordinates":[[[-73.02945588567951,4.992132798629489],[-73.17512989917601,4.896693649516267],[-73.24857898161123,5.068979905707669],[-73.11269817910609,5.1123613371227705],[-73.02945588567951,4.992132798629489]]]}},{"type":"Feature","properties":{"DPTO_CCDGO":"15","MPIO_CCNCT":"15162","MPIO_CNMBR":"CERINZA"},"geometry":{"type":"Polygon","coordinates":[[[-72.96947246835742,6.019652988432883],[-72.92785132164414,5.924213839319659],[-73.0110936150707,5.962637392858749],[-72.96947246835742,6.019652988432883]]]}},{"type":"Feature","properties":{"DPTO_CCDGO":"15","MPIO_CCNCT":"15172","MPIO_CNMBR":"CHINAVITA"},"geometry":{"type":"Polygon","coordinates":[[[-73.32937297228996,5.261097673403116],[-73.26816540359395,5.155742768537872],[-73.36364921075973,5.137150726502828],[-73.40159790335126,5.242505631368074],[-73.32937297228996,5.261097673403116]]]}},{"type":"Feature","properties":{"DPTO_CCDGO":"15","MPIO_CCNCT":"15176","MPIO_CNMBR":"CHIQUINQUIRA"},"geometry":{"type":"Polygon","coordinates":[[[-73.68560102210074,5.629220105696973],[-73.84841315483213,5.54617565127378],[-73.88636184742366,5.689954109678114],[-73.7798606778926,5.634177983572984],[-73.68560102210074,5.629220105696973]]]}},{"type":"Feature","properties":{"DPTO_CCDGO":"15","MPIO_CCNCT":"15183","MPIO_CNMBR":"CHITA"},"geometry":{"type":"Polygon","coordinates":[[[-72.39656962536277,6.27250476010947],[-72.32067224017972,6.087823809228041],[-72.34025866216244,5.891987633125584],[-72.54224363885928,6.069231767192997],[-72.4957258866503,6.287378393737505],[-72.39656962536277,6.27250476010947]]]}},{"type":"Feature","properties":{"DPTO_CCDGO":"15","MPIO_CCNCT":"15185","MPIO_CNMBR":"CHITARAQUE"},"geometry":{"type":"Polygon","coordinates":[[[-73.4040462060991,6.055597603033966],[-73.37099411900326,6.00601882427385],[-73.43342583907318,5.8981849804705995],[-73.4958575591431,5.987426782238806],[-73.4040462060991,6.055597603033966]]]}},{"type":"Feature","properties":{"DPTO_CCDGO":"15","MPIO_CCNCT":"15187","MPIO_CNMBR":"CHIVATA"},"geometry":{"type":"Polygon","coordinates":[[[-73.21307859176754,5.626741166758967],[-73.22776840825459,5.553612468087797],[-73.30856239893332,5.543696712335775],[-73.3073382475594,5.569725571184835],[-73.21307859176754,5.626741166758967]]]}},{"type":"Feature","properties":{"DPTO_CCDGO":"15","MPIO_CCNCT":"15189","MPIO_CNMBR":"CIENEGA"},"geometry":{"type":"Polygon","coordinates":[[[-73.22164765138498,5.4073550707454565],[-73.28530352282884,5.34910000570232],[-73.31468315580292,5.449497032691555],[-73.22164765138498,5.4073550707454565]]]}},{"type":"Feature","properties":{"DPTO_CCDGO":"15","MPIO_CCNCT":"15204","MPIO_CNMBR":"COMBITA"},"geometry":{"type":"Polygon","coordinates":[[[-73.35752845389013,5.806464239764386],[-73.26694125222004,5.663925250829054],[-73.34161448602916,5.58459920481287],[-73.35752845389013,5.806464239764386]]]}},{"type":"Feature","properties":{"DPTO_CCDGO":"15","MPIO_CCNCT":"15212","MPIO_CNMBR":"COPER"},"geometry":{"type":"Polygon","coordinates":[[[-73.99041471420688,5.525104670300731],[-73.94756941611966,5.423468173842494],[-73.9989837738243,5.367692047737364],[-74.09691588373792,5.470568013664604],[-73.99041471420688,5.525104670300731]]]}},{"type":"Feature","properties":{"DPTO_CCDGO":"15","MPIO_CCNCT":"15215","MPIO_CNMBR":"CORRALES"},"geometry":{"type":"Polygon","coordinates":[[[-72.79809127600859,5.853564079586496],[-72.87521281256556,5.770519625163303],[-72.8960233859222,5.79530901454336],[-72.85807469333068,5.865958774276525],[-72.79809127600859,5.853564079586496]]]}},{"type":"Feature","properties":{"DPTO_CCDGO":"15","MPIO_CCNCT":"15377","MPIO_CNMBR":"LABRANZAGRANDE"},"geometry":{"type":"Polygon","coordinates":[[[-72.57039912045944,5.70978562118216],[-72.44431152894566,5.52014679242472],[-72.58386478557256,5.382565681365399],[-72.71362483120811,5.625501697289964],[-72.57039912045944,5.70978562118216]]]}},{"type":"Feature","properties":{"DPTO_CCDGO":"15","MPIO_CCNCT":"15380","MPIO_CNMBR":"LA CAPILLA"},"geometry":{"type":"Polygon","coordinates":[[[-73.41996017396005,5.122277092874793],[-73.47994359128215,5.061543088893652],[-73.4774952885343,5.148305951723854],[-73.41996017396005,5.122277092874793]]]}},{"type":"Feature","properties":{"DPTO_CCDGO":"15","MPIO_CCNCT":"15401","MPIO_CNMBR":"LA VICTORIA"},"geometry":{"type":"Polygon","coordinates":[[[-74.21565856700819,5.4978363419826675],[-74.25483141097364,5.4978363419826675],[-74.24014159448659,5.538738834459762],[-74.21565856700819,5.4978363419826675]]]}},{"type":"Feature","properties":{"DPTO_CCDGO":"15","MPIO_CCNCT":"15403","MPIO_CNMBR":"LA UVITA"},"geometry":{"type":"Polygon","coordinates":[[[-72.51776061138087,6.34935186718765],[-72.55203684985064,6.177065610996248],[-72.63283084052937,6.204333939314312],[-72.57529572595512,6.350591336656652],[-72.51776061138087,6.34935186718765]]]}},{"type":"Feature","properties":{"DPTO_CCDGO":"15","MPIO_CCNCT":"15542","MPIO_CNMBR":"PESCA"},"geometry":{"type":"Polygon","coordinates":[[[-72.99885210133151,5.629220105696973],[-73.05026645903615,5.373889395082379],[-73.1261638442192,5.357776291985342],[-73.14697441757585,5.48172323888563],[-73.07597363788848,5.627980636227971],[-72.99885210133151,5.629220105696973]]]}},{"type":"Feature","properties":{"DPTO_CCDGO":"15","MPIO_CCNCT":"15550","MPIO_CNMBR":"PISBA"},"geometry":{"type":"Polygon","coordinates":[[[-72.29741336407523,5.754406522066265],[-72.51408815725911,5.608149124723925],[-72.58386478557256,5.770519625163303],[-72.46144964818055,5.847366732241481],[-72.29741336407523,5.754406522066265]]]}},{"type":"Feature","properties":{"DPTO_CCDGO":"15","MPIO_CCNCT":"15572","MPIO_CNMBR":"PUERTO BOYACA"},"geometry":{"type":"Polygon","coordinates":[[[-74.22177932387778,5.96759527073476],[-74.29645255768692,5.764322277818287],[-74.33440125027845,5.827535220737435],[-74.66124966711514,5.751927583128259],[-74.52659301598392,6.273744229578474],[-74.37847069973958,6.039484499936929],[-74.28665934669556,6.08286593135203],[-74.22177932387778,5.96759527073476]]]}},{"type":"Feature","properties":{"DPTO_CCDGO":"15","MPIO_CCNCT":"15580","MPIO_CNMBR":"QUIPAMA"},"geometry":{"type":"Polygon","coordinates":[[[-74.1617959065557,5.598233368971901],[-74.17770987441666,5.4594127884435775],[-74.30624576867828,5.637896391979993],[-74.1617959065557,5.598233368971901]]]}},{"type":"Feature","properties":{"DPTO_CCDGO":"15","MPIO_CCNCT":"15755","MPIO_CNMBR":"SOCOTA"},"geometry":{"type":"Polygon","coordinates":[[[-72.65608971663386,6.116331607015107],[-72.4161560473455,5.904382327815613],[-72.62548593228584,5.776716972508316],[-72.65608971663386,6.116331607015107]]]}},{"type":"Feature","properties":{"DPTO_CCDGO":"15","MPIO_CCNCT":"15757","MPIO_CNMBR":"SOCHA"},"geometry":{"type":"Polygon","coordinates":[[[-72.65731386800778,6.063034419847984],[-72.6952625605993,5.870916652152536],[-72.74300446418218,5.987426782238806],[-72.65731386800778,6.063034419847984]]]}},{"type":"Feature","properties":{"DPTO_CCDGO":"15","MPIO_CCNCT":"15759","MPIO_CNMBR":"SOGAMOSO"},"geometry":{"type":"Polygon","coordinates":[[[-72.94498944087901,5.745730235783244],[-72.77115994578236,5.644093739325008],[-72.81155694112172,5.58459920481287],[-72.96335171148782,5.649051617201019],[-72.94498944087901,5.745730235783244]]]}},{"type":"Feature","properties":{"DPTO_CCDGO":"15","MPIO_CCNCT":"15761","MPIO_CNMBR":"SOMONDOCO"},"geometry":{"type":"Polygon","coordinates":[[[-73.37711487587285,5.015682718540544],[-73.43954659594277,4.907848874737294],[-73.46647792616902,4.98345651234647],[-73.37711487587285,5.015682718540544]]]}},{"type":"Feature","properties":{"DPTO_CCDGO":"15","MPIO_CCNCT":"15842","MPIO_CNMBR":"uMBITA"},"geometry":{"type":"Polygon","coordinates":[[[-73.40159790335126,5.242505631368074],[-73.43709829319494,5.15946117694488],[-73.4774952885343,5.148305951723854],[-73.4774952885343,5.289605471190182],[-73.40159790335126,5.242505631368074]]]}},{"type":"Feature","properties":{"DPTO_CCDGO":"15","MPIO_CCNCT":"15861","MPIO_CNMBR":"VENTAQUEMADA"},"geometry":{"type":"Polygon","coordinates":[[[-73.4162877198383,5.448257563222551],[-73.4774952885343,5.370170986675371],[-73.54849606822168,5.299521226942206],[-73.5925655176828,5.398678784462437],[-73.4162877198383,5.448257563222551]]]}},{"type":"Feature","properties":{"DPTO_CCDGO":"15","MPIO_CCNCT":"15879","MPIO_CNMBR":"VIRACACHA"},"geometry":{"type":"Polygon","coordinates":[[[-73.28652767420276,5.485441647292639],[-73.22164765138498,5.4073550707454565],[-73.31468315580292,5.449497032691555],[-73.28652767420276,5.485441647292639]]]}},{"type":"Feature","properties":{"DPTO_CCDGO":"15","MPIO_CCNCT":"15897","MPIO_CNMBR":"ZETAQUIRA"},"geometry":{"type":"Polygon","coordinates":[[[-73.05026645903615,5.373889395082379],[-73.14819856894977,5.228871467209041],[-73.2950967338202,5.197884730483969],[-73.27306200908963,5.299521226942206],[-73.05026645903615,5.373889395082379]]]}},{"type":"Feature","properties":{"DPTO_CCDGO":"15","MPIO_CCNCT":"15218","MPIO_CNMBR":"COVARACHIA"},"geometry":{"type":"Polygon","coordinates":[[[-72.81155694112172,6.542709104352099],[-72.67934859273834,6.48321456983996],[-72.7381078586865,6.439833138424861],[-72.81155694112172,6.542709104352099]]]}},{"type":"Feature","properties":{"DPTO_CCDGO":"15","MPIO_CCNCT":"15224","MPIO_CNMBR":"CUCAITA"},"geometry":{"type":"Polygon","coordinates":[[[-73.4224084767079,5.561049284901815],[-73.43220168769926,5.485441647292639],[-73.49096095364743,5.548654590211786],[-73.4224084767079,5.561049284901815]]]}},{"type":"Feature","properties":{"DPTO_CCDGO":"15","MPIO_CCNCT":"15226","MPIO_CNMBR":"CUITIVA"},"geometry":{"type":"Polygon","coordinates":[[[-72.92295471614845,5.620543819413953],[-72.92540301889629,5.567246632246828],[-73.0037487068272,5.5932754910958895],[-72.92295471614845,5.620543819413953]]]}},{"type":"Feature","properties":{"DPTO_CCDGO":"15","MPIO_CCNCT":"15232","MPIO_CNMBR":"CHIQUIZA"},"geometry":{"type":"Polygon","coordinates":[[[-73.38201148136854,5.672601537112074],[-73.41139111434262,5.616825411006944],[-73.49830586189096,5.559809815432812],[-73.47871943990823,5.677559414988085],[-73.38201148136854,5.672601537112074]]]}},{"type":"Feature","properties":{"DPTO_CCDGO":"15","MPIO_CCNCT":"15236","MPIO_CNMBR":"CHIVOR"},"geometry":{"type":"Polygon","coordinates":[[[-73.29876918794196,4.902890996861283],[-73.34039033465524,4.791338744651023],[-73.4468915041863,4.88925683270225],[-73.37589072449893,4.928919855710342],[-73.29876918794196,4.902890996861283]]]}},{"type":"Feature","properties":{"DPTO_CCDGO":"15","MPIO_CCNCT":"15238","MPIO_CNMBR":"DUITAMA"},"geometry":{"type":"Polygon","coordinates":[[[-73.03068003705343,6.020892457901885],[-72.9927313444619,5.805224770295382],[-73.05026645903615,5.774238033570311],[-73.17512989917601,5.994863599052824],[-73.03068003705343,6.020892457901885]]]}},{"type":"Feature","properties":{"DPTO_CCDGO":"15","MPIO_CCNCT":"15244","MPIO_CNMBR":"EL COCUY"},"geometry":{"type":"Polygon","coordinates":[[[-72.31455148331011,6.35802815347067],[-72.39656962536277,6.27250476010947],[-72.51776061138087,6.34935186718765],[-72.43084586383253,6.439833138424861],[-72.31455148331011,6.35802815347067]]]}},{"type":"Feature","properties":{"DPTO_CCDGO":"15","MPIO_CCNCT":"15248","MPIO_CNMBR":"EL ESPINO"},"geometry":{"type":"Polygon","coordinates":[[[-72.42105265284117,6.519159184441046],[-72.48593267565894,6.464622527804918],[-72.53979533611144,6.488172447715973],[-72.50184664351991,6.538990695945092],[-72.42105265284117,6.519159184441046]]]}},{"type":"Feature","properties":{"DPTO_CCDGO":"15","MPIO_CCNCT":"15272","MPIO_CNMBR":"FIRAVITOBA"},"geometry":{"type":"Polygon","coordinates":[[[-72.94743774362686,5.714743499058173],[-72.99885210133151,5.629220105696973],[-73.10290496811473,5.658967372953043],[-73.02455928018384,5.724659254810195],[-72.94743774362686,5.714743499058173]]]}},{"type":"Feature","properties":{"DPTO_CCDGO":"15","MPIO_CCNCT":"15276","MPIO_CNMBR":"FLORESTA"},"geometry":{"type":"Polygon","coordinates":[[[-72.92540301889629,5.929171717195672],[-72.8960233859222,5.79530901454336],[-72.97559322522703,5.858521957462507],[-72.92540301889629,5.929171717195672]]]}},{"type":"Feature","properties":{"DPTO_CCDGO":"15","MPIO_CCNCT":"15293","MPIO_CNMBR":"GACHANTIVA"},"geometry":{"type":"Polygon","coordinates":[[[-73.58277230669144,5.790351136667349],[-73.5068749215084,5.724659254810195],[-73.574203247074,5.69243304861612],[-73.58277230669144,5.790351136667349]]]}},{"type":"Feature","properties":{"DPTO_CCDGO":"15","MPIO_CCNCT":"15296","MPIO_CNMBR":"GAMEZA"},"geometry":{"type":"Polygon","coordinates":[[[-72.79809127600859,5.853564079586496],[-72.62548593228584,5.776716972508316],[-72.83236751447836,5.797787953481366],[-72.79809127600859,5.853564079586496]]]}},{"type":"Feature","properties":{"DPTO_CCDGO":"15","MPIO_CCNCT":"15299","MPIO_CNMBR":"GARAGOA"},"geometry":{"type":"Polygon","coordinates":[[[-73.24857898161123,5.068979905707669],[-73.36487336213365,5.014443249071542],[-73.38813223823813,5.015682718540544],[-73.36364921075973,5.137150726502828],[-73.26816540359395,5.155742768537872],[-73.24857898161123,5.068979905707669]]]}},{"type":"Feature","properties":{"DPTO_CCDGO":"15","MPIO_CCNCT":"15317","MPIO_CNMBR":"GUACAMAYAS"},"geometry":{"type":"Polygon","coordinates":[[[-72.54836439572887,6.486932978246969],[-72.49695003802422,6.401409584885771],[-72.54836439572887,6.426198974265828],[-72.54836439572887,6.486932978246969]]]}},{"type":"Feature","properties":{"DPTO_CCDGO":"15","MPIO_CCNCT":"15322","MPIO_CNMBR":"GUATEQUE"},"geometry":{"type":"Polygon","coordinates":[[[-73.52278888936935,5.029316882699577],[-73.4468915041863,4.994611737567496],[-73.46647792616902,4.98345651234647],[-73.52278888936935,5.029316882699577]]]}},{"type":"Feature","properties":{"DPTO_CCDGO":"15","MPIO_CCNCT":"15325","MPIO_CNMBR":"GUAYATA"},"geometry":{"type":"Polygon","coordinates":[[[-73.5068749215084,4.995851207036498],[-73.43709829319494,4.906609405268291],[-73.52034058662151,4.879341076950228],[-73.5068749215084,4.995851207036498]]]}},{"type":"Feature","properties":{"DPTO_CCDGO":"15","MPIO_CCNCT":"15362","MPIO_CNMBR":"IZA"},"geometry":{"type":"Polygon","coordinates":[[[-72.92295471614845,5.620543819413953],[-73.0037487068272,5.5932754910958895],[-72.96335171148782,5.649051617201019],[-72.92295471614845,5.620543819413953]]]}},{"type":"Feature","properties":{"DPTO_CCDGO":"15","MPIO_CCNCT":"15367","MPIO_CNMBR":"JENESANO"},"geometry":{"type":"Polygon","coordinates":[[[-73.33671788053348,5.314394860570241],[-73.41873602258613,5.371410456144373],[-73.42608093082966,5.408594540214459],[-73.35263184839445,5.432144460125514],[-73.33671788053348,5.314394860570241]]]}},{"type":"Feature","properties":{"DPTO_CCDGO":"15","MPIO_CCNCT":"15368","MPIO_CNMBR":"JERICO"},"geometry":{"type":"Polygon","coordinates":[[[-72.55203684985064,6.177065610996248],[-72.54224363885928,6.069231767192997],[-72.65608971663386,6.116331607015107],[-72.63283084052937,6.204333939314312],[-72.55203684985064,6.177065610996248]]]}},{"type":"Feature","properties":{"DPTO_CCDGO":"15","MPIO_CCNCT":"15407","MPIO_CNMBR":"VILLA DE LEIVA"},"geometry":{"type":"Polygon","coordinates":[[[-73.42363262808182,5.707306682244155],[-73.51666813249975,5.600712307909907],[-73.58154815531752,5.627980636227971],[-73.574203247074,5.69243304861612],[-73.42363262808182,5.707306682244155]]]}},{"type":"Feature","properties":{"DPTO_CCDGO":"15","MPIO_CCNCT":"15425","MPIO_CNMBR":"MACANAL"},"geometry":{"type":"Polygon","coordinates":[[[-73.2228718027589,4.973540756594447],[-73.29876918794196,4.902890996861283],[-73.37589072449893,4.928919855710342],[-73.24857898161123,5.068979905707669],[-73.2228718027589,4.973540756594447]]]}},{"type":"Feature","properties":{"DPTO_CCDGO":"15","MPIO_CCNCT":"15442","MPIO_CNMBR":"MARIPI"},"geometry":{"type":"Polygon","coordinates":[[[-73.9255346913891,5.573443979591843],[-74.0467256774072,5.500315280920674],[-74.08834682412049,5.6031912468479135],[-74.06019134252033,5.649051617201019],[-73.9255346913891,5.573443979591843]]]}},{"type":"Feature","properties":{"DPTO_CCDGO":"15","MPIO_CCNCT":"15455","MPIO_CNMBR":"MIRAFLORES"},"geometry":{"type":"Polygon","coordinates":[[[-73.14819856894977,5.228871467209041],[-73.11269817910609,5.1123613371227705],[-73.24857898161123,5.068979905707669],[-73.2950967338202,5.197884730483969],[-73.14819856894977,5.228871467209041]]]}},{"type":"Feature","properties":{"DPTO_CCDGO":"15","MPIO_CCNCT":"15464","MPIO_CNMBR":"MONGUA"},"geometry":{"type":"Polygon","coordinates":[[[-72.62548593228584,5.776716972508316],[-72.57039912045944,5.70978562118216],[-72.62426178091192,5.629220105696973],[-72.77115994578236,5.644093739325008],[-72.82502260623484,5.737053949500224],[-72.62548593228584,5.776716972508316]]]}},{"type":"Feature","properties":{"DPTO_CCDGO":"15","MPIO_CCNCT":"15466","MPIO_CNMBR":"MONGUI"},"geometry":{"type":"Polygon","coordinates":[[[-72.82502260623484,5.737053949500224],[-72.79074636776508,5.658967372953043],[-72.87031620706989,5.6887146402091116],[-72.82502260623484,5.737053949500224]]]}},{"type":"Feature","properties":{"DPTO_CCDGO":"15","MPIO_CCNCT":"15469","MPIO_CNMBR":"MONIQUIRA"},"geometry":{"type":"Polygon","coordinates":[[[-73.5497202195956,5.95024269816872],[-73.47137453166471,5.821337873392421],[-73.62561760477865,5.77795644197732],[-73.63541081577002,5.910579675160628],[-73.5497202195956,5.95024269816872]]]}},{"type":"Feature","properties":{"DPTO_CCDGO":"15","MPIO_CCNCT":"15476","MPIO_CNMBR":"MOTAVITA"},"geometry":{"type":"Polygon","coordinates":[[[-73.34161448602916,5.58459920481287],[-73.41139111434262,5.567246632246828],[-73.38201148136854,5.672601537112074],[-73.36364921075973,5.663925250829054],[-73.34161448602916,5.58459920481287]]]}},{"type":"Feature","properties":{"DPTO_CCDGO":"15","MPIO_CCNCT":"15480","MPIO_CNMBR":"MUZO"},"geometry":{"type":"Polygon","coordinates":[[[-74.08834682412049,5.6031912468479135],[-74.0467256774072,5.500315280920674],[-74.17526157166883,5.461891727381584],[-74.1617959065557,5.598233368971901],[-74.08834682412049,5.6031912468479135]]]}},{"type":"Feature","properties":{"DPTO_CCDGO":"15","MPIO_CCNCT":"15491","MPIO_CNMBR":"NOBSA"},"geometry":{"type":"Polygon","coordinates":[[[-72.94498944087901,5.745730235783244],[-72.8960233859222,5.79530901454336],[-72.87521281256556,5.770519625163303],[-72.94498944087901,5.745730235783244]]]}},{"type":"Feature","properties":{"DPTO_CCDGO":"15","MPIO_CCNCT":"15494","MPIO_CNMBR":"NUEVO COLON"},"geometry":{"type":"Polygon","coordinates":[[[-73.4774952885343,5.370170986675371],[-73.41873602258613,5.371410456144373],[-73.4774952885343,5.289605471190182],[-73.4774952885343,5.370170986675371]]]}},{"type":"Feature","properties":{"DPTO_CCDGO":"15","MPIO_CCNCT":"15500","MPIO_CNMBR":"OICATA"},"geometry":{"type":"Polygon","coordinates":[[[-73.26694125222004,5.663925250829054],[-73.3073382475594,5.569725571184835],[-73.32692466954212,5.5796413269368585],[-73.26694125222004,5.663925250829054]]]}},{"type":"Feature","properties":{"DPTO_CCDGO":"15","MPIO_CCNCT":"15507","MPIO_CNMBR":"OTANCHE"},"geometry":{"type":"Polygon","coordinates":[[[-74.07855361312913,5.832493098613446],[-74.15934760380786,5.595754430033896],[-74.30624576867828,5.637896391979993],[-74.1801581771645,5.910579675160628],[-74.07855361312913,5.832493098613446]]]}},{"type":"Feature","properties":{"DPTO_CCDGO":"15","MPIO_CCNCT":"15511","MPIO_CNMBR":"PACHAVITA"},"geometry":{"type":"Polygon","coordinates":[[[-73.3918046923599,5.216476772519012],[-73.38445978411637,5.085093008804707],[-73.43709829319494,5.15946117694488],[-73.3918046923599,5.216476772519012]]]}},{"type":"Feature","properties":{"DPTO_CCDGO":"15","MPIO_CCNCT":"15514","MPIO_CNMBR":"PAEZ"},"geometry":{"type":"Polygon","coordinates":[[[-72.9376445326355,5.204082077828984],[-72.90336829416573,5.067740436238665],[-73.03068003705343,4.982217042877467],[-73.11269817910609,5.1123613371227705],[-72.9376445326355,5.204082077828984]]]}},{"type":"Feature","properties":{"DPTO_CCDGO":"15","MPIO_CCNCT":"15516","MPIO_CNMBR":"PAIPA"},"geometry":{"type":"Polygon","coordinates":[[[-73.05026645903615,5.774238033570311],[-73.10290496811473,5.658967372953043],[-73.21919934863715,5.9130586140986345],[-73.17512989917601,5.994863599052824],[-73.05026645903615,5.774238033570311]]]}},{"type":"Feature","properties":{"DPTO_CCDGO":"15","MPIO_CCNCT":"15518","MPIO_CNMBR":"PAJARITO"},"geometry":{"type":"Polygon","coordinates":[[[-72.7381078586865,5.470568013664604],[-72.56672666633767,5.373889395082379],[-72.70015916609498,5.2734923680931445],[-72.81155694112172,5.377607803489388],[-72.7381078586865,5.470568013664604]]]}},{"type":"Feature","properties":{"DPTO_CCDGO":"15","MPIO_CCNCT":"15522","MPIO_CNMBR":"PANQUEBA"},"geometry":{"type":"Polygon","coordinates":[[[-72.43696662070214,6.494369795060987],[-72.48593267565894,6.390254359664745],[-72.49695003802422,6.401409584885771],[-72.43696662070214,6.494369795060987]]]}},{"type":"Feature","properties":{"DPTO_CCDGO":"15","MPIO_CCNCT":"15531","MPIO_CNMBR":"PAUNA"},"geometry":{"type":"Polygon","coordinates":[[[-74.07977776450305,5.818858934454415],[-73.89737920978894,5.619304349944951],[-73.9255346913891,5.573443979591843],[-74.06019134252033,5.649051617201019],[-74.07977776450305,5.818858934454415]]]}},{"type":"Feature","properties":{"DPTO_CCDGO":"15","MPIO_CCNCT":"15533","MPIO_CNMBR":"PAYA"},"geometry":{"type":"Polygon","coordinates":[[[-72.29741336407523,5.754406522066265],[-72.301085818197,5.506512628265687],[-72.51408815725911,5.608149124723925],[-72.29741336407523,5.754406522066265]]]}},{"type":"Feature","properties":{"DPTO_CCDGO":"15","MPIO_CCNCT":"15537","MPIO_CNMBR":"PAZ DE RIO"},"geometry":{"type":"Polygon","coordinates":[[[-72.71607313395594,6.06179495037898],[-72.81767769799131,5.977511026486784],[-72.8103327897478,6.095260626042059],[-72.71607313395594,6.06179495037898]]]}},{"type":"Feature","properties":{"DPTO_CCDGO":"15","MPIO_CCNCT":"15599","MPIO_CNMBR":"RAMIRIQUI"},"geometry":{"type":"Polygon","coordinates":[[[-73.31468315580292,5.44329968534654],[-73.27306200908963,5.299521226942206],[-73.28285522008099,5.2065610167669885],[-73.36609751350757,5.3652131087993595],[-73.31468315580292,5.44329968534654]]]}},{"type":"Feature","properties":{"DPTO_CCDGO":"15","MPIO_CCNCT":"15600","MPIO_CNMBR":"RAQUIRA"},"geometry":{"type":"Polygon","coordinates":[[[-73.5803240039436,5.589557082688881],[-73.61827269653513,5.404876131807452],[-73.74313613667499,5.470568013664604],[-73.69294593034427,5.525104670300731],[-73.5803240039436,5.589557082688881]]]}},{"type":"Feature","properties":{"DPTO_CCDGO":"15","MPIO_CCNCT":"15621","MPIO_CNMBR":"RONDON"},"geometry":{"type":"Polygon","coordinates":[[[-73.1261638442192,5.357776291985342],[-73.23388916512418,5.284647593314171],[-73.28530352282884,5.34910000570232],[-73.14697441757585,5.48172323888563],[-73.1261638442192,5.357776291985342]]]}},{"type":"Feature","properties":{"DPTO_CCDGO":"15","MPIO_CCNCT":"15632","MPIO_CNMBR":"SABOYA"},"geometry":{"type":"Polygon","coordinates":[[[-73.65132478363097,5.7122645601201665],[-73.68560102210074,5.629220105696973],[-73.88636184742366,5.689954109678114],[-73.76272255865771,5.772998564101307],[-73.65132478363097,5.7122645601201665]]]}},{"type":"Feature","properties":{"DPTO_CCDGO":"15","MPIO_CCNCT":"15638","MPIO_CNMBR":"SACHICA"},"geometry":{"type":"Polygon","coordinates":[[[-73.58154815531752,5.627980636227971],[-73.49830586189096,5.559809815432812],[-73.5497202195956,5.521386261893722],[-73.58154815531752,5.627980636227971]]]}},{"type":"Feature","properties":{"DPTO_CCDGO":"15","MPIO_CCNCT":"15646","MPIO_CNMBR":"SAMACA"},"geometry":{"type":"Polygon","coordinates":[[[-73.5497202195956,5.521386261893722],[-73.43220168769926,5.485441647292639],[-73.61827269653513,5.404876131807452],[-73.5497202195956,5.521386261893722]]]}},{"type":"Feature","properties":{"DPTO_CCDGO":"15","MPIO_CCNCT":"15660","MPIO_CNMBR":"SAN EDUARDO"},"geometry":{"type":"Polygon","coordinates":[[[-73.00986946369679,5.213997833581006],[-73.10168081674081,5.210279425173997],[-73.04169739941871,5.3119159216322345],[-73.00986946369679,5.213997833581006]]]}},{"type":"Feature","properties":{"DPTO_CCDGO":"15","MPIO_CCNCT":"15664","MPIO_CNMBR":"SAN JOSE DE PARE"},"geometry":{"type":"Polygon","coordinates":[[[-73.58766891218713,5.99734253799083],[-73.48606434815174,6.001060946397839],[-73.59378966905672,5.95891898445174],[-73.58766891218713,5.99734253799083]]]}},{"type":"Feature","properties":{"DPTO_CCDGO":"15","MPIO_CCNCT":"15667","MPIO_CNMBR":"SAN LUIS DE GACENO"},"geometry":{"type":"Polygon","coordinates":[[[-73.02945588567951,4.992132798629489],[-73.05271476178399,4.736802088014896],[-73.10290496811473,4.66119445040572],[-73.20818198627187,4.681025961909766],[-73.22164765138498,4.855791157039173],[-73.02945588567951,4.992132798629489]]]}},{"type":"Feature","properties":{"DPTO_CCDGO":"15","MPIO_CCNCT":"15673","MPIO_CNMBR":"SAN MATEO"},"geometry":{"type":"Polygon","coordinates":[[[-72.49695003802422,6.401409584885771],[-72.57529572595512,6.350591336656652],[-72.623037629538,6.441072607893863],[-72.54836439572887,6.486932978246969],[-72.49695003802422,6.401409584885771]]]}},{"type":"Feature","properties":{"DPTO_CCDGO":"15","MPIO_CCNCT":"15676","MPIO_CNMBR":"SAN MIGUEL DE SEMA"},"geometry":{"type":"Polygon","coordinates":[[[-73.71620480644874,5.590796552157883],[-73.69294593034427,5.525104670300731],[-73.74313613667499,5.470568013664604],[-73.78965388888396,5.552372998618795],[-73.71620480644874,5.590796552157883]]]}},{"type":"Feature","properties":{"DPTO_CCDGO":"15","MPIO_CCNCT":"15681","MPIO_CNMBR":"SAN PABLO DE BORBUR"},"geometry":{"type":"Polygon","coordinates":[[[-74.04182907191152,5.714743499058173],[-74.15934760380786,5.595754430033896],[-74.14833024144258,5.74820917472125],[-74.04182907191152,5.714743499058173]]]}},{"type":"Feature","properties":{"DPTO_CCDGO":"15","MPIO_CCNCT":"15686","MPIO_CNMBR":"SANTANA"},"geometry":{"type":"Polygon","coordinates":[[[-73.45423641242982,6.079147522945021],[-73.48606434815174,6.001060946397839],[-73.5313579489868,6.049400255688951],[-73.45423641242982,6.079147522945021]]]}},{"type":"Feature","properties":{"DPTO_CCDGO":"15","MPIO_CCNCT":"15690","MPIO_CNMBR":"SANTA MARIA"},"geometry":{"type":"Polygon","coordinates":[[[-73.2228718027589,4.973540756594447],[-73.17023329368034,4.731844210138885],[-73.22042350001107,4.676068084033755],[-73.34039033465524,4.791338744651023],[-73.2228718027589,4.973540756594447]]]}},{"type":"Feature","properties":{"DPTO_CCDGO":"15","MPIO_CCNCT":"15693","MPIO_CNMBR":"SANTA ROSA DE VITERBO"},"geometry":{"type":"Polygon","coordinates":[[[-73.03068003705343,6.020892457901885],[-72.92785132164414,5.924213839319659],[-72.98661058759231,5.78663272826034],[-73.03068003705343,6.020892457901885]]]}},{"type":"Feature","properties":{"DPTO_CCDGO":"15","MPIO_CCNCT":"15696","MPIO_CNMBR":"SANTA SOFIA"},"geometry":{"type":"Polygon","coordinates":[[[-73.58277230669144,5.790351136667349],[-73.574203247074,5.69243304861612],[-73.57787570119577,5.675080476050081],[-73.65377308637882,5.702348804368144],[-73.58277230669144,5.790351136667349]]]}},{"type":"Feature","properties":{"DPTO_CCDGO":"15","MPIO_CCNCT":"15720","MPIO_CNMBR":"SATIVANORTE"},"geometry":{"type":"Polygon","coordinates":[[[-72.6352791432772,6.180784019403257],[-72.65486556525993,6.08286593135203],[-72.8286950603566,6.152276221616191],[-72.71240067983418,6.158473568961206],[-72.6352791432772,6.180784019403257]]]}},{"type":"Feature","properties":{"DPTO_CCDGO":"15","MPIO_CCNCT":"15723","MPIO_CNMBR":"SATIVASUR"},"geometry":{"type":"Polygon","coordinates":[[[-72.65486556525993,6.08286593135203],[-72.7013833174689,6.018413518963879],[-72.79441882188684,6.10021850391807],[-72.65486556525993,6.08286593135203]]]}},{"type":"Feature","properties":{"DPTO_CCDGO":"15","MPIO_CCNCT":"15740","MPIO_CNMBR":"SIACHOQUE"},"geometry":{"type":"Polygon","coordinates":[[[-73.13473290383665,5.505273158796685],[-73.21552689451538,5.440820746408535],[-73.28652767420276,5.485441647292639],[-73.22776840825459,5.553612468087797],[-73.13473290383665,5.505273158796685]]]}},{"type":"Feature","properties":{"DPTO_CCDGO":"15","MPIO_CCNCT":"15753","MPIO_CNMBR":"SOATA"},"geometry":{"type":"Polygon","coordinates":[[[-72.65486556525993,6.377859664974716],[-72.64139990014681,6.278702107454485],[-72.74545276693003,6.2749836990474765],[-72.7258663449473,6.371662317629701],[-72.65486556525993,6.377859664974716]]]}},{"type":"Feature","properties":{"DPTO_CCDGO":"15","MPIO_CCNCT":"15762","MPIO_CNMBR":"SORA"},"geometry":{"type":"Polygon","coordinates":[[[-73.41139111434262,5.616825411006944],[-73.49096095364743,5.548654590211786],[-73.49830586189096,5.559809815432812],[-73.41139111434262,5.616825411006944]]]}},{"type":"Feature","properties":{"DPTO_CCDGO":"15","MPIO_CCNCT":"15763","MPIO_CNMBR":"SOTAQUIRA"},"geometry":{"type":"Polygon","coordinates":[[[-73.18369895879346,5.849845671179487],[-73.15554347719329,5.7271381937482015],[-73.3012174906898,5.70978562118216],[-73.34528694015093,5.84240885436547],[-73.18369895879346,5.849845671179487]]]}},{"type":"Feature","properties":{"DPTO_CCDGO":"15","MPIO_CCNCT":"15764","MPIO_CNMBR":"SORACA"},"geometry":{"type":"Polygon","coordinates":[[[-73.30856239893332,5.543696712335775],[-73.28652767420276,5.485441647292639],[-73.33426957778565,5.440820746408535],[-73.36120090801188,5.4742864220716125],[-73.30856239893332,5.543696712335775]]]}},{"type":"Feature","properties":{"DPTO_CCDGO":"15","MPIO_CCNCT":"15774","MPIO_CNMBR":"SUSACON"},"geometry":{"type":"Polygon","coordinates":[[[-72.64139990014681,6.278702107454485],[-72.6352791432772,6.180784019403257],[-72.82502260623484,6.158473568961206],[-72.74545276693003,6.2749836990474765],[-72.64139990014681,6.278702107454485]]]}},{"type":"Feature","properties":{"DPTO_CCDGO":"15","MPIO_CCNCT":"15776","MPIO_CNMBR":"SUTAMARCHAN"},"geometry":{"type":"Polygon","coordinates":[[[-73.65377308637882,5.702348804368144],[-73.5803240039436,5.589557082688881],[-73.62439345340474,5.569725571184835],[-73.65377308637882,5.702348804368144]]]}},{"type":"Feature","properties":{"DPTO_CCDGO":"15","MPIO_CCNCT":"15778","MPIO_CNMBR":"SUTATENZA"},"geometry":{"type":"Polygon","coordinates":[[[-73.39425299510773,5.047908924734619],[-73.4468915041863,4.994611737567496],[-73.47382283441254,5.051627333141628],[-73.39425299510773,5.047908924734619]]]}},{"type":"Feature","properties":{"DPTO_CCDGO":"15","MPIO_CCNCT":"15790","MPIO_CNMBR":"TASCO"},"geometry":{"type":"Polygon","coordinates":[[[-72.65119311113817,5.906861266753619],[-72.63160668915545,5.828774690206437],[-72.82624675760876,5.878353468966553],[-72.74300446418218,5.987426782238806],[-72.6952625605993,5.870916652152536],[-72.65119311113817,5.906861266753619]]]}},{"type":"Feature","properties":{"DPTO_CCDGO":"15","MPIO_CCNCT":"15798","MPIO_CNMBR":"TENZA"},"geometry":{"type":"Polygon","coordinates":[[[-73.41996017396005,5.122277092874793],[-73.39425299510773,5.047908924734619],[-73.47994359128215,5.061543088893652],[-73.41996017396005,5.122277092874793]]]}},{"type":"Feature","properties":{"DPTO_CCDGO":"15","MPIO_CCNCT":"15804","MPIO_CNMBR":"TIBANA"},"geometry":{"type":"Polygon","coordinates":[[[-73.33671788053348,5.314394860570241],[-73.40159790335126,5.242505631368074],[-73.45178810968198,5.303239635349215],[-73.41873602258613,5.371410456144373],[-73.33671788053348,5.314394860570241]]]}},{"type":"Feature","properties":{"DPTO_CCDGO":"15","MPIO_CCNCT":"15806","MPIO_CNMBR":"TIBASOSA"},"geometry":{"type":"Polygon","coordinates":[[[-72.9927313444619,5.805224770295382],[-72.94743774362686,5.714743499058173],[-73.06005967002751,5.687475170740109],[-73.05026645903615,5.774238033570311],[-72.9927313444619,5.805224770295382]]]}},{"type":"Feature","properties":{"DPTO_CCDGO":"15","MPIO_CCNCT":"15808","MPIO_CNMBR":"TINJACA"},"geometry":{"type":"Polygon","coordinates":[[[-73.62439345340474,5.569725571184835],[-73.69294593034427,5.525104670300731],[-73.71620480644874,5.590796552157883],[-73.68070441660507,5.636656922510991],[-73.62439345340474,5.569725571184835]]]}},{"type":"Feature","properties":{"DPTO_CCDGO":"15","MPIO_CCNCT":"15810","MPIO_CNMBR":"TIPACOQUE"},"geometry":{"type":"Polygon","coordinates":[[[-72.66098632212953,6.443551546831868],[-72.7258663449473,6.371662317629701],[-72.67934859273834,6.48321456983996],[-72.66098632212953,6.443551546831868]]]}},{"type":"Feature","properties":{"DPTO_CCDGO":"15","MPIO_CCNCT":"15814","MPIO_CNMBR":"TOCA"},"geometry":{"type":"Polygon","coordinates":[[[-73.07964609201024,5.618064880475947],[-73.13473290383665,5.505273158796685],[-73.22776840825459,5.553612468087797],[-73.21307859176754,5.626741166758967],[-73.07964609201024,5.618064880475947]]]}},{"type":"Feature","properties":{"DPTO_CCDGO":"15","MPIO_CCNCT":"15816","MPIO_CNMBR":"TOGUI"},"geometry":{"type":"Polygon","coordinates":[[[-73.4958575591431,5.987426782238806],[-73.46402962342118,5.848606201710483],[-73.5497202195956,5.95024269816872],[-73.4958575591431,5.987426782238806]]]}},{"type":"Feature","properties":{"DPTO_CCDGO":"15","MPIO_CCNCT":"15820","MPIO_CNMBR":"TOPAGA"},"geometry":{"type":"Polygon","coordinates":[[[-72.83236751447836,5.797787953481366],[-72.82502260623484,5.737053949500224],[-72.88255772080909,5.768040686225296],[-72.83236751447836,5.797787953481366]]]}},{"type":"Feature","properties":{"DPTO_CCDGO":"15","MPIO_CCNCT":"15822","MPIO_CNMBR":"TOTA"},"geometry":{"type":"Polygon","coordinates":[[[-73.0037487068272,5.5932754910958895],[-72.92540301889629,5.567246632246828],[-73.04292155079264,5.360255230923347],[-73.06740457827104,5.444539154815544],[-73.0037487068272,5.5932754910958895]]]}},{"type":"Feature","properties":{"DPTO_CCDGO":"15","MPIO_CCNCT":"15832","MPIO_CNMBR":"TUNUNGUA"},"geometry":{"type":"Polygon","coordinates":[[[-73.89982751253677,5.737053949500224],[-73.94512111337183,5.693672518085123],[-73.98184565458943,5.720940846403186],[-73.96225923260671,5.73953288843823],[-73.89982751253677,5.737053949500224]]]}},{"type":"Feature","properties":{"DPTO_CCDGO":"15","MPIO_CCNCT":"15835","MPIO_CNMBR":"TURMEQUE"},"geometry":{"type":"Polygon","coordinates":[[[-73.4774952885343,5.370170986675371],[-73.51421982975191,5.23258987561605],[-73.54849606822168,5.299521226942206],[-73.4774952885343,5.370170986675371]]]}},{"type":"Feature","properties":{"DPTO_CCDGO":"15","MPIO_CCNCT":"15837","MPIO_CNMBR":"TUTA"},"geometry":{"type":"Polygon","coordinates":[[[-73.15554347719329,5.7271381937482015],[-73.07597363788848,5.627980636227971],[-73.07964609201024,5.618064880475947],[-73.26694125222004,5.663925250829054],[-73.15554347719329,5.7271381937482015]]]}},{"type":"Feature","properties":{"DPTO_CCDGO":"15","MPIO_CCNCT":"15839","MPIO_CNMBR":"TUTAZA"},"geometry":{"type":"Polygon","coordinates":[[[-72.8286950603566,6.152276221616191],[-72.86174714745245,6.013455641087868],[-72.92295471614845,6.097739564980063],[-72.8286950603566,6.152276221616191]]]}},{"type":"Feature","properties":{"DPTO_CCDGO":"15","MPIO_CCNCT":"15180","MPIO_CNMBR":"CHISCAS"},"geometry":{"type":"Polygon","coordinates":[[[-72.34025866216244,6.8463791242578065],[-72.35984508414516,6.5699774326701625],[-72.53489873061575,6.495609264529991],[-72.4773636160415,6.842660715850798],[-72.34025866216244,6.8463791242578065]]]}},{"type":"Feature","properties":{"DPTO_CCDGO":"15","MPIO_CCNCT":"15223","MPIO_CNMBR":"CUBARA"},"geometry":{"type":"Polygon","coordinates":[[[-72.19948125416161,7.040975830891259],[-71.94853022250797,7.011228563635191],[-72.10032499287408,6.745982097268573],[-72.29986166682308,6.716234830012503],[-72.34025866216244,6.8463791242578065],[-72.4773636160415,6.842660715850798],[-72.50307079489383,6.908352597707951],[-72.392897171241,6.872407983106868],[-72.19948125416161,7.040975830891259]]]}},{"type":"Feature","properties":{"DPTO_CCDGO":"15","MPIO_CCNCT":"15332","MPIO_CNMBR":"GUICAN"},"geometry":{"type":"Polygon","coordinates":[[[-72.10032499287408,6.745982097268573],[-72.12848047447424,6.524117062317057],[-72.31455148331011,6.35802815347067],[-72.43084586383253,6.439833138424861],[-72.29986166682308,6.716234830012503],[-72.10032499287408,6.745982097268573]]]}},{"type":"Feature","properties":{"DPTO_CCDGO":"25","MPIO_CCNCT":"25019","MPIO_CNMBR":"ALBAN"},"geometry":{"type":"Polygon","coordinates":[[[-74.40295372721798,4.88058054641923],[-74.45804053904439,4.832241237128118],[-74.48007526377495,4.952469775621397],[-74.40295372721798,4.88058054641923]]]}},{"type":"Feature","properties":{"DPTO_CCDGO":"25","MPIO_CCNCT":"25035","MPIO_CNMBR":"ANAPOIMA"},"geometry":{"type":"Polygon","coordinates":[[[-74.47762696102711,4.57567105704452],[-74.50210998850551,4.483950316338307],[-74.59759379567129,4.626489305273639],[-74.55719680033192,4.647560286246687],[-74.47762696102711,4.57567105704452]]]}},{"type":"Feature","properties":{"DPTO_CCDGO":"25","MPIO_CCNCT":"25040","MPIO_CNMBR":"ANOLAIMA"},"geometry":{"type":"Polygon","coordinates":[[[-74.50578244262728,4.832241237128118],[-74.40662618133973,4.782662458368003],[-74.51067904812295,4.728125801731876],[-74.50578244262728,4.832241237128118]]]}},{"type":"Feature","properties":{"DPTO_CCDGO":"25","MPIO_CCNCT":"25053","MPIO_CNMBR":"ARBELAEZ"},"geometry":{"type":"Polygon","coordinates":[[[-74.42988505744422,4.293072018111863],[-74.24014159448659,4.186477643777614],[-74.54128283247096,4.252169525634768],[-74.42988505744422,4.293072018111863]]]}},{"type":"Feature","properties":{"DPTO_CCDGO":"25","MPIO_CCNCT":"25086","MPIO_CNMBR":"BELTRAN"},"geometry":{"type":"Polygon","coordinates":[[[-74.68450854321962,4.757873068987944],[-74.73469874955035,4.7541546605809355],[-74.79345801549852,4.591784160141557],[-74.76897498802012,4.842156992880142],[-74.68450854321962,4.757873068987944]]]}},{"type":"Feature","properties":{"DPTO_CCDGO":"25","MPIO_CCNCT":"25095","MPIO_CNMBR":"BITUIMA"},"geometry":{"type":"Polygon","coordinates":[[[-74.51679980499256,4.943793489338377],[-74.50578244262728,4.832241237128118],[-74.55964510307976,4.796296622527034],[-74.51679980499256,4.943793489338377]]]}},{"type":"Feature","properties":{"DPTO_CCDGO":"25","MPIO_CCNCT":"25099","MPIO_CNMBR":"BOJACA"},"geometry":{"type":"Polygon","coordinates":[[[-74.29890086043476,4.71697057651085],[-74.27196953020852,4.619052488459621],[-74.3980571217223,4.71697057651085],[-74.29890086043476,4.71697057651085]]]}},{"type":"Feature","properties":{"DPTO_CCDGO":"25","MPIO_CCNCT":"25120","MPIO_CNMBR":"CABRERA"},"geometry":{"type":"Polygon","coordinates":[[[-74.3796948511135,4.036501838028265],[-74.36010842913078,3.913794360596979],[-74.43967826843559,3.7303528791845526],[-74.54005868109704,3.8443840703328185],[-74.52414471323608,4.022867673869234],[-74.3796948511135,4.036501838028265]]]}},{"type":"Feature","properties":{"DPTO_CCDGO":"25","MPIO_CCNCT":"25123","MPIO_CNMBR":"CACHIPAY"},"geometry":{"type":"Polygon","coordinates":[[[-74.43722996568775,4.713252168103841],[-74.50945489674903,4.679786492440764],[-74.40662618133973,4.782662458368003],[-74.43722996568775,4.713252168103841]]]}},{"type":"Feature","properties":{"DPTO_CCDGO":"25","MPIO_CCNCT":"25126","MPIO_CNMBR":"CAJICA"},"geometry":{"type":"Polygon","coordinates":[[[-74.03326001229408,4.963625000842423],[-74.00632868206783,4.917764630489318],[-74.0773294617552,4.9115672831443025],[-74.03326001229408,4.963625000842423]]]}},{"type":"Feature","properties":{"DPTO_CCDGO":"25","MPIO_CCNCT":"25148","MPIO_CNMBR":"CAPARRAPI"},"geometry":{"type":"Polygon","coordinates":[[[-74.4531439335487,5.5548519375567995],[-74.51435150224472,5.19416632207696],[-74.61473191490617,5.21523730305001],[-74.54005868109704,5.5548519375567995],[-74.4531439335487,5.5548519375567995]]]}},{"type":"Feature","properties":{"DPTO_CCDGO":"25","MPIO_CCNCT":"25151","MPIO_CNMBR":"CAQUEZA"},"geometry":{"type":"Polygon","coordinates":[[[-73.97327659497199,4.457921457489247],[-73.89615505841502,4.348848144216992],[-73.9916388655808,4.355045491562008],[-73.97327659497199,4.457921457489247]]]}},{"type":"Feature","properties":{"DPTO_CCDGO":"25","MPIO_CCNCT":"25154","MPIO_CNMBR":"CARMEN DE CARUPA"},"geometry":{"type":"Polygon","coordinates":[[[-73.86677542544093,5.461891727381584],[-73.86677542544093,5.282168654376166],[-73.95246602161535,5.205321547297986],[-73.9989837738243,5.367692047737364],[-73.86677542544093,5.461891727381584]]]}},{"type":"Feature","properties":{"DPTO_CCDGO":"25","MPIO_CCNCT":"25168","MPIO_CNMBR":"CHAGUANI"},"geometry":{"type":"Polygon","coordinates":[[[-74.56943831407112,4.994611737567496],[-74.64411154788026,4.896693649516267],[-74.73102629542859,4.997090676505502],[-74.56943831407112,4.994611737567496]]]}},{"type":"Feature","properties":{"DPTO_CCDGO":"25","MPIO_CCNCT":"25178","MPIO_CNMBR":"CHIPAQUE"},"geometry":{"type":"Polygon","coordinates":[[[-74.04794982878111,4.512458114125373],[-73.97327659497199,4.457921457489247],[-74.1189506084685,4.310424590677902],[-74.11650230572064,4.404624270322122],[-74.04794982878111,4.512458114125373]]]}},{"type":"Feature","properties":{"DPTO_CCDGO":"25","MPIO_CCNCT":"25181","MPIO_CNMBR":"CHOACHI"},"geometry":{"type":"Polygon","coordinates":[[[-73.79332634300572,4.637644530494665],[-73.90472411803246,4.500063419435344],[-74.00510453069391,4.560797423416487],[-73.98796641145903,4.63144718314965],[-73.79332634300572,4.637644530494665]]]}},{"type":"Feature","properties":{"DPTO_CCDGO":"25","MPIO_CCNCT":"25183","MPIO_CNMBR":"CHOCONTA"},"geometry":{"type":"Polygon","coordinates":[[[-73.53625455448247,5.132192848626817],[-73.61704854516121,5.132192848626817],[-73.68804932484858,4.98345651234647],[-73.76027425590988,5.051627333141628],[-73.66234214599626,5.242505631368074],[-73.53625455448247,5.132192848626817]]]}},{"type":"Feature","properties":{"DPTO_CCDGO":"25","MPIO_CCNCT":"25200","MPIO_CNMBR":"COGUA"},"geometry":{"type":"Polygon","coordinates":[[[-73.90594826940638,5.133432318095819],[-73.93532790238046,5.042951046858608],[-74.01367359031136,5.049148394203623],[-74.04550152603328,5.169376932696903],[-73.90594826940638,5.133432318095819]]]}},{"type":"Feature","properties":{"DPTO_CCDGO":"25","MPIO_CCNCT":"25214","MPIO_CNMBR":"COTA"},"geometry":{"type":"Polygon","coordinates":[[[-74.08222606725089,4.834720176066124],[-74.15689930106002,4.7256468627938695],[-74.16302005792961,4.750436252173927],[-74.08222606725089,4.834720176066124]]]}},{"type":"Feature","properties":{"DPTO_CCDGO":"25","MPIO_CCNCT":"25224","MPIO_CNMBR":"CUCUNUBA"},"geometry":{"type":"Polygon","coordinates":[[[-73.68437687072682,5.228871467209041],[-73.7492568935446,5.218955711457019],[-73.83861994384077,5.1644190548208915],[-73.76517086140555,5.2982817574732035],[-73.68437687072682,5.228871467209041]]]}},{"type":"Feature","properties":{"DPTO_CCDGO":"25","MPIO_CCNCT":"25245","MPIO_CNMBR":"EL COLEGIO"},"geometry":{"type":"Polygon","coordinates":[[[-74.39438466760053,4.62277089686663],[-74.39438466760053,4.500063419435344],[-74.46905790140967,4.496345011028335],[-74.47762696102711,4.57567105704452],[-74.39438466760053,4.62277089686663]]]}},{"type":"Feature","properties":{"DPTO_CCDGO":"25","MPIO_CCNCT":"25258","MPIO_CNMBR":"EL PEÑON"},"geometry":{"type":"Polygon","coordinates":[[[-74.24871065410403,5.277210776500153],[-74.30012501180869,5.1929268526079575],[-74.36990164012214,5.200363669421975],[-74.35766012638292,5.331747433136281],[-74.24871065410403,5.277210776500153]]]}},{"type":"Feature","properties":{"DPTO_CCDGO":"25","MPIO_CCNCT":"25269","MPIO_CNMBR":"FACATATIVA"},"geometry":{"type":"Polygon","coordinates":[[[-74.32215973653925,4.885538424295243],[-74.26095216784323,4.823564950845098],[-74.34664276401764,4.762830946863957],[-74.42009184645286,4.838438584473133],[-74.32215973653925,4.885538424295243]]]}},{"type":"Feature","properties":{"DPTO_CCDGO":"25","MPIO_CCNCT":"25279","MPIO_CNMBR":"FOMEQUE"},"geometry":{"type":"Polygon","coordinates":[[[-73.66846290286585,4.5397264424434365],[-73.80924031086668,4.395947984039102],[-73.87534448505838,4.38603222828708],[-73.90472411803246,4.500063419435344],[-73.79332634300572,4.681025961909766],[-73.66846290286585,4.5397264424434365]]]}},{"type":"Feature","properties":{"DPTO_CCDGO":"25","MPIO_CCNCT":"25281","MPIO_CNMBR":"FOSCA"},"geometry":{"type":"Polygon","coordinates":[[[-73.89615505841502,4.348848144216992],[-73.90105166391069,4.27076156766981],[-74.04305322328544,4.296790426518871],[-73.9916388655808,4.355045491562008],[-73.89615505841502,4.348848144216992]]]}},{"type":"Feature","properties":{"DPTO_CCDGO":"25","MPIO_CCNCT":"25286","MPIO_CNMBR":"FUNZA"},"geometry":{"type":"Polygon","coordinates":[[[-74.21810686975603,4.793817683589028],[-74.17281326892098,4.695899595537801],[-74.23279668624306,4.736802088014896],[-74.21810686975603,4.793817683589028]]]}},{"type":"Feature","properties":{"DPTO_CCDGO":"25","MPIO_CCNCT":"25288","MPIO_CNMBR":"FuQUENE"},"geometry":{"type":"Polygon","coordinates":[[[-73.74313613667499,5.470568013664604],[-73.773739921023,5.351578944640327],[-73.82515427872764,5.373889395082379],[-73.74313613667499,5.470568013664604]]]}},{"type":"Feature","properties":{"DPTO_CCDGO":"25","MPIO_CCNCT":"25293","MPIO_CNMBR":"GACHALA"},"geometry":{"type":"Polygon","coordinates":[[[-73.61582439378729,4.668631267219737],[-73.32447636679429,4.780183519429997],[-73.4040462060991,4.67854702297176],[-73.5680824902044,4.524852808815403],[-73.64153157263961,4.547163259257454],[-73.61582439378729,4.668631267219737]]]}},{"type":"Feature","properties":{"DPTO_CCDGO":"25","MPIO_CCNCT":"25295","MPIO_CNMBR":"GACHANCIPA"},"geometry":{"type":"Polygon","coordinates":[[[-73.91206902627597,5.028077413230573],[-73.85575806307565,4.989653859691485],[-73.87412033368444,4.963625000842423],[-73.91206902627597,5.028077413230573]]]}},{"type":"Feature","properties":{"DPTO_CCDGO":"25","MPIO_CCNCT":"25297","MPIO_CNMBR":"GACHETA"},"geometry":{"type":"Polygon","coordinates":[[[-73.54237531135207,4.914046222082309],[-73.55461682509127,4.791338744651023],[-73.72232556331835,4.842156992880142],[-73.68560102210074,4.933877733586355],[-73.54237531135207,4.914046222082309]]]}},{"type":"Feature","properties":{"DPTO_CCDGO":"25","MPIO_CCNCT":"25299","MPIO_CNMBR":"GAMA"},"geometry":{"type":"Polygon","coordinates":[[[-73.59134136630888,4.7789440499609945],[-73.53503040310855,4.715731107041847],[-73.5680824902044,4.66119445040572],[-73.65377308637882,4.720688984917858],[-73.59134136630888,4.7789440499609945]]]}},{"type":"Feature","properties":{"DPTO_CCDGO":"25","MPIO_CCNCT":"25312","MPIO_CNMBR":"GRANADA"},"geometry":{"type":"Polygon","coordinates":[[[-74.36378088325253,4.557079015009478],[-74.28421104394772,4.512458114125373],[-74.3980571217223,4.491387133152324],[-74.36378088325253,4.557079015009478]]]}},{"type":"Feature","properties":{"DPTO_CCDGO":"25","MPIO_CCNCT":"25317","MPIO_CNMBR":"GUACHETA"},"geometry":{"type":"Polygon","coordinates":[[[-73.71987726057051,5.4594127884435775],[-73.5986862745524,5.3788472729583905],[-73.76394671003163,5.324310616322263],[-73.71987726057051,5.4594127884435775]]]}},{"type":"Feature","properties":{"DPTO_CCDGO":"25","MPIO_CCNCT":"25320","MPIO_CNMBR":"GUADUAS"},"geometry":{"type":"Polygon","coordinates":[[[-74.65023230474986,5.442060215877538],[-74.61473191490617,5.21523730305001],[-74.51435150224472,5.19416632207696],[-74.53516207560136,4.96610393978043],[-74.73102629542859,4.997090676505502],[-74.73469874955035,5.287126532252177],[-74.65023230474986,5.442060215877538]]]}},{"type":"Feature","properties":{"DPTO_CCDGO":"25","MPIO_CCNCT":"25322","MPIO_CNMBR":"GUASCA"},"geometry":{"type":"Polygon","coordinates":[[[-73.76272255865771,4.823564950845098],[-73.79944709987532,4.6835049008477725],[-73.95981092985886,4.812409725624072],[-73.90839657215422,4.922722508365329],[-73.76272255865771,4.823564950845098]]]}},{"type":"Feature","properties":{"DPTO_CCDGO":"25","MPIO_CCNCT":"25324","MPIO_CNMBR":"GUATAQUI"},"geometry":{"type":"Polygon","coordinates":[[[-74.79345801549852,4.591784160141557],[-74.74326780916779,4.475274030055287],[-74.82161349709868,4.4455267627992185],[-74.79345801549852,4.591784160141557]]]}},{"type":"Feature","properties":{"DPTO_CCDGO":"25","MPIO_CCNCT":"25326","MPIO_CNMBR":"GUATAVITA"},"geometry":{"type":"Polygon","coordinates":[[[-73.7137565037009,4.952469775621397],[-73.76272255865771,4.823564950845098],[-73.90839657215422,4.922722508365329],[-73.85575806307565,4.989653859691485],[-73.7137565037009,4.952469775621397]]]}},{"type":"Feature","properties":{"DPTO_CCDGO":"25","MPIO_CCNCT":"25328","MPIO_CNMBR":"GUAYABAL DE SIQUIMA"},"geometry":{"type":"Polygon","coordinates":[[[-74.48252356652279,4.938835611462366],[-74.45804053904439,4.832241237128118],[-74.50578244262728,4.832241237128118],[-74.48252356652279,4.938835611462366]]]}},{"type":"Feature","properties":{"DPTO_CCDGO":"25","MPIO_CCNCT":"25335","MPIO_CNMBR":"GUAYABETAL"},"geometry":{"type":"Polygon","coordinates":[[[-73.7921021916318,4.352566552624001],[-73.74313613667499,4.198872338467643],[-73.93287959963263,4.1492935597075284],[-73.9194139345195,4.264564220324797],[-73.7921021916318,4.352566552624001]]]}},{"type":"Feature","properties":{"DPTO_CCDGO":"25","MPIO_CCNCT":"25339","MPIO_CNMBR":"GUTIERREZ"},"geometry":{"type":"Polygon","coordinates":[[[-73.9194139345195,4.264564220324797],[-73.9561384757371,4.099714780947412],[-74.15077854419042,4.00427563183419],[-74.04305322328544,4.296790426518871],[-73.9194139345195,4.264564220324797]]]}},{"type":"Feature","properties":{"DPTO_CCDGO":"25","MPIO_CCNCT":"25368","MPIO_CNMBR":"JERUSALEN"},"geometry":{"type":"Polygon","coordinates":[[[-74.60861115803657,4.651278694653696],[-74.63187003414106,4.560797423416487],[-74.72612968993292,4.460400396427252],[-74.73347459817643,4.621531427397628],[-74.60861115803657,4.651278694653696]]]}},{"type":"Feature","properties":{"DPTO_CCDGO":"25","MPIO_CCNCT":"25372","MPIO_CNMBR":"JUNIN"},"geometry":{"type":"Polygon","coordinates":[[[-73.62316930203082,4.795057153058032],[-73.61582439378729,4.668631267219737],[-73.66846290286585,4.5397264424434365],[-73.79944709987532,4.6835049008477725],[-73.76272255865771,4.823564950845098],[-73.62316930203082,4.795057153058032]]]}},{"type":"Feature","properties":{"DPTO_CCDGO":"25","MPIO_CCNCT":"25377","MPIO_CNMBR":"LA CALERA"},"geometry":{"type":"Polygon","coordinates":[[[-73.95981092985886,4.812409725624072],[-73.79332634300572,4.681025961909766],[-73.79332634300572,4.637644530494665],[-73.98796641145903,4.63144718314965],[-73.95981092985886,4.812409725624072]]]}},{"type":"Feature","properties":{"DPTO_CCDGO":"25","MPIO_CCNCT":"25386","MPIO_CNMBR":"LA MESA"},"geometry":{"type":"Polygon","coordinates":[[[-74.43722996568775,4.713252168103841],[-74.47762696102711,4.57567105704452],[-74.55719680033192,4.647560286246687],[-74.43722996568775,4.713252168103841]]]}},{"type":"Feature","properties":{"DPTO_CCDGO":"25","MPIO_CCNCT":"25394","MPIO_CNMBR":"LA PALMA"},"geometry":{"type":"Polygon","coordinates":[[[-74.4225401492007,5.44329968534654],[-74.35521182363509,5.256139795527105],[-74.49231677751415,5.256139795527105],[-74.4225401492007,5.44329968534654]]]}},{"type":"Feature","properties":{"DPTO_CCDGO":"25","MPIO_CCNCT":"25398","MPIO_CNMBR":"LA PEÑA"},"geometry":{"type":"Polygon","coordinates":[[[-74.35521182363509,5.256139795527105],[-74.40785033271366,5.119798153936788],[-74.44702317667911,5.124756031812799],[-74.45681638767047,5.252421387120096],[-74.35521182363509,5.256139795527105]]]}},{"type":"Feature","properties":{"DPTO_CCDGO":"25","MPIO_CCNCT":"25402","MPIO_CNMBR":"LA VEGA"},"geometry":{"type":"Polygon","coordinates":[[[-74.27809028707811,5.029316882699577],[-74.29278010356516,4.9115672831443025],[-74.35766012638292,4.894214710578263],[-74.39560881897445,5.02188006588556],[-74.27809028707811,5.029316882699577]]]}},{"type":"Feature","properties":{"DPTO_CCDGO":"25","MPIO_CCNCT":"25407","MPIO_CNMBR":"LENGUAZAQUE"},"geometry":{"type":"Polygon","coordinates":[[[-73.66234214599626,5.242505631368074],[-73.76394671003163,5.324310616322263],[-73.5986862745524,5.3788472729583905],[-73.59623797180457,5.3652131087993595],[-73.66234214599626,5.242505631368074]]]}},{"type":"Feature","properties":{"DPTO_CCDGO":"25","MPIO_CCNCT":"25426","MPIO_CNMBR":"MACHETA"},"geometry":{"type":"Polygon","coordinates":[[[-73.5374787058564,5.122277092874793],[-73.61704854516121,4.961146061904419],[-73.7137565037009,4.952469775621397],[-73.61704854516121,5.132192848626817],[-73.5374787058564,5.122277092874793]]]}},{"type":"Feature","properties":{"DPTO_CCDGO":"25","MPIO_CCNCT":"25430","MPIO_CNMBR":"MADRID"},"geometry":{"type":"Polygon","coordinates":[[[-74.17770987441666,4.858270095977179],[-74.23279668624306,4.736802088014896],[-74.29890086043476,4.71697057651085],[-74.32828049340884,4.765309885801962],[-74.17770987441666,4.858270095977179]]]}},{"type":"Feature","properties":{"DPTO_CCDGO":"25","MPIO_CCNCT":"25436","MPIO_CNMBR":"MANTA"},"geometry":{"type":"Polygon","coordinates":[[[-73.61704854516121,4.961146061904419],[-73.5068749215084,4.995851207036498],[-73.54237531135207,4.914046222082309],[-73.61704854516121,4.961146061904419]]]}},{"type":"Feature","properties":{"DPTO_CCDGO":"25","MPIO_CCNCT":"25438","MPIO_CNMBR":"MEDINA"},"geometry":{"type":"Polygon","coordinates":[[[-73.46892622891687,4.63144718314965],[-73.19594047253266,4.560797423416487],[-73.25469973848082,4.423216312357166],[-73.47259868303863,4.275719445545823],[-73.55094437096952,4.307945651739898],[-73.60235872867416,4.461639865896256],[-73.46892622891687,4.63144718314965]]]}},{"type":"Feature","properties":{"DPTO_CCDGO":"25","MPIO_CCNCT":"25483","MPIO_CNMBR":"NARIÑO"},"geometry":{"type":"Polygon","coordinates":[[[-74.82161349709868,4.4455267627992185],[-74.75306102015915,4.434371537578192],[-74.85588973556845,4.335213980057961],[-74.82161349709868,4.4455267627992185]]]}},{"type":"Feature","properties":{"DPTO_CCDGO":"25","MPIO_CCNCT":"25486","MPIO_CNMBR":"NEMOCON"},"geometry":{"type":"Polygon","coordinates":[[[-73.90594826940638,5.133432318095819],[-73.83005088422333,5.096248234025733],[-73.93532790238046,5.042951046858608],[-73.90594826940638,5.133432318095819]]]}},{"type":"Feature","properties":{"DPTO_CCDGO":"25","MPIO_CCNCT":"25488","MPIO_CNMBR":"NILO"},"geometry":{"type":"Polygon","coordinates":[[[-74.73102629542859,4.2447327088207505],[-74.49843753438375,4.355045491562008],[-74.55230019483625,4.264564220324797],[-74.73102629542859,4.2447327088207505]]]}},{"type":"Feature","properties":{"DPTO_CCDGO":"25","MPIO_CCNCT":"25489","MPIO_CNMBR":"NIMAIMA"},"geometry":{"type":"Polygon","coordinates":[[[-74.34052200714805,5.200363669421975],[-74.37479824561781,5.104924520308753],[-74.44824732805303,5.072698314114678],[-74.45069563080087,5.123516562343797],[-74.34052200714805,5.200363669421975]]]}},{"type":"Feature","properties":{"DPTO_CCDGO":"25","MPIO_CCNCT":"25491","MPIO_CNMBR":"NOCAIMA"},"geometry":{"type":"Polygon","coordinates":[[[-74.42743675469639,5.065261497300661],[-74.34174615852197,5.051627333141628],[-74.41274693820934,5.020640596416557],[-74.42743675469639,5.065261497300661]]]}},{"type":"Feature","properties":{"DPTO_CCDGO":"25","MPIO_CCNCT":"25506","MPIO_CNMBR":"VENECIA"},"geometry":{"type":"Polygon","coordinates":[[[-74.4764028096532,4.119546292451458],[-74.3796948511135,4.036501838028265],[-74.52414471323608,4.022867673869234],[-74.4764028096532,4.119546292451458]]]}},{"type":"Feature","properties":{"DPTO_CCDGO":"25","MPIO_CCNCT":"25513","MPIO_CNMBR":"PACHO"},"geometry":{"type":"Polygon","coordinates":[[[-74.20586535601683,5.22391358933303],[-74.04550152603328,5.158221707475876],[-74.15812345243394,5.044190516327612],[-74.30012501180869,5.1929268526079575],[-74.21321026426034,5.295802818535197],[-74.20586535601683,5.22391358933303]]]}},{"type":"Feature","properties":{"DPTO_CCDGO":"25","MPIO_CCNCT":"25518","MPIO_CNMBR":"PAIME"},"geometry":{"type":"Polygon","coordinates":[[[-74.234020837617,5.397439314993434],[-74.09446758099008,5.4358628685325225],[-74.1740374202949,5.297042288004199],[-74.234020837617,5.397439314993434]]]}},{"type":"Feature","properties":{"DPTO_CCDGO":"25","MPIO_CCNCT":"25524","MPIO_CNMBR":"PANDI"},"geometry":{"type":"Polygon","coordinates":[[[-74.5192481077404,4.241014300413742],[-74.42743675469639,4.151772498645533],[-74.44457487393126,4.1108700061684385],[-74.5192481077404,4.241014300413742]]]}},{"type":"Feature","properties":{"DPTO_CCDGO":"25","MPIO_CCNCT":"25530","MPIO_CNMBR":"PARATEBUENO (LA NAGUAYA)"},"geometry":{"type":"Polygon","coordinates":[[[-73.05271476178399,4.736802088014896],[-73.12493969284529,4.257127403510779],[-73.42730508220357,4.306706182270895],[-73.20328538077618,4.490147663683322],[-73.22042350001107,4.676068084033755],[-73.10290496811473,4.66119445040572],[-73.05271476178399,4.736802088014896]]]}},{"type":"Feature","properties":{"DPTO_CCDGO":"25","MPIO_CCNCT":"25535","MPIO_CNMBR":"PASCA"},"geometry":{"type":"Polygon","coordinates":[[[-74.35153936951333,4.295550957049869],[-74.21443441563427,4.381074350411067],[-74.23769329173875,4.195153930060634],[-74.35153936951333,4.295550957049869]]]}},{"type":"Feature","properties":{"DPTO_CCDGO":"25","MPIO_CCNCT":"25572","MPIO_CNMBR":"PUERTO SALGAR"},"geometry":{"type":"Polygon","coordinates":[[[-74.48619602064456,5.770519625163303],[-74.48742017201847,5.646572678263013],[-74.61473191490617,5.38752355924141],[-74.66124966711514,5.751927583128259],[-74.48619602064456,5.770519625163303]]]}},{"type":"Feature","properties":{"DPTO_CCDGO":"25","MPIO_CCNCT":"25580","MPIO_CNMBR":"PULI"},"geometry":{"type":"Polygon","coordinates":[[[-74.68450854321962,4.757873068987944],[-74.59024888742776,4.742999435359911],[-74.60861115803657,4.651278694653696],[-74.73347459817643,4.621531427397628],[-74.68450854321962,4.757873068987944]]]}},{"type":"Feature","properties":{"DPTO_CCDGO":"25","MPIO_CCNCT":"25592","MPIO_CNMBR":"QUEBRADANEGRA"},"geometry":{"type":"Polygon","coordinates":[[[-74.52536886461,5.134671787564821],[-74.44824732805303,5.072698314114678],[-74.54128283247096,5.065261497300661],[-74.52536886461,5.134671787564821]]]}},{"type":"Feature","properties":{"DPTO_CCDGO":"25","MPIO_CCNCT":"25594","MPIO_CNMBR":"QUETAME"},"geometry":{"type":"Polygon","coordinates":[[[-73.80924031086668,4.395947984039102],[-73.83249918697116,4.278198384483828],[-73.90105166391069,4.27076156766981],[-73.87534448505838,4.38603222828708],[-73.80924031086668,4.395947984039102]]]}},{"type":"Feature","properties":{"DPTO_CCDGO":"25","MPIO_CCNCT":"25596","MPIO_CNMBR":"QUIPILE"},"geometry":{"type":"Polygon","coordinates":[[[-74.52414471323608,4.793817683589028],[-74.50945489674903,4.679786492440764],[-74.59024888742776,4.633926122087656],[-74.59024888742776,4.742999435359911],[-74.52414471323608,4.793817683589028]]]}},{"type":"Feature","properties":{"DPTO_CCDGO":"25","MPIO_CCNCT":"25599","MPIO_CNMBR":"APULO"},"geometry":{"type":"Polygon","coordinates":[[[-74.50210998850551,4.483950316338307],[-74.62085267177578,4.505021297311357],[-74.59759379567129,4.626489305273639],[-74.56454170857545,4.532289625629419],[-74.50210998850551,4.483950316338307]]]}},{"type":"Feature","properties":{"DPTO_CCDGO":"25","MPIO_CCNCT":"25612","MPIO_CNMBR":"RICAURTE"},"geometry":{"type":"Polygon","coordinates":[[[-74.73592290092427,4.381074350411067],[-74.66124966711514,4.305466712801891],[-74.74449196054171,4.236056422537731],[-74.79713046962028,4.288114140235852],[-74.73592290092427,4.381074350411067]]]}},{"type":"Feature","properties":{"DPTO_CCDGO":"25","MPIO_CCNCT":"25645","MPIO_CNMBR":"SAN ANTONIO DEL TEQUENDAMA"},"geometry":{"type":"Polygon","coordinates":[[[-74.34419446126981,4.653757633591702],[-74.30379746593044,4.5546000760714715],[-74.39438466760053,4.62277089686663],[-74.34419446126981,4.653757633591702]]]}},{"type":"Feature","properties":{"DPTO_CCDGO":"25","MPIO_CCNCT":"25649","MPIO_CNMBR":"SAN BERNARDO"},"geometry":{"type":"Polygon","coordinates":[[[-74.24014159448659,4.186477643777614],[-74.24503819998228,4.103433189354421],[-74.32460803928709,4.126983109265476],[-74.3796948511135,4.036501838028265],[-74.46660959866183,4.217464380502687],[-74.24014159448659,4.186477643777614]]]}},{"type":"Feature","properties":{"DPTO_CCDGO":"25","MPIO_CCNCT":"25653","MPIO_CNMBR":"SAN CAYETANO"},"geometry":{"type":"Polygon","coordinates":[[[-73.9989837738243,5.367692047737364],[-73.99531131970255,5.258618734465111],[-74.1373128790773,5.235068814554056],[-74.09446758099008,5.4358628685325225],[-73.9989837738243,5.367692047737364]]]}},{"type":"Feature","properties":{"DPTO_CCDGO":"25","MPIO_CCNCT":"25658","MPIO_CNMBR":"SAN FRANCISCO"},"geometry":{"type":"Polygon","coordinates":[[[-74.21443441563427,4.997090676505502],[-74.28421104394772,4.875622668543219],[-74.32215973653925,4.885538424295243],[-74.32093558516533,5.005766962788522],[-74.21443441563427,4.997090676505502]]]}},{"type":"Feature","properties":{"DPTO_CCDGO":"25","MPIO_CCNCT":"25718","MPIO_CNMBR":"SASAIMA"},"geometry":{"type":"Polygon","coordinates":[[[-74.35766012638292,4.894214710578263],[-74.48007526377495,4.952469775621397],[-74.41274693820934,5.020640596416557],[-74.39560881897445,5.02188006588556],[-74.35766012638292,4.894214710578263]]]}},{"type":"Feature","properties":{"DPTO_CCDGO":"25","MPIO_CCNCT":"25736","MPIO_CNMBR":"SESQUILE"},"geometry":{"type":"Polygon","coordinates":[[[-73.8104644622406,5.0826140698667],[-73.7137565037009,4.952469775621397],[-73.85575806307565,4.989653859691485],[-73.8104644622406,5.0826140698667]]]}},{"type":"Feature","properties":{"DPTO_CCDGO":"25","MPIO_CCNCT":"25743","MPIO_CNMBR":"SILVANIA"},"geometry":{"type":"Polygon","coordinates":[[[-74.30012501180869,4.426934720764175],[-74.42009184645286,4.358763899969016],[-74.45191978217478,4.38603222828708],[-74.3980571217223,4.491387133152324],[-74.30257331455653,4.503781827842353],[-74.30012501180869,4.426934720764175]]]}},{"type":"Feature","properties":{"DPTO_CCDGO":"25","MPIO_CCNCT":"25745","MPIO_CNMBR":"SIMIJACA"},"geometry":{"type":"Polygon","coordinates":[[[-73.91084487490205,5.523865200831729],[-73.78720558613611,5.510231036672696],[-73.90227581528461,5.466849605257595],[-73.91084487490205,5.523865200831729]]]}},{"type":"Feature","properties":{"DPTO_CCDGO":"25","MPIO_CCNCT":"25758","MPIO_CNMBR":"SOPO"},"geometry":{"type":"Polygon","coordinates":[[[-73.9916388655808,4.972301287125443],[-73.91574148039774,4.914046222082309],[-73.95981092985886,4.812409725624072],[-74.00632868206783,4.823564950845098],[-73.9916388655808,4.972301287125443]]]}},{"type":"Feature","properties":{"DPTO_CCDGO":"25","MPIO_CCNCT":"25769","MPIO_CNMBR":"SUBACHOQUE"},"geometry":{"type":"Polygon","coordinates":[[[-74.09324342961617,5.066500966769663],[-74.12874381945986,4.904130466330285],[-74.20096875052114,4.857030626508175],[-74.21443441563427,4.997090676505502],[-74.09324342961617,5.066500966769663]]]}},{"type":"Feature","properties":{"DPTO_CCDGO":"25","MPIO_CCNCT":"25772","MPIO_CNMBR":"SUESCA"},"geometry":{"type":"Polygon","coordinates":[[[-73.68437687072682,5.228871467209041],[-73.76027425590988,5.051627333141628],[-73.87044787956269,5.047908924734619],[-73.83861994384077,5.1644190548208915],[-73.68437687072682,5.228871467209041]]]}},{"type":"Feature","properties":{"DPTO_CCDGO":"25","MPIO_CCNCT":"25777","MPIO_CNMBR":"SUPATA"},"geometry":{"type":"Polygon","coordinates":[[[-74.15812345243394,5.044190516327612],[-74.21443441563427,4.997090676505502],[-74.30379746593044,5.0739377835836805],[-74.22667592937347,5.118558684467784],[-74.15812345243394,5.044190516327612]]]}},{"type":"Feature","properties":{"DPTO_CCDGO":"25","MPIO_CCNCT":"25779","MPIO_CNMBR":"SUSA"},"geometry":{"type":"Polygon","coordinates":[[[-73.74313613667499,5.470568013664604],[-73.82515427872764,5.373889395082379],[-73.83984409521469,5.367692047737364],[-73.86677542544093,5.461891727381584],[-73.74313613667499,5.470568013664604]]]}},{"type":"Feature","properties":{"DPTO_CCDGO":"25","MPIO_CCNCT":"25781","MPIO_CNMBR":"SUTATAUSA"},"geometry":{"type":"Polygon","coordinates":[[[-73.804343705371,5.258618734465111],[-73.84718900345821,5.19416632207696],[-73.89737920978894,5.252421387120096],[-73.86677542544093,5.282168654376166],[-73.804343705371,5.258618734465111]]]}},{"type":"Feature","properties":{"DPTO_CCDGO":"25","MPIO_CCNCT":"25785","MPIO_CNMBR":"TABIO"},"geometry":{"type":"Polygon","coordinates":[[[-74.03326001229408,4.963625000842423],[-74.08222606725089,4.892975241109259],[-74.12874381945986,4.904130466330285],[-74.08712267274656,5.010724840664533],[-74.03326001229408,4.963625000842423]]]}},{"type":"Feature","properties":{"DPTO_CCDGO":"25","MPIO_CCNCT":"25793","MPIO_CNMBR":"TAUSA"},"geometry":{"type":"Polygon","coordinates":[[[-74.0773294617552,5.230110936678043],[-73.95246602161535,5.205321547297986],[-73.89737920978894,5.252421387120096],[-73.83861994384077,5.1644190548208915],[-74.04550152603328,5.169376932696903],[-74.0773294617552,5.230110936678043]]]}},{"type":"Feature","properties":{"DPTO_CCDGO":"25","MPIO_CCNCT":"25797","MPIO_CNMBR":"TENA"},"geometry":{"type":"Polygon","coordinates":[[[-74.39316051622662,4.69961800394481],[-74.39438466760053,4.62277089686663],[-74.44579902530519,4.597981507486573],[-74.39316051622662,4.69961800394481]]]}},{"type":"Feature","properties":{"DPTO_CCDGO":"25","MPIO_CCNCT":"25799","MPIO_CNMBR":"TENJO"},"geometry":{"type":"Polygon","coordinates":[[[-74.12874381945986,4.904130466330285],[-74.16302005792961,4.750436252173927],[-74.21810686975603,4.793817683589028],[-74.12874381945986,4.904130466330285]]]}},{"type":"Feature","properties":{"DPTO_CCDGO":"25","MPIO_CCNCT":"25805","MPIO_CNMBR":"TIBACUY"},"geometry":{"type":"Polygon","coordinates":[[[-74.42009184645286,4.358763899969016],[-74.48252356652279,4.289353609704854],[-74.5498518920884,4.260845811917788],[-74.49843753438375,4.355045491562008],[-74.42009184645286,4.358763899969016]]]}},{"type":"Feature","properties":{"DPTO_CCDGO":"25","MPIO_CCNCT":"25807","MPIO_CNMBR":"TIBIRITA"},"geometry":{"type":"Polygon","coordinates":[[[-73.53625455448247,5.132192848626817],[-73.47994359128215,5.062782558362654],[-73.52278888936935,5.029316882699577],[-73.53625455448247,5.132192848626817]]]}},{"type":"Feature","properties":{"DPTO_CCDGO":"25","MPIO_CCNCT":"25815","MPIO_CNMBR":"TOCAIMA"},"geometry":{"type":"Polygon","coordinates":[[[-74.60004209841912,4.619052488459621],[-74.54862774071448,4.3637217778450275],[-74.74326780916779,4.381074350411067],[-74.60004209841912,4.619052488459621]]]}},{"type":"Feature","properties":{"DPTO_CCDGO":"25","MPIO_CCNCT":"25817","MPIO_CNMBR":"TOCANCIPA"},"geometry":{"type":"Polygon","coordinates":[[[-73.91206902627597,5.028077413230573],[-73.91574148039774,4.914046222082309],[-73.9916388655808,4.972301287125443],[-73.91206902627597,5.028077413230573]]]}},{"type":"Feature","properties":{"DPTO_CCDGO":"25","MPIO_CCNCT":"25823","MPIO_CNMBR":"TOPAIPI"},"geometry":{"type":"Polygon","coordinates":[[[-74.234020837617,5.397439314993434],[-74.21321026426034,5.295802818535197],[-74.35766012638292,5.331747433136281],[-74.36500503462645,5.418510295966483],[-74.234020837617,5.397439314993434]]]}},{"type":"Feature","properties":{"DPTO_CCDGO":"25","MPIO_CCNCT":"25839","MPIO_CNMBR":"UBALA"},"geometry":{"type":"MultiPolygon","coordinates":[[[[-73.32447636679429,4.780183519429997],[-73.24735483023731,4.624010366335634],[-73.4040462060991,4.67854702297176],[-73.32447636679429,4.780183519429997]]],[[[-73.4468915041863,4.88925683270225],[-73.37221827037718,4.801254500403045],[-73.53503040310855,4.715731107041847],[-73.59134136630888,4.7789440499609945],[-73.4468915041863,4.88925683270225]]]]}},{"type":"Feature","properties":{"DPTO_CCDGO":"25","MPIO_CCNCT":"25841","MPIO_CNMBR":"UBAQUE"},"geometry":{"type":"Polygon","coordinates":[[[-74.00510453069391,4.560797423416487],[-73.90472411803246,4.500063419435344],[-73.90349996665853,4.440568884923206],[-74.04794982878111,4.512458114125373],[-74.00510453069391,4.560797423416487]]]}},{"type":"Feature","properties":{"DPTO_CCDGO":"25","MPIO_CCNCT":"25843","MPIO_CNMBR":"UBATE"},"geometry":{"type":"Polygon","coordinates":[[[-73.773739921023,5.351578944640327],[-73.804343705371,5.258618734465111],[-73.86677542544093,5.282168654376166],[-73.83984409521469,5.367692047737364],[-73.773739921023,5.351578944640327]]]}},{"type":"Feature","properties":{"DPTO_CCDGO":"25","MPIO_CCNCT":"25845","MPIO_CNMBR":"UNE"},"geometry":{"type":"Polygon","coordinates":[[[-73.99041471420688,4.418258434481155],[-73.9916388655808,4.355045491562008],[-74.11038154885105,4.181519765901603],[-74.15200269556433,4.255887934041777],[-73.99041471420688,4.418258434481155]]]}},{"type":"Feature","properties":{"DPTO_CCDGO":"25","MPIO_CCNCT":"25851","MPIO_CNMBR":"uTICA"},"geometry":{"type":"Polygon","coordinates":[[[-74.49231677751415,5.256139795527105],[-74.44702317667911,5.124756031812799],[-74.52536886461,5.134671787564821],[-74.49231677751415,5.256139795527105]]]}},{"type":"Feature","properties":{"DPTO_CCDGO":"25","MPIO_CCNCT":"25862","MPIO_CNMBR":"VERGARA"},"geometry":{"type":"Polygon","coordinates":[[[-74.30012501180869,5.1929268526079575],[-74.22667592937347,5.118558684467784],[-74.34174615852197,5.051627333141628],[-74.37479824561781,5.104924520308753],[-74.30012501180869,5.1929268526079575]]]}},{"type":"Feature","properties":{"DPTO_CCDGO":"25","MPIO_CCNCT":"25867","MPIO_CNMBR":"VIANI"},"geometry":{"type":"Polygon","coordinates":[[[-74.55230019483625,4.9648644703114275],[-74.55964510307976,4.796296622527034],[-74.56331755720153,4.796296622527034],[-74.55230019483625,4.9648644703114275]]]}},{"type":"Feature","properties":{"DPTO_CCDGO":"25","MPIO_CCNCT":"25871","MPIO_CNMBR":"VILLAGOMEZ"},"geometry":{"type":"Polygon","coordinates":[[[-74.22055517250386,5.341663188888305],[-74.1373128790773,5.235068814554056],[-74.20586535601683,5.22391358933303],[-74.22055517250386,5.341663188888305]]]}},{"type":"Feature","properties":{"DPTO_CCDGO":"25","MPIO_CCNCT":"25873","MPIO_CNMBR":"VILLAPINZON"},"geometry":{"type":"Polygon","coordinates":[[[-73.59623797180457,5.3652131087993595],[-73.4774952885343,5.148305951723854],[-73.49218510502135,5.128474440219808],[-73.66234214599626,5.242505631368074],[-73.59623797180457,5.3652131087993595]]]}},{"type":"Feature","properties":{"DPTO_CCDGO":"25","MPIO_CCNCT":"25875","MPIO_CNMBR":"VILLETA"},"geometry":{"type":"Polygon","coordinates":[[[-74.54128283247096,5.065261497300661],[-74.41274693820934,5.020640596416557],[-74.51679980499256,4.943793489338377],[-74.54128283247096,5.065261497300661]]]}},{"type":"Feature","properties":{"DPTO_CCDGO":"25","MPIO_CCNCT":"25878","MPIO_CNMBR":"VIOTA"},"geometry":{"type":"Polygon","coordinates":[[[-74.39438466760053,4.500063419435344],[-74.45191978217478,4.38603222828708],[-74.54862774071448,4.3637217778450275],[-74.56209340582761,4.446766232268221],[-74.39438466760053,4.500063419435344]]]}},{"type":"Feature","properties":{"DPTO_CCDGO":"25","MPIO_CCNCT":"25885","MPIO_CNMBR":"YACOPI"},"geometry":{"type":"Polygon","coordinates":[[[-74.33440125027845,5.827535220737435],[-74.29155595219125,5.569725571184835],[-74.17770987441666,5.4594127884435775],[-74.30624576867828,5.388763028710413],[-74.4225401492007,5.44329968534654],[-74.4531439335487,5.5548519375567995],[-74.54005868109704,5.5548519375567995],[-74.48619602064456,5.770519625163303],[-74.33440125027845,5.827535220737435]]]}},{"type":"Feature","properties":{"DPTO_CCDGO":"25","MPIO_CCNCT":"25898","MPIO_CNMBR":"ZIPACON"},"geometry":{"type":"Polygon","coordinates":[[[-74.39438466760053,4.803733439341052],[-74.3980571217223,4.71697057651085],[-74.43722996568775,4.713252168103841],[-74.39438466760053,4.803733439341052]]]}},{"type":"Feature","properties":{"DPTO_CCDGO":"25","MPIO_CCNCT":"25899","MPIO_CNMBR":"ZIPAQUIRA"},"geometry":{"type":"Polygon","coordinates":[[[-74.04550152603328,5.158221707475876],[-74.01367359031136,5.049148394203623],[-73.91206902627597,5.028077413230573],[-74.03326001229408,4.963625000842423],[-74.09324342961617,5.066500966769663],[-74.04550152603328,5.158221707475876]]]}},{"type":"Feature","properties":{"DPTO_CCDGO":"25","MPIO_CCNCT":"25001","MPIO_CNMBR":"AGUA DE DIOS"},"geometry":{"type":"Polygon","coordinates":[[[-74.59759379567129,4.358763899969016],[-74.6649221212369,4.3401718579339725],[-74.73592290092427,4.381074350411067],[-74.6771636349761,4.415779495543148],[-74.59759379567129,4.358763899969016]]]}},{"type":"Feature","properties":{"DPTO_CCDGO":"54","MPIO_CCNCT":"54001","MPIO_CNMBR":"CUCUTA"},"geometry":{"type":"Polygon","coordinates":[[[-72.47246701054583,8.430421105643495],[-72.34637941903205,8.03750928396958],[-72.48715682703286,7.945788543263365],[-72.57529572595512,7.721444569373844],[-72.52877797374614,8.163935169807873],[-72.60345120755528,8.322587261840242],[-72.47246701054583,8.430421105643495]]]}},{"type":"Feature","properties":{"DPTO_CCDGO":"54","MPIO_CCNCT":"54003","MPIO_CNMBR":"ABREGO"},"geometry":{"type":"Polygon","coordinates":[[[-72.99028304171406,8.285403177770156],[-73.0710770323928,7.787136451230996],[-73.34895939427268,7.829278413177095],[-73.27306200908963,8.191203498125937],[-72.99028304171406,8.285403177770156]]]}},{"type":"Feature","properties":{"DPTO_CCDGO":"54","MPIO_CCNCT":"54051","MPIO_CNMBR":"ARBOLEDAS"},"geometry":{"type":"Polygon","coordinates":[[[-72.69648671197322,7.6334422370746395],[-72.79931542738251,7.639639584419653],[-72.8960233859222,7.467353328228253],[-72.97804152797487,7.529326801678396],[-72.95355850049646,7.666907912737717],[-72.83971242272187,7.709049874683815],[-72.72464219357339,7.746233958753901],[-72.69648671197322,7.6334422370746395]]]}},{"type":"Feature","properties":{"DPTO_CCDGO":"54","MPIO_CCNCT":"54099","MPIO_CNMBR":"BOCHALEMA"},"geometry":{"type":"Polygon","coordinates":[[[-72.58141648282472,7.761107592381936],[-72.63650329465113,7.5665108857484835],[-72.7075040743385,7.525608393271387],[-72.74300446418218,7.623526481322616],[-72.58141648282472,7.761107592381936]]]}},{"type":"Feature","properties":{"DPTO_CCDGO":"54","MPIO_CCNCT":"54109","MPIO_CNMBR":"BUCARASICA"},"geometry":{"type":"Polygon","coordinates":[[[-72.85562639058284,8.026354058748554],[-72.96947246835742,8.022635650341545],[-73.01476606919248,8.14906153617984],[-72.87521281256556,8.12799055520679],[-72.85562639058284,8.026354058748554]]]}},{"type":"Feature","properties":{"DPTO_CCDGO":"54","MPIO_CCNCT":"54125","MPIO_CNMBR":"CACOTA"},"geometry":{"type":"Polygon","coordinates":[[[-72.5801923314508,7.264080335311778],[-72.65119311113817,7.190951636640609],[-72.7258663449473,7.2566435184977625],[-72.61569272129448,7.329772217168932],[-72.5801923314508,7.264080335311778]]]}},{"type":"Feature","properties":{"DPTO_CCDGO":"54","MPIO_CCNCT":"54128","MPIO_CNMBR":"CACHIRA"},"geometry":{"type":"Polygon","coordinates":[[[-73.04536985354048,7.867701966716185],[-72.98293813347054,7.619808072915607],[-73.36976996762932,7.564031946810477],[-73.04536985354048,7.867701966716185]]]}},{"type":"Feature","properties":{"DPTO_CCDGO":"54","MPIO_CCNCT":"54172","MPIO_CNMBR":"CHINACOTA"},"geometry":{"type":"Polygon","coordinates":[[[-72.5863130883204,7.701613057869798],[-72.53489873061575,7.4896637786703035],[-72.57774402870297,7.454958633538224],[-72.62915838640761,7.642118523357659],[-72.5863130883204,7.701613057869798]]]}},{"type":"Feature","properties":{"DPTO_CCDGO":"54","MPIO_CCNCT":"54223","MPIO_CNMBR":"CUCUTILLA"},"geometry":{"type":"Polygon","coordinates":[[[-72.79931542738251,7.639639584419653],[-72.69036595510362,7.472311206104264],[-72.83848827134796,7.359519484425002],[-72.8960233859222,7.467353328228253],[-72.79931542738251,7.639639584419653]]]}},{"type":"Feature","properties":{"DPTO_CCDGO":"54","MPIO_CCNCT":"54239","MPIO_CNMBR":"DURANIA"},"geometry":{"type":"Polygon","coordinates":[[[-72.65976217075561,7.8329968215841035],[-72.64629650564248,7.680542076896748],[-72.69648671197322,7.6334422370746395],[-72.70995237708634,7.800770615390029],[-72.65976217075561,7.8329968215841035]]]}},{"type":"Feature","properties":{"DPTO_CCDGO":"54","MPIO_CCNCT":"54261","MPIO_CNMBR":"EL ZULIA"},"geometry":{"type":"Polygon","coordinates":[[[-72.58753723969431,7.918520214945303],[-72.76014258341706,7.96933846317442],[-72.54714024435495,8.286642647239159],[-72.52877797374614,8.163935169807873],[-72.58753723969431,7.918520214945303]]]}},{"type":"Feature","properties":{"DPTO_CCDGO":"54","MPIO_CCNCT":"54313","MPIO_CNMBR":"GRAMALOTE"},"geometry":{"type":"Polygon","coordinates":[[[-72.75402182654747,8.017677772465534],[-72.76014258341706,7.8478704552121386],[-72.9009199914179,7.902407111848264],[-72.75402182654747,8.017677772465534]]]}},{"type":"Feature","properties":{"DPTO_CCDGO":"54","MPIO_CCNCT":"54344","MPIO_CNMBR":"HACARI"},"geometry":{"type":"Polygon","coordinates":[[[-72.9682483169835,8.4329000445815],[-72.99028304171406,8.285403177770156],[-73.11269817910609,8.243261215824058],[-73.18369895879346,8.311432036619218],[-73.1616642340629,8.435378983519506],[-73.05026645903615,8.487436701217627],[-72.9682483169835,8.4329000445815]]]}},{"type":"Feature","properties":{"DPTO_CCDGO":"54","MPIO_CCNCT":"54347","MPIO_CNMBR":"HERRAN"},"geometry":{"type":"Polygon","coordinates":[[[-72.45532889131094,7.552876721589451],[-72.47858776741542,7.498340064953325],[-72.4161560473455,7.400421976902097],[-72.53489873061575,7.4896637786703035],[-72.54714024435495,7.550397782651446],[-72.45532889131094,7.552876721589451]]]}},{"type":"Feature","properties":{"DPTO_CCDGO":"54","MPIO_CCNCT":"54377","MPIO_CNMBR":"LABATECA"},"geometry":{"type":"Polygon","coordinates":[[[-72.44553568031958,7.229375190179699],[-72.57651987732903,7.164922777791547],[-72.56917496908552,7.392985160088079],[-72.44553568031958,7.229375190179699]]]}},{"type":"Feature","properties":{"DPTO_CCDGO":"54","MPIO_CCNCT":"54385","MPIO_CNMBR":"LA ESPERANZA"},"geometry":{"type":"Polygon","coordinates":[[[-73.15309517444545,7.809446901673049],[-73.36976996762932,7.564031946810477],[-73.63296251302216,7.748712897691908],[-73.48116774265607,7.676823668489741],[-73.34895939427268,7.829278413177095],[-73.15309517444545,7.809446901673049]]]}},{"type":"Feature","properties":{"DPTO_CCDGO":"54","MPIO_CCNCT":"54398","MPIO_CNMBR":"LA PLAYA"},"geometry":{"type":"Polygon","coordinates":[[[-73.05516306453184,8.285403177770156],[-73.04904230766223,8.230866521134029],[-73.27306200908963,8.191203498125937],[-73.26938955496787,8.323826731309246],[-73.18492311016738,8.369687101662352],[-73.11269817910609,8.243261215824058],[-73.05516306453184,8.285403177770156]]]}},{"type":"Feature","properties":{"DPTO_CCDGO":"54","MPIO_CCNCT":"54405","MPIO_CNMBR":"LOS PATIOS"},"geometry":{"type":"Polygon","coordinates":[[[-72.48715682703286,7.857786210964161],[-72.48838097840678,7.756149714505925],[-72.52755382237223,7.637160645481648],[-72.5863130883204,7.701613057869798],[-72.48715682703286,7.857786210964161]]]}},{"type":"Feature","properties":{"DPTO_CCDGO":"54","MPIO_CCNCT":"54418","MPIO_CNMBR":"LOURDES"},"geometry":{"type":"Polygon","coordinates":[[[-72.79441882188684,8.005283077775504],[-72.81767769799131,7.923478092821314],[-72.8960233859222,7.904886050786271],[-72.85562639058284,8.026354058748554],[-72.79441882188684,8.005283077775504]]]}},{"type":"Feature","properties":{"DPTO_CCDGO":"54","MPIO_CCNCT":"54480","MPIO_CNMBR":"MUTISCUA"},"geometry":{"type":"Polygon","coordinates":[[[-72.7197455880777,7.375632587522039],[-72.7258663449473,7.2566435184977625],[-72.83848827134796,7.359519484425002],[-72.7197455880777,7.375632587522039]]]}},{"type":"Feature","properties":{"DPTO_CCDGO":"54","MPIO_CCNCT":"54498","MPIO_CNMBR":"OCAÑA"},"geometry":{"type":"MultiPolygon","coordinates":[[[[-73.27428616046356,8.389518613166398],[-73.30978655030724,8.015198833527528],[-73.36609751350757,8.022635650341545],[-73.43220168769926,8.140385249896818],[-73.34895939427268,8.391997552104405],[-73.27428616046356,8.389518613166398]]],[[[-73.4101669629687,8.430421105643495],[-73.45668471517766,8.361010815379332],[-73.49218510502135,8.421744819360473],[-73.4101669629687,8.430421105643495]]]]}},{"type":"Feature","properties":{"DPTO_CCDGO":"54","MPIO_CCNCT":"54518","MPIO_CNMBR":"PAMPLONA"},"geometry":{"type":"Polygon","coordinates":[[[-72.69036595510362,7.472311206104264],[-72.57774402870297,7.38926675168107],[-72.57774402870297,7.262840865842776],[-72.81767769799131,7.371914179115031],[-72.69036595510362,7.472311206104264]]]}},{"type":"Feature","properties":{"DPTO_CCDGO":"54","MPIO_CCNCT":"54520","MPIO_CNMBR":"PAMPLONITA"},"geometry":{"type":"Polygon","coordinates":[[[-72.63650329465113,7.5665108857484835],[-72.56917496908552,7.392985160088079],[-72.64629650564248,7.401661446371099],[-72.7075040743385,7.525608393271387],[-72.63650329465113,7.5665108857484835]]]}},{"type":"Feature","properties":{"DPTO_CCDGO":"54","MPIO_CCNCT":"54553","MPIO_CNMBR":"PUERTO SANTANDER"},"geometry":{"type":"Polygon","coordinates":[[[-72.38677641437141,8.277966360956139],[-72.43941492344997,8.332503017592266],[-72.42717340971078,8.380842326883378],[-72.38922471711925,8.348616120689304],[-72.38677641437141,8.277966360956139]]]}},{"type":"Feature","properties":{"DPTO_CCDGO":"54","MPIO_CCNCT":"54599","MPIO_CNMBR":"RAGONVALIA"},"geometry":{"type":"Polygon","coordinates":[[[-72.52143306550263,7.648315870702673],[-72.45532889131094,7.552876721589451],[-72.54714024435495,7.550397782651446],[-72.52143306550263,7.648315870702673]]]}},{"type":"Feature","properties":{"DPTO_CCDGO":"54","MPIO_CCNCT":"54660","MPIO_CNMBR":"SALAZAR"},"geometry":{"type":"Polygon","coordinates":[[[-72.76014258341706,7.8478704552121386],[-72.74667691830395,7.716486691497833],[-72.95355850049646,7.666907912737717],[-72.99885210133151,7.764826000788945],[-72.9009199914179,7.902407111848264],[-72.76014258341706,7.8478704552121386]]]}},{"type":"Feature","properties":{"DPTO_CCDGO":"54","MPIO_CCNCT":"54670","MPIO_CNMBR":"SAN CALIXTO"},"geometry":{"type":"Polygon","coordinates":[[[-73.0159902205664,8.545691766260763],[-72.9682483169835,8.4329000445815],[-73.05026645903615,8.487436701217627],[-73.26938955496787,8.323826731309246],[-73.22164765138498,8.52709972422572],[-73.0159902205664,8.545691766260763]]]}},{"type":"Feature","properties":{"DPTO_CCDGO":"54","MPIO_CCNCT":"54673","MPIO_CNMBR":"SAN CAYETANO"},"geometry":{"type":"Polygon","coordinates":[[[-72.58753723969431,7.918520214945303],[-72.56427836358984,7.787136451230996],[-72.61936517541625,7.753670775567919],[-72.65608971663386,7.906125520255273],[-72.58753723969431,7.918520214945303]]]}},{"type":"Feature","properties":{"DPTO_CCDGO":"54","MPIO_CCNCT":"54680","MPIO_CNMBR":"SANTIAGO"},"geometry":{"type":"Polygon","coordinates":[[[-72.69036595510362,7.974296341050433],[-72.70995237708634,7.800770615390029],[-72.76014258341706,7.96933846317442],[-72.69036595510362,7.974296341050433]]]}},{"type":"Feature","properties":{"DPTO_CCDGO":"54","MPIO_CCNCT":"54720","MPIO_CNMBR":"SARDINATA"},"geometry":{"type":"Polygon","coordinates":[[[-72.60345120755528,8.322587261840242],[-72.79441882188684,8.005283077775504],[-72.9621275601139,8.187485089718928],[-72.99517964720975,8.390758082635402],[-72.9437652895051,8.510986621128682],[-72.83114336310445,8.41554747201546],[-72.69648671197322,8.43785792245751],[-72.60345120755528,8.322587261840242]]]}},{"type":"Feature","properties":{"DPTO_CCDGO":"54","MPIO_CCNCT":"54743","MPIO_CNMBR":"SILOS"},"geometry":{"type":"Polygon","coordinates":[[[-72.7258663449473,7.2566435184977625],[-72.7503493724257,7.059567872926303],[-72.81890184936523,7.071962567616332],[-72.87643696393948,7.264080335311778],[-72.7258663449473,7.2566435184977625]]]}},{"type":"Feature","properties":{"DPTO_CCDGO":"54","MPIO_CCNCT":"54871","MPIO_CNMBR":"VILLA CARO"},"geometry":{"type":"Polygon","coordinates":[[[-72.87398866119165,7.997846260961488],[-72.8960233859222,7.904886050786271],[-72.99885210133151,7.764826000788945],[-73.08209439475809,8.027593528217556],[-73.00252455545326,8.099482757419723],[-72.87398866119165,7.997846260961488]]]}},{"type":"Feature","properties":{"DPTO_CCDGO":"54","MPIO_CCNCT":"54874","MPIO_CNMBR":"VILLA DEL ROSARIO"},"geometry":{"type":"Polygon","coordinates":[[[-72.47491531329366,7.658231626454697],[-72.52143306550263,7.648315870702673],[-72.46022549680661,7.901167642379262],[-72.47491531329366,7.658231626454697]]]}},{"type":"Feature","properties":{"DPTO_CCDGO":"54","MPIO_CCNCT":"54174","MPIO_CNMBR":"CHITAGA"},"geometry":{"type":"Polygon","coordinates":[[[-72.57651987732903,7.164922777791547],[-72.29006845583172,6.996354930007156],[-72.392897171241,6.872407983106868],[-72.54714024435495,6.886042147265899],[-72.55326100122456,6.98519970478613],[-72.73443540456475,6.986439174255132],[-72.69893501472106,7.245488293276736],[-72.65119311113817,7.190951636640609],[-72.5801923314508,7.264080335311778],[-72.57651987732903,7.164922777791547]]]}},{"type":"Feature","properties":{"DPTO_CCDGO":"54","MPIO_CCNCT":"54206","MPIO_CNMBR":"CONVENCION"},"geometry":{"type":"Polygon","coordinates":[[[-72.98538643621839,9.145594989258159],[-73.14819856894977,8.973308733066759],[-73.10535327086257,8.932406240589662],[-73.29876918794196,8.625017812276948],[-73.34895939427268,8.391997552104405],[-73.40649450884693,8.546931235729765],[-73.23878577061987,8.854319664042482],[-73.25225143573299,9.00429546979183],[-73.0037487068272,9.27449981403446],[-72.98538643621839,9.145594989258159]]]}},{"type":"Feature","properties":{"DPTO_CCDGO":"54","MPIO_CCNCT":"54245","MPIO_CNMBR":"EL CARMEN"},"geometry":{"type":"Polygon","coordinates":[[[-73.0037487068272,9.27449981403446],[-73.25225143573299,9.00429546979183],[-73.28040691733315,8.741527942363218],[-73.4101669629687,8.430421105643495],[-73.49218510502135,8.421744819360473],[-73.57665154982185,8.50602874325267],[-73.42852923357749,8.82333292731741],[-73.42485677945574,9.122045069347104],[-73.0037487068272,9.27449981403446]]]}},{"type":"Feature","properties":{"DPTO_CCDGO":"54","MPIO_CCNCT":"54800","MPIO_CNMBR":"TEORAMA"},"geometry":{"type":"Polygon","coordinates":[[[-72.98538643621839,9.145594989258159],[-73.05638721590576,8.765077862274273],[-73.27428616046356,8.389518613166398],[-73.32447636679429,8.40687118573244],[-73.29876918794196,8.625017812276948],[-73.10535327086257,8.932406240589662],[-73.14819856894977,8.973308733066759],[-72.98538643621839,9.145594989258159]]]}},{"type":"Feature","properties":{"DPTO_CCDGO":"54","MPIO_CCNCT":"54810","MPIO_CNMBR":"TIBu"},"geometry":{"type":"Polygon","coordinates":[[[-72.47246701054583,8.430421105643495],[-72.60345120755528,8.322587261840242],[-72.69648671197322,8.43785792245751],[-72.96947246835742,8.465126250775574],[-73.0159902205664,8.545691766260763],[-72.90581659691357,8.602707361834895],[-72.91683395927885,8.709301736169143],[-72.97559322522703,8.88406693129855],[-73.06005967002751,8.86671435873251],[-73.0649562755232,8.98322448881878],[-72.94743774362686,9.092297802091036],[-72.76626334028667,9.099734618905051],[-72.65486556525993,8.615102056524924],[-72.47246701054583,8.430421105643495]]]}},{"type":"Feature","properties":{"DPTO_CCDGO":"54","MPIO_CCNCT":"54820","MPIO_CNMBR":"TOLEDO"},"geometry":{"type":"Polygon","coordinates":[[[-72.57774402870297,7.454958633538224],[-72.1982571027877,7.386787812743064],[-72.04768648379552,7.038496891953255],[-72.29006845583172,6.996354930007156],[-72.48103607016327,7.158725430446534],[-72.44553568031958,7.229375190179699],[-72.57774402870297,7.454958633538224]]]}},{"type":"Feature","properties":{"DPTO_CCDGO":"54","MPIO_CCNCT":"54250","MPIO_CNMBR":"EL TARRA"},"geometry":{"type":"Polygon","coordinates":[[[-72.90581659691357,8.602707361834895],[-73.08209439475809,8.503549804314664],[-73.15799177994113,8.572960094578827],[-73.14819856894977,8.675836060506066],[-73.06005967002751,8.86671435873251],[-72.97559322522703,8.88406693129855],[-72.90581659691357,8.602707361834895]]]}},{"type":"Feature","properties":{"DPTO_CCDGO":"11","MPIO_CCNCT":"11001","MPIO_CNMBR":"BOGOTA. D.C."},"geometry":{"type":"Polygon","coordinates":[[[-74.00632868206783,4.823564950845098],[-74.00510453069391,4.560797423416487],[-74.15200269556433,4.255887934041777],[-74.12507136533809,4.055093880063309],[-74.43967826843559,3.7303528791845526],[-74.32460803928709,4.126983109265476],[-74.24503819998228,4.103433189354421],[-74.17770987441666,4.486429255276313],[-74.22300347525172,4.628968244211645],[-74.08222606725089,4.834720176066124],[-74.00632868206783,4.823564950845098]]]}},{"type":"Feature","properties":{"DPTO_CCDGO":"50","MPIO_CCNCT":"50001","MPIO_CNMBR":"VILLAVICENCIO"},"geometry":{"type":"Polygon","coordinates":[[[-73.62806590752649,4.286874670766849],[-73.58889306356104,4.1926749911226295],[-73.26082049535043,4.129462048203482],[-73.17512989917601,3.9348653415700294],[-73.75048104491852,4.032783429621256],[-73.76394671003163,4.280677323421834],[-73.62806590752649,4.286874670766849]]]}},{"type":"Feature","properties":{"DPTO_CCDGO":"50","MPIO_CCNCT":"50006","MPIO_CNMBR":"ACACIAS"},"geometry":{"type":"Polygon","coordinates":[[[-73.74313613667499,4.198872338467643],[-73.75048104491852,4.032783429621256],[-73.4162877198383,3.984444120330144],[-73.45790886655158,3.855539295553845],[-73.80067125124924,3.9261890552870096],[-74.03326001229408,4.067488574753337],[-73.74313613667499,4.198872338467643]]]}},{"type":"Feature","properties":{"DPTO_CCDGO":"50","MPIO_CCNCT":"50110","MPIO_CNMBR":"BARRANCA DE UPIA"},"geometry":{"type":"Polygon","coordinates":[[[-72.84338487684364,4.433132068109188],[-73.09188760574945,4.475274030055287],[-73.05271476178399,4.736802088014896],[-73.04047324804479,4.677307553502757],[-72.84338487684364,4.433132068109188]]]}},{"type":"Feature","properties":{"DPTO_CCDGO":"50","MPIO_CCNCT":"50124","MPIO_CNMBR":"CABUYARO"},"geometry":{"type":"Polygon","coordinates":[[[-72.84338487684364,4.433132068109188],[-72.73933201006042,4.3091851212089],[-72.94498944087901,4.151772498645533],[-73.12493969284529,4.257127403510779],[-73.09188760574945,4.475274030055287],[-72.84338487684364,4.433132068109188]]]}},{"type":"Feature","properties":{"DPTO_CCDGO":"50","MPIO_CCNCT":"50150","MPIO_CNMBR":"CASTILLA LA NUEVA"},"geometry":{"type":"Polygon","coordinates":[[[-73.72844632018794,3.9212311774109967],[-73.38935638961205,3.866694520774871],[-73.35752845389013,3.7105213676805064],[-73.71865310919658,3.8059605167937285],[-73.72844632018794,3.9212311774109967]]]}},{"type":"Feature","properties":{"DPTO_CCDGO":"50","MPIO_CCNCT":"50223","MPIO_CNMBR":"CUBARRAL"},"geometry":{"type":"Polygon","coordinates":[[[-73.7492568935446,3.8109183946697396],[-73.78720558613611,3.7241555318395383],[-74.3980571217223,3.7452265128125877],[-74.20219290189506,4.014191387586214],[-74.16302005792961,3.937344280508034],[-73.7492568935446,3.8109183946697396]]]}},{"type":"Feature","properties":{"DPTO_CCDGO":"50","MPIO_CCNCT":"50226","MPIO_CNMBR":"CUMARAL"},"geometry":{"type":"Polygon","coordinates":[[[-73.55094437096952,4.307945651739898],[-73.12493969284529,4.257127403510779],[-73.04414570216656,4.176561888025592],[-73.42485677945574,4.155490907052542],[-73.574203247074,4.320340346429926],[-73.57175494432616,4.37363753359705],[-73.55094437096952,4.307945651739898]]]}},{"type":"Feature","properties":{"DPTO_CCDGO":"50","MPIO_CCNCT":"50245","MPIO_CNMBR":"EL CALVARIO"},"geometry":{"type":"Polygon","coordinates":[[[-73.63296251302216,4.397187453508105],[-73.62806590752649,4.286874670766849],[-73.76394671003163,4.280677323421834],[-73.80924031086668,4.395947984039102],[-73.74558443942283,4.455442518551241],[-73.63296251302216,4.397187453508105]]]}},{"type":"Feature","properties":{"DPTO_CCDGO":"50","MPIO_CCNCT":"50251","MPIO_CNMBR":"EL CASTILLO"},"geometry":{"type":"Polygon","coordinates":[[[-74.04305322328544,3.714239776087515],[-73.76517086140555,3.6584636499823855],[-73.74680859079675,3.517164130516057],[-73.88146524192797,3.508487844233036],[-74.02469095267664,3.6336742606023282],[-74.04305322328544,3.714239776087515]]]}},{"type":"Feature","properties":{"DPTO_CCDGO":"50","MPIO_CCNCT":"50270","MPIO_CNMBR":"EL DORADO"},"geometry":{"type":"Polygon","coordinates":[[[-73.8410682465886,3.7675369632546394],[-73.76517086140555,3.6584636499823855],[-73.89615505841502,3.6931687951144667],[-73.8410682465886,3.7675369632546394]]]}},{"type":"Feature","properties":{"DPTO_CCDGO":"50","MPIO_CCNCT":"50287","MPIO_CNMBR":"FUENTE DE ORO"},"geometry":{"type":"Polygon","coordinates":[[[-73.42363262808182,3.346117343793658],[-73.54727191684776,3.23084668317639],[-73.74680859079675,3.360990977421693],[-73.64275572401354,3.550629806179135],[-73.42363262808182,3.346117343793658]]]}},{"type":"Feature","properties":{"DPTO_CCDGO":"50","MPIO_CCNCT":"50313","MPIO_CNMBR":"GRANADA"},"geometry":{"type":"Polygon","coordinates":[[[-73.64275572401354,3.550629806179135],[-73.74680859079675,3.360990977421693],[-73.86677542544093,3.446514370782892],[-73.88146524192797,3.508487844233036],[-73.74680859079675,3.517164130516057],[-73.71253235232699,3.646068955292357],[-73.64275572401354,3.550629806179135]]]}},{"type":"Feature","properties":{"DPTO_CCDGO":"50","MPIO_CCNCT":"50318","MPIO_CNMBR":"GUAMAL"},"geometry":{"type":"Polygon","coordinates":[[[-73.72844632018794,3.9212311774109967],[-73.71865310919658,3.8059605167937285],[-74.16302005792961,3.937344280508034],[-74.20219290189506,4.014191387586214],[-74.03326001229408,4.067488574753337],[-73.72844632018794,3.9212311774109967]]]}},{"type":"Feature","properties":{"DPTO_CCDGO":"50","MPIO_CCNCT":"50330","MPIO_CNMBR":"MESETAS"},"geometry":{"type":"Polygon","coordinates":[[[-74.13486457632945,3.5580666229931515],[-73.9806215032155,3.232086152645393],[-74.0406049205376,3.2444808473354216],[-73.9916388655808,2.970558094685784],[-74.05651888839856,2.836695392033473],[-73.97817320046767,2.789595552211363],[-73.97205244359807,2.570209456197852],[-74.22300347525172,3.022615812383905],[-74.29645255768692,3.352314691138673],[-74.2523831082258,3.6448294858233536],[-74.2107619615125,3.5295588252060854],[-74.13486457632945,3.5580666229931515]]]}},{"type":"Feature","properties":{"DPTO_CCDGO":"50","MPIO_CCNCT":"50370","MPIO_CNMBR":"URIBE"},"geometry":{"type":"Polygon","coordinates":[[[-74.23524498899091,3.7861290052896823],[-74.29645255768692,3.352314691138673],[-74.22300347525172,3.022615812383905],[-73.93410375100655,2.5392227194727797],[-74.50210998850551,2.5107149216857136],[-74.6710428781065,2.8875136402625907],[-74.89873503365565,2.96436074734077],[-74.66614627261082,3.2296072137073875],[-74.61595606628009,3.460148534941924],[-74.41641939233111,3.7402686349365757],[-74.295228406313,3.7167187150255208],[-74.23524498899091,3.7861290052896823]]]}},{"type":"Feature","properties":{"DPTO_CCDGO":"50","MPIO_CCNCT":"50400","MPIO_CNMBR":"LEJANIAS"},"geometry":{"type":"Polygon","coordinates":[[[-74.04305322328544,3.714239776087515],[-74.02469095267664,3.6336742606023282],[-73.86677542544093,3.446514370782892],[-74.2107619615125,3.5295588252060854],[-74.23524498899091,3.7861290052896823],[-74.04305322328544,3.714239776087515]]]}},{"type":"Feature","properties":{"DPTO_CCDGO":"50","MPIO_CCNCT":"50450","MPIO_CNMBR":"PUERTO CONCORDIA"},"geometry":{"type":"Polygon","coordinates":[[[-72.43574246932822,2.7400167734512477],[-72.59977875343353,2.6148303570819564],[-72.8164535466174,2.6148303570819564],[-72.94131698675726,2.5243490858447455],[-72.81400524386956,2.9879106672518247],[-72.43574246932822,2.7400167734512477]]]}},{"type":"Feature","properties":{"DPTO_CCDGO":"50","MPIO_CCNCT":"50573","MPIO_CNMBR":"PUERTO LOPEZ"},"geometry":{"type":"Polygon","coordinates":[[[-72.07339366264783,4.3922295756320935],[-72.16030841019617,4.342650796871979],[-72.20070540553553,4.165406662804566],[-72.12480802035249,4.043938654842282],[-72.29496506132739,3.756381738033613],[-72.97192077110526,3.65598471104438],[-73.16288838543682,3.7303528791845526],[-73.10045666536689,3.9299074636940166],[-73.17512989917601,3.9348653415700294],[-73.26082049535043,4.129462048203482],[-72.94498944087901,4.151772498645533],[-72.73933201006042,4.3091851212089],[-72.40513868498022,4.31786140749192],[-72.15786010744833,4.44180835439221],[-72.07339366264783,4.3922295756320935]]]}},{"type":"Feature","properties":{"DPTO_CCDGO":"50","MPIO_CCNCT":"50577","MPIO_CNMBR":"PUERTO LLERAS"},"geometry":{"type":"Polygon","coordinates":[[[-72.8776611153134,3.264312358839468],[-72.9009199914179,2.970558094685784],[-73.1384053579584,3.0920261026480667],[-73.42118432533398,2.927176663270683],[-73.55461682509127,3.26927023671548],[-73.42363262808182,3.346117343793658],[-73.37466657312501,3.4812195159149733],[-72.99028304171406,3.245720316804425],[-72.8776611153134,3.264312358839468]]]}},{"type":"Feature","properties":{"DPTO_CCDGO":"50","MPIO_CCNCT":"50590","MPIO_CNMBR":"PUERTO RICO"},"geometry":{"type":"Polygon","coordinates":[[[-72.9009199914179,2.970558094685784],[-72.82012600073915,2.7957928995563774],[-73.01231776644462,2.4338678146075345],[-73.33426957778565,2.535504311065772],[-73.35140769702052,2.74125624292025],[-73.50932322425624,2.888753109731594],[-73.1384053579584,3.0920261026480667],[-72.9009199914179,2.970558094685784]]]}},{"type":"Feature","properties":{"DPTO_CCDGO":"50","MPIO_CCNCT":"50606","MPIO_CNMBR":"RESTREPO"},"geometry":{"type":"Polygon","coordinates":[[[-73.60235872867416,4.461639865896256],[-73.42485677945574,4.155490907052542],[-73.11024987635824,4.165406662804566],[-73.39914960060341,4.130701517672485],[-73.58889306356104,4.1926749911226295],[-73.60235872867416,4.461639865896256]]]}},{"type":"Feature","properties":{"DPTO_CCDGO":"50","MPIO_CCNCT":"50680","MPIO_CNMBR":"SAN CARLOS DE GUAROA"},"geometry":{"type":"Polygon","coordinates":[[[-73.4162877198383,3.984444120330144],[-73.10045666536689,3.9299074636940166],[-73.11637063322785,3.846863009270825],[-73.2351133164981,3.7068029592734977],[-73.35752845389013,3.7105213676805064],[-73.38935638961205,3.866694520774871],[-73.45790886655158,3.855539295553845],[-73.4162877198383,3.984444120330144]]]}},{"type":"Feature","properties":{"DPTO_CCDGO":"50","MPIO_CCNCT":"50683","MPIO_CNMBR":"SAN JUAN DE ARAMA"},"geometry":{"type":"Polygon","coordinates":[[[-73.86677542544093,3.446514370782892],[-73.54727191684776,3.23084668317639],[-73.47504698578646,3.123012839373139],[-73.79577464575355,3.2159730495483556],[-74.034484163668,3.1539995760982116],[-73.9806215032155,3.3052148513165633],[-74.05162228290288,3.4551906570659128],[-73.86677542544093,3.446514370782892]]]}},{"type":"Feature","properties":{"DPTO_CCDGO":"50","MPIO_CCNCT":"50686","MPIO_CNMBR":"SAN JUANITO"},"geometry":{"type":"Polygon","coordinates":[[[-73.5680824902044,4.524852808815403],[-73.63296251302216,4.397187453508105],[-73.73701537980538,4.415779495543148],[-73.66846290286585,4.5397264424434365],[-73.5680824902044,4.524852808815403]]]}},{"type":"Feature","properties":{"DPTO_CCDGO":"50","MPIO_CCNCT":"50689","MPIO_CNMBR":"SAN MARTIN DE LOS LLANOS"},"geometry":{"type":"Polygon","coordinates":[[[-73.71865310919658,3.8059605167937285],[-72.97192077110526,3.65598471104438],[-72.29496506132739,3.756381738033613],[-72.30475827231875,3.613842749098282],[-72.50307079489383,3.331243710165624],[-72.99028304171406,3.245720316804425],[-73.27918276595923,3.4688248212249437],[-73.37466657312501,3.4812195159149733],[-73.42363262808182,3.346117343793658],[-73.51666813249975,3.4056118783057974],[-73.74680859079675,3.618800626974293],[-73.78720558613611,3.7241555318395383],[-73.71865310919658,3.8059605167937285]]]}},{"type":"Feature","properties":{"DPTO_CCDGO":"50","MPIO_CCNCT":"50711","MPIO_CNMBR":"VISTA HERMOSA"},"geometry":{"type":"Polygon","coordinates":[[[-73.47504698578646,3.123012839373139],[-73.42118432533398,2.927176663270683],[-73.50932322425624,2.888753109731594],[-73.35140769702052,2.74125624292025],[-73.33426957778565,2.535504311065772],[-73.06985288101887,2.4251915283245147],[-73.15309517444545,2.3669364632813794],[-73.4468915041863,2.3855285053164224],[-73.55951343058696,2.6396197464620137],[-73.97205244359807,2.570209456197852],[-73.97817320046767,2.789595552211363],[-74.05651888839856,2.836695392033473],[-73.9916388655808,2.970558094685784],[-74.034484163668,3.1539995760982116],[-73.79577464575355,3.2159730495483556],[-73.47504698578646,3.123012839373139]]]}},{"type":"Feature","properties":{"DPTO_CCDGO":"50","MPIO_CCNCT":"50350","MPIO_CNMBR":"LA MACARENA"},"geometry":{"type":"Polygon","coordinates":[[[-73.4468915041863,2.3855285053164224],[-73.66111799462233,2.293807764610209],[-73.65989384324841,1.612099556658622],[-73.99408716832863,1.6393678849766857],[-74.56331755720153,1.8475987557691704],[-74.64411154788026,2.0954926495697475],[-74.59392134154953,2.13515567257784],[-74.74326780916779,2.270257844699154],[-74.60004209841912,2.635901338055005],[-74.50210998850551,2.5107149216857136],[-73.55951343058696,2.6396197464620137],[-73.4468915041863,2.3855285053164224]]]}},{"type":"Feature","properties":{"DPTO_CCDGO":"50","MPIO_CCNCT":"50325","MPIO_CNMBR":"MAPIRIPAN"},"geometry":{"type":"Polygon","coordinates":[[[-71.0781585956507,3.356033099545681],[-71.07693444427679,2.8825557623865796],[-71.46866288393126,2.893710987607605],[-71.65228559001929,2.8205822889364347],[-71.74164864031546,2.883795231855582],[-72.04646233242158,2.818103349998429],[-72.11256650661328,2.875118945572562],[-72.43574246932822,2.7400167734512477],[-72.81400524386956,2.9879106672518247],[-72.89112678042653,2.888753109731594],[-72.8776611153134,3.264312358839468],[-72.50307079489383,3.331243710165624],[-72.40636283635413,3.4353591455618666],[-72.19336049729202,3.2767070535294964],[-71.64983728727145,3.4861773937909843],[-71.17853900831217,3.446514370782892],[-71.0781585956507,3.356033099545681]]]}},{"type":"Feature","properties":{"DPTO_CCDGO":"50","MPIO_CCNCT":"50568","MPIO_CNMBR":"PUERTO GAITAN"},"geometry":{"type":"Polygon","coordinates":[[[-71.0781585956507,4.899172588454274],[-71.0781585956507,3.356033099545681],[-71.17853900831217,3.446514370782892],[-71.64983728727145,3.4861773937909843],[-72.19336049729202,3.2767070535294964],[-72.23987824950098,3.369667263704713],[-72.35739678139733,3.369667263704713],[-72.40636283635413,3.4353591455618666],[-72.29251675857955,3.804721047324726],[-72.12480802035249,4.043938654842282],[-72.20070540553553,4.165406662804566],[-72.12480802035249,4.393469045101096],[-71.99872042883871,4.382313819880071],[-71.81387357137675,4.574431587575518],[-71.0781585956507,4.899172588454274]]]}},{"type":"Feature","properties":{"DPTO_CCDGO":"41","MPIO_CCNCT":"41001","MPIO_CNMBR":"NEIVA"},"geometry":{"type":"Polygon","coordinates":[[[-75.26720459720563,3.1292101867181534],[-75.18151400103123,2.9953474840658423],[-74.9440286344907,2.8961899265456115],[-75.07011622600449,2.744974651327259],[-75.14478945981362,2.7239036703542103],[-75.29046347331013,2.8689215982275478],[-75.33942952826693,3.041207854418949],[-75.60017377091194,3.0486446712329656],[-75.53039714259849,3.232086152645393],[-75.3369812255191,3.2717491756534853],[-75.41287861070214,3.136647003532171],[-75.2831185650666,3.0734340606130237],[-75.26720459720563,3.1292101867181534]]]}},{"type":"Feature","properties":{"DPTO_CCDGO":"41","MPIO_CCNCT":"41306","MPIO_CNMBR":"GIGANTE"},"geometry":{"type":"Polygon","coordinates":[[[-75.52794883985064,2.5342648415967686],[-75.39451634009335,2.302484050893229],[-75.51570732611144,2.2529052721331135],[-75.64669152312091,2.311160337176249],[-75.52794883985064,2.5342648415967686]]]}},{"type":"Feature","properties":{"DPTO_CCDGO":"41","MPIO_CCNCT":"41319","MPIO_CNMBR":"GUADALUPE"},"geometry":{"type":"Polygon","coordinates":[[[-75.58793225717274,2.0136876646155564],[-75.68831266983419,1.8810644314322476],[-75.78869308249564,1.9913772141735047],[-75.70789909181691,2.0892953022247323],[-75.58793225717274,2.0136876646155564]]]}},{"type":"Feature","properties":{"DPTO_CCDGO":"41","MPIO_CCNCT":"41349","MPIO_CNMBR":"HOBO"},"geometry":{"type":"Polygon","coordinates":[[[-75.43613748680663,2.678043300001103],[-75.37860237223238,2.5094754522167104],[-75.4287925785631,2.4524598566425784],[-75.52794883985064,2.5342648415967686],[-75.43613748680663,2.678043300001103]]]}},{"type":"Feature","properties":{"DPTO_CCDGO":"41","MPIO_CCNCT":"41357","MPIO_CNMBR":"IQUIRA"},"geometry":{"type":"Polygon","coordinates":[[[-75.63934661487738,2.789595552211363],[-75.58425980305097,2.5491384752248027],[-75.6405707662513,2.5441805973487917],[-75.81072780722621,2.7871166132733576],[-75.63934661487738,2.789595552211363]]]}},{"type":"Feature","properties":{"DPTO_CCDGO":"41","MPIO_CCNCT":"41359","MPIO_CNMBR":"ISNOS"},"geometry":{"type":"Polygon","coordinates":[[[-76.13267961856722,1.9963350920495166],[-76.19511133863715,1.8624723893972046],[-76.28202608618548,1.9318826796613662],[-76.41913104006454,2.192171268151972],[-76.36037177411637,2.270257844699154],[-76.34568195762934,2.0855768938177244],[-76.13267961856722,1.9963350920495166]]]}},{"type":"Feature","properties":{"DPTO_CCDGO":"41","MPIO_CCNCT":"41378","MPIO_CNMBR":"LA ARGENTINA (PLATA VIEJA)"},"geometry":{"type":"Polygon","coordinates":[[[-76.36037177411637,2.270257844699154],[-75.99312636194031,2.202087023903995],[-75.8890734951571,2.260342088947131],[-76.05800638475809,2.0905347716937355],[-76.36037177411637,2.270257844699154]]]}},{"type":"Feature","properties":{"DPTO_CCDGO":"41","MPIO_CCNCT":"41396","MPIO_CNMBR":"LA PLATA"},"geometry":{"type":"Polygon","coordinates":[[[-75.96252257759231,2.498320226995685],[-75.84133159157422,2.4586572039875927],[-75.8890734951571,2.260342088947131],[-76.20857700375028,2.198368615496987],[-76.12166225620194,2.2243974743460475],[-76.12655886169762,2.3805706274404104],[-75.96252257759231,2.498320226995685]]]}},{"type":"Feature","properties":{"DPTO_CCDGO":"41","MPIO_CCNCT":"41483","MPIO_CNMBR":"NATAGA"},"geometry":{"type":"Polygon","coordinates":[[[-75.73115796792139,2.665648605311074],[-75.76665835776508,2.5193912079687335],[-75.81440026134797,2.48344659336765],[-75.8401074402003,2.5578147615078235],[-75.73115796792139,2.665648605311074]]]}},{"type":"Feature","properties":{"DPTO_CCDGO":"41","MPIO_CCNCT":"41503","MPIO_CNMBR":"OPORAPA"},"geometry":{"type":"Polygon","coordinates":[[[-76.00659202705344,2.1140846916047904],[-76.00536787567953,2.0012929699255277],[-76.14981773780211,2.117803100011799],[-76.05800638475809,2.0905347716937355],[-76.00659202705344,2.1140846916047904]]]}},{"type":"Feature","properties":{"DPTO_CCDGO":"41","MPIO_CCNCT":"41518","MPIO_CNMBR":"PAICOL"},"geometry":{"type":"Polygon","coordinates":[[[-75.79481383936525,2.4760097765536333],[-75.60874283052938,2.4338678146075345],[-75.56834583519002,2.4623756123946015],[-75.66627794510363,2.355781238060353],[-75.78257232562605,2.326033970804284],[-75.79481383936525,2.4760097765536333]]]}},{"type":"Feature","properties":{"DPTO_CCDGO":"41","MPIO_CCNCT":"41524","MPIO_CNMBR":"PALERMO"},"geometry":{"type":"Polygon","coordinates":[[[-75.29046347331013,2.8689215982275478],[-75.42267182169351,2.7338194261062334],[-75.49856920687655,2.7672851017693114],[-75.61853604152074,2.850329556192504],[-75.49856920687655,2.969318625216781],[-75.61363943602505,3.0238552818529083],[-75.33942952826693,3.041207854418949],[-75.29046347331013,2.8689215982275478]]]}},{"type":"Feature","properties":{"DPTO_CCDGO":"41","MPIO_CCNCT":"41530","MPIO_CNMBR":"PALESTINA"},"geometry":{"type":"Polygon","coordinates":[[[-76.05800638475809,1.7385254424969165],[-76.16940415978483,1.588549636747567],[-76.19878379275892,1.5749154725885353],[-76.22693927435908,1.664157274356743],[-76.1192139534541,1.774470057098],[-76.05800638475809,1.7385254424969165]]]}},{"type":"Feature","properties":{"DPTO_CCDGO":"41","MPIO_CCNCT":"41548","MPIO_CNMBR":"PITAL"},"geometry":{"type":"Polygon","coordinates":[[[-75.78257232562605,2.326033970804284],[-75.72993381654747,2.163663470364906],[-75.9135565226355,2.2058054323110037],[-75.88662519240926,2.3099208677072465],[-75.78257232562605,2.326033970804284]]]}},{"type":"Feature","properties":{"DPTO_CCDGO":"41","MPIO_CCNCT":"41551","MPIO_CNMBR":"PITALITO"},"geometry":{"type":"Polygon","coordinates":[[[-76.02495429766225,1.9765035805454705],[-75.96252257759231,1.8537961031141847],[-76.05800638475809,1.7385254424969165],[-76.31630232465525,1.6839887858607892],[-76.13267961856722,1.9963350920495166],[-76.02495429766225,1.9765035805454705]]]}},{"type":"Feature","properties":{"DPTO_CCDGO":"41","MPIO_CCNCT":"41615","MPIO_CNMBR":"RIVERA"},"geometry":{"type":"Polygon","coordinates":[[[-75.14478945981362,2.7239036703542103],[-75.33453292277125,2.7809192659283424],[-75.29046347331013,2.8689215982275478],[-75.21579023950099,2.8614847814135302],[-75.14478945981362,2.7239036703542103]]]}},{"type":"Feature","properties":{"DPTO_CCDGO":"41","MPIO_CCNCT":"41660","MPIO_CNMBR":"SALADOBLANCO"},"geometry":{"type":"Polygon","coordinates":[[[-76.36037177411637,2.270257844699154],[-76.02495429766225,1.9765035805454705],[-76.34568195762934,2.0855768938177244],[-76.36037177411637,2.270257844699154]]]}},{"type":"Feature","properties":{"DPTO_CCDGO":"41","MPIO_CCNCT":"41668","MPIO_CNMBR":"SAN AGUSTIN"},"geometry":{"type":"Polygon","coordinates":[[[-76.19511133863715,1.8624723893972046],[-76.31630232465525,1.6839887858607892],[-76.59051223241337,1.868669736742219],[-76.58928808103946,2.107887344259776],[-76.42525179693415,2.1289583252328255],[-76.41913104006454,2.192171268151972],[-76.19511133863715,1.8624723893972046]]]}},{"type":"Feature","properties":{"DPTO_CCDGO":"41","MPIO_CCNCT":"41676","MPIO_CNMBR":"SANTA MARIA"},"geometry":{"type":"Polygon","coordinates":[[[-75.61853604152074,2.850329556192504],[-75.767882509139,2.9147819685806544],[-75.61363943602505,3.0238552818529083],[-75.49856920687655,2.969318625216781],[-75.61853604152074,2.850329556192504]]]}},{"type":"Feature","properties":{"DPTO_CCDGO":"41","MPIO_CCNCT":"41770","MPIO_CNMBR":"SUAZA"},"geometry":{"type":"Polygon","coordinates":[[[-75.82052101821758,1.997574561518519],[-75.68831266983419,1.8810644314322476],[-75.83765913745245,1.7397649119659189],[-75.95028106385311,1.8562750420521903],[-75.82052101821758,1.997574561518519]]]}},{"type":"Feature","properties":{"DPTO_CCDGO":"41","MPIO_CCNCT":"41791","MPIO_CNMBR":"TARQUI"},"geometry":{"type":"Polygon","coordinates":[[[-75.73360627066924,2.1611845314269003],[-75.86214216493086,2.0434349318716256],[-76.00659202705344,2.1140846916047904],[-75.9135565226355,2.2058054323110037],[-75.73360627066924,2.1611845314269003]]]}},{"type":"Feature","properties":{"DPTO_CCDGO":"41","MPIO_CCNCT":"41797","MPIO_CNMBR":"TESALIA (CARNICERIAS)"},"geometry":{"type":"Polygon","coordinates":[[[-75.58425980305097,2.5491384752248027],[-75.60874283052938,2.4338678146075345],[-75.79481383936525,2.4760097765536333],[-75.73115796792139,2.665648605311074],[-75.58425980305097,2.5491384752248027]]]}},{"type":"Feature","properties":{"DPTO_CCDGO":"41","MPIO_CCNCT":"41799","MPIO_CNMBR":"TELLO"},"geometry":{"type":"Polygon","coordinates":[[[-75.26598044583172,3.1391259424701765],[-74.93423542349935,3.0387289154809425],[-74.9440286344907,2.8961899265456115],[-75.23782496423155,3.0523630796399743],[-75.26598044583172,3.1391259424701765]]]}},{"type":"Feature","properties":{"DPTO_CCDGO":"41","MPIO_CCNCT":"41801","MPIO_CNMBR":"TERUEL"},"geometry":{"type":"Polygon","coordinates":[[[-75.767882509139,2.9147819685806544],[-75.68586436708635,2.831737514157461],[-75.49856920687655,2.7672851017693114],[-75.58793225717274,2.684240647346118],[-75.63934661487738,2.789595552211363],[-75.81072780722621,2.7871166132733576],[-76.028626751784,2.940810827429715],[-75.85969386218302,2.8726400066345565],[-75.767882509139,2.9147819685806544]]]}},{"type":"Feature","properties":{"DPTO_CCDGO":"41","MPIO_CCNCT":"41807","MPIO_CNMBR":"TIMANA"},"geometry":{"type":"Polygon","coordinates":[[[-75.82052101821758,1.997574561518519],[-75.95028106385311,1.8562750420521903],[-75.96252257759231,1.8537961031141847],[-75.98700560507072,1.9541931301034179],[-75.8584697108091,2.045913870809632],[-75.82052101821758,1.997574561518519]]]}},{"type":"Feature","properties":{"DPTO_CCDGO":"41","MPIO_CCNCT":"41872","MPIO_CNMBR":"VILLAVIEJA"},"geometry":{"type":"Polygon","coordinates":[[[-75.0346158361608,3.427922328747849],[-75.06644377188273,3.294059626095537],[-75.00768450593456,3.280425461936505],[-75.16315173042243,3.1354075340631677],[-75.26598044583172,3.1391259424701765],[-75.1496860653093,3.4353591455618666],[-75.0346158361608,3.427922328747849]]]}},{"type":"Feature","properties":{"DPTO_CCDGO":"41","MPIO_CCNCT":"41885","MPIO_CNMBR":"YAGUARA"},"geometry":{"type":"Polygon","coordinates":[[[-75.49856920687655,2.7672851017693114],[-75.43613748680663,2.678043300001103],[-75.56834583519002,2.488404471243662],[-75.58793225717274,2.684240647346118],[-75.49856920687655,2.7672851017693114]]]}},{"type":"Feature","properties":{"DPTO_CCDGO":"41","MPIO_CCNCT":"41298","MPIO_CNMBR":"GARZON"},"geometry":{"type":"Polygon","coordinates":[[[-75.39451634009335,2.302484050893229],[-75.58793225717274,2.0136876646155564],[-75.70789909181691,2.0892953022247323],[-75.64669152312091,2.311160337176249],[-75.51570732611144,2.2529052721331135],[-75.39451634009335,2.302484050893229]]]}},{"type":"Feature","properties":{"DPTO_CCDGO":"41","MPIO_CCNCT":"41244","MPIO_CNMBR":"ELIAS"},"geometry":{"type":"Polygon","coordinates":[[[-75.86214216493086,2.0434349318716256],[-75.98700560507072,1.9541931301034179],[-76.02495429766225,1.9765035805454705],[-75.96252257759231,2.04095599293362],[-75.86214216493086,2.0434349318716256]]]}},{"type":"Feature","properties":{"DPTO_CCDGO":"41","MPIO_CCNCT":"41206","MPIO_CNMBR":"COLOMBIA"},"geometry":{"type":"Polygon","coordinates":[[[-74.43967826843559,3.7303528791845526],[-74.66614627261082,3.2296072137073875],[-74.76652668527228,3.0969839805240786],[-74.84854482732493,3.1428443508771853],[-74.90975239602093,3.2903412176885283],[-74.76530253389836,3.4403170234378777],[-74.77509574488973,3.5246009473300743],[-74.53516207560136,3.843144600863816],[-74.43967826843559,3.7303528791845526]]]}},{"type":"Feature","properties":{"DPTO_CCDGO":"41","MPIO_CCNCT":"41132","MPIO_CNMBR":"CAMPOALEGRE"},"geometry":{"type":"Polygon","coordinates":[[[-75.17172079003987,2.702832689381161],[-75.37860237223238,2.5094754522167104],[-75.42267182169351,2.7338194261062334],[-75.33453292277125,2.7809192659283424],[-75.17172079003987,2.702832689381161]]]}},{"type":"Feature","properties":{"DPTO_CCDGO":"41","MPIO_CCNCT":"41078","MPIO_CNMBR":"BARAYA"},"geometry":{"type":"Polygon","coordinates":[[[-74.90975239602093,3.2903412176885283],[-74.76652668527228,3.0969839805240786],[-74.90485579052526,2.9581633999957555],[-75.16315173042243,3.1354075340631677],[-74.90975239602093,3.2903412176885283]]]}},{"type":"Feature","properties":{"DPTO_CCDGO":"41","MPIO_CCNCT":"41026","MPIO_CNMBR":"ALTAMIRA"},"geometry":{"type":"Polygon","coordinates":[[[-75.68586436708635,2.1673818787719146],[-75.70789909181691,2.0892953022247323],[-75.82052101821758,1.997574561518519],[-75.8401074402003,2.0868163632867267],[-75.68586436708635,2.1673818787719146]]]}},{"type":"Feature","properties":{"DPTO_CCDGO":"41","MPIO_CCNCT":"41020","MPIO_CNMBR":"ALGECIRAS"},"geometry":{"type":"Polygon","coordinates":[[[-75.13377209744834,2.598717253984918],[-75.3492227392583,2.3235550318662783],[-75.3859472804759,2.3148787455832576],[-75.44470654642407,2.3867679747854256],[-75.37860237223238,2.5094754522167104],[-75.15213436805715,2.7090300367261753],[-75.13377209744834,2.598717253984918]]]}},{"type":"Feature","properties":{"DPTO_CCDGO":"41","MPIO_CCNCT":"41016","MPIO_CNMBR":"AIPE"},"geometry":{"type":"Polygon","coordinates":[[[-75.47898278489383,3.360990977421693],[-75.17294494141379,3.3783435499877337],[-75.2831185650666,3.0734340606130237],[-75.41287861070214,3.136647003532171],[-75.3369812255191,3.2717491756534853],[-75.58425980305097,3.150281167691203],[-75.47898278489383,3.360990977421693]]]}},{"type":"Feature","properties":{"DPTO_CCDGO":"41","MPIO_CCNCT":"41013","MPIO_CNMBR":"AGRADO"},"geometry":{"type":"Polygon","coordinates":[[[-75.66627794510363,2.355781238060353],[-75.64791567449483,2.22563694381505],[-75.72993381654747,2.163663470364906],[-75.7862447797478,2.3619785854053674],[-75.66627794510363,2.355781238060353]]]}},{"type":"Feature","properties":{"DPTO_CCDGO":"41","MPIO_CCNCT":"41006","MPIO_CNMBR":"ACEVEDO"},"geometry":{"type":"Polygon","coordinates":[[[-75.83765913745245,1.7397649119659189],[-76.09962753147138,1.563760247367509],[-76.16940415978483,1.588549636747567],[-75.96252257759231,1.8537961031141847],[-75.8829527382875,1.8513171641761783],[-75.83765913745245,1.7397649119659189]]]}},{"type":"Feature","properties":{"DPTO_CCDGO":"68","MPIO_CCNCT":"68013","MPIO_CNMBR":"AGUADA"},"geometry":{"type":"Polygon","coordinates":[[[-73.48116774265607,6.185741897279268],[-73.54237531135207,6.110134259670092],[-73.57665154982185,6.253912718074428],[-73.48116774265607,6.185741897279268]]]}},{"type":"Feature","properties":{"DPTO_CCDGO":"68","MPIO_CCNCT":"68020","MPIO_CNMBR":"ALBANIA"},"geometry":{"type":"Polygon","coordinates":[[[-73.74436028804891,5.870916652152536],[-73.88024109055405,5.707306682244155],[-73.96225923260671,5.73953288843823],[-73.74436028804891,5.870916652152536]]]}},{"type":"Feature","properties":{"DPTO_CCDGO":"68","MPIO_CCNCT":"68051","MPIO_CNMBR":"ARATOCA"},"geometry":{"type":"Polygon","coordinates":[[[-72.93886868400942,6.690205971163444],[-73.08087024338417,6.686487562756435],[-73.0037487068272,6.824068673815754],[-72.98293813347054,6.791842467621679],[-72.93886868400942,6.690205971163444]]]}},{"type":"Feature","properties":{"DPTO_CCDGO":"68","MPIO_CCNCT":"68077","MPIO_CNMBR":"BARBOSA"},"geometry":{"type":"Polygon","coordinates":[[[-73.61949684790905,5.992384660114819],[-73.63541081577002,5.910579675160628],[-73.66356629737018,5.927932247726668],[-73.61949684790905,5.992384660114819]]]}},{"type":"Feature","properties":{"DPTO_CCDGO":"68","MPIO_CCNCT":"68079","MPIO_CNMBR":"BARICHARA"},"geometry":{"type":"Polygon","coordinates":[[[-73.15431932581937,6.599724699926233],[-73.21185444039362,6.558822207449138],[-73.26449294947219,6.629471967182301],[-73.22409595413282,6.733587402578545],[-73.15431932581937,6.599724699926233]]]}},{"type":"Feature","properties":{"DPTO_CCDGO":"68","MPIO_CCNCT":"68081","MPIO_CNMBR":"BARRANCABERMEJA"},"geometry":{"type":"Polygon","coordinates":[[[-73.5680824902044,7.183514819826591],[-73.7492568935446,6.860013288416839],[-73.94879356749358,6.888521086203905],[-74.09446758099008,6.804237162311708],[-73.89737920978894,6.986439174255132],[-73.92308638864125,7.213262087082661],[-73.71987726057051,7.254164579559756],[-73.5680824902044,7.183514819826591]]]}},{"type":"Feature","properties":{"DPTO_CCDGO":"68","MPIO_CCNCT":"68092","MPIO_CNMBR":"BETULIA"},"geometry":{"type":"Polygon","coordinates":[[[-73.21675104588931,6.925705170273991],[-73.26326879809827,6.857534349478833],[-73.38323563274245,6.998833868945162],[-73.49830586189096,6.986439174255132],[-73.53992700860424,7.153767552570523],[-73.21675104588931,6.925705170273991]]]}},{"type":"Feature","properties":{"DPTO_CCDGO":"68","MPIO_CCNCT":"68121","MPIO_CNMBR":"CABRERA"},"geometry":{"type":"Polygon","coordinates":[[[-73.21185444039362,6.558822207449138],[-73.27183785771571,6.510482898158024],[-73.26449294947219,6.629471967182301],[-73.21185444039362,6.558822207449138]]]}},{"type":"Feature","properties":{"DPTO_CCDGO":"68","MPIO_CCNCT":"68132","MPIO_CNMBR":"CALIFORNIA"},"geometry":{"type":"Polygon","coordinates":[[[-72.8654196015742,7.376872056991042],[-72.92295471614845,7.292588133098846],[-72.9498860463747,7.348364259203976],[-72.8654196015742,7.376872056991042]]]}},{"type":"Feature","properties":{"DPTO_CCDGO":"68","MPIO_CCNCT":"68147","MPIO_CNMBR":"CAPITANEJO"},"geometry":{"type":"Polygon","coordinates":[[[-72.70260746884281,6.594766822050222],[-72.64874480839033,6.436114730017852],[-72.74300446418218,6.566259024263154],[-72.70260746884281,6.594766822050222]]]}},{"type":"Feature","properties":{"DPTO_CCDGO":"68","MPIO_CCNCT":"68152","MPIO_CNMBR":"CARCASI"},"geometry":{"type":"Polygon","coordinates":[[[-72.49939834077206,6.728629524702532],[-72.54224363885928,6.583611596829195],[-72.66710707899914,6.617077272492272],[-72.58998554244216,6.745982097268573],[-72.49939834077206,6.728629524702532]]]}},{"type":"Feature","properties":{"DPTO_CCDGO":"68","MPIO_CCNCT":"68160","MPIO_CNMBR":"CEPITA"},"geometry":{"type":"Polygon","coordinates":[[[-72.88010941806125,6.717474299481507],[-72.98293813347054,6.791842467621679],[-72.88500602355693,6.814152918063732],[-72.88010941806125,6.717474299481507]]]}},{"type":"Feature","properties":{"DPTO_CCDGO":"68","MPIO_CCNCT":"68162","MPIO_CNMBR":"CERRITO"},"geometry":{"type":"Polygon","coordinates":[[[-72.55326100122456,6.98519970478613],[-72.58386478557256,6.798039814966694],[-72.75769428066923,6.82654761275376],[-72.72219389082554,7.005031216290176],[-72.55326100122456,6.98519970478613]]]}},{"type":"Feature","properties":{"DPTO_CCDGO":"68","MPIO_CCNCT":"68167","MPIO_CNMBR":"CHARALA"},"geometry":{"type":"Polygon","coordinates":[[[-73.00130040407934,6.35802815347067],[-73.17268159642818,6.121289484891118],[-73.08209439475809,5.977511026486784],[-73.17512989917601,5.994863599052824],[-73.24000992199379,6.054358133564962],[-73.23021671100243,6.307209905241551],[-73.00130040407934,6.35802815347067]]]}},{"type":"Feature","properties":{"DPTO_CCDGO":"68","MPIO_CCNCT":"68169","MPIO_CNMBR":"CHARTA"},"geometry":{"type":"Polygon","coordinates":[[[-73.0465940049144,7.278953968939813],[-72.88133356943517,7.2566435184977625],[-73.0710770323928,7.199627922923629],[-73.0465940049144,7.278953968939813]]]}},{"type":"Feature","properties":{"DPTO_CCDGO":"68","MPIO_CCNCT":"68176","MPIO_CNMBR":"CHIMA"},"geometry":{"type":"Polygon","coordinates":[[[-73.32080391267252,6.400170115416769],[-73.37833902724677,6.31092831364856],[-73.46402962342118,6.315886191524571],[-73.4652537747951,6.454706772052894],[-73.32080391267252,6.400170115416769]]]}},{"type":"Feature","properties":{"DPTO_CCDGO":"68","MPIO_CCNCT":"68179","MPIO_CNMBR":"CHIPATA"},"geometry":{"type":"Polygon","coordinates":[[[-73.63663496714393,6.131205240643142],[-73.59623797180457,6.019652988432883],[-73.69417008171818,6.040723969405931],[-73.63663496714393,6.131205240643142]]]}},{"type":"Feature","properties":{"DPTO_CCDGO":"68","MPIO_CCNCT":"68190","MPIO_CNMBR":"CIMITARRA"},"geometry":{"type":"Polygon","coordinates":[[[-74.06386379664208,6.599724699926233],[-73.80679200811883,6.4609041193979095],[-73.85820636582349,6.330759825152606],[-73.98551810871119,6.222925981349356],[-74.13853703045122,6.2365601455083866],[-74.2107619615125,6.070471236662],[-74.40540202996581,6.128726301705136],[-74.50823074537512,6.286138924268503],[-74.39683297034838,6.45222783311489],[-74.40907448408758,6.5860905357672],[-74.10915739747713,6.776968833993646],[-74.06386379664208,6.599724699926233]]]}},{"type":"Feature","properties":{"DPTO_CCDGO":"68","MPIO_CCNCT":"68207","MPIO_CNMBR":"CONCEPCION"},"geometry":{"type":"Polygon","coordinates":[[[-72.50307079489383,6.908352597707951],[-72.49939834077206,6.728629524702532],[-72.62426178091192,6.70136119638447],[-72.75402182654747,6.783166181338659],[-72.58386478557256,6.798039814966694],[-72.50307079489383,6.908352597707951]]]}},{"type":"Feature","properties":{"DPTO_CCDGO":"68","MPIO_CCNCT":"68209","MPIO_CNMBR":"CONFINES"},"geometry":{"type":"Polygon","coordinates":[[[-73.22654425688066,6.408846401699789],[-73.23021671100243,6.307209905241551],[-73.30488994481156,6.348112397718646],[-73.22654425688066,6.408846401699789]]]}},{"type":"Feature","properties":{"DPTO_CCDGO":"68","MPIO_CCNCT":"68615","MPIO_CNMBR":"RIONEGRO"},"geometry":{"type":"Polygon","coordinates":[[[-73.63296251302216,7.748712897691908],[-73.28163106870707,7.54791884371344],[-73.30611409618548,7.441324469379191],[-73.07842194063632,7.457437572476229],[-73.08209439475809,7.266559274249785],[-73.22654425688066,7.223177842834684],[-73.34773524289876,7.417774549468136],[-73.75292934766635,7.751191836629912],[-73.63296251302216,7.748712897691908]]]}},{"type":"Feature","properties":{"DPTO_CCDGO":"68","MPIO_CCNCT":"68655","MPIO_CNMBR":"SABANA DE TORRES"},"geometry":{"type":"Polygon","coordinates":[[[-73.39670129785557,7.402900915840101],[-73.35508015114229,7.2851513162848285],[-73.55094437096952,7.163683308322545],[-73.57542739844793,7.2727566215948],[-73.77618822377083,7.4227324273441475],[-73.76027425590988,7.695415710524783],[-73.39670129785557,7.402900915840101]]]}},{"type":"Feature","properties":{"DPTO_CCDGO":"68","MPIO_CCNCT":"68669","MPIO_CNMBR":"SAN ANDRES"},"geometry":{"type":"Polygon","coordinates":[[[-72.74667691830395,6.957931376468066],[-72.77483239990411,6.724911116295523],[-72.90948905103534,6.682769154349426],[-72.74667691830395,6.957931376468066]]]}},{"type":"Feature","properties":{"DPTO_CCDGO":"68","MPIO_CCNCT":"68673","MPIO_CNMBR":"SAN BENITO"},"geometry":{"type":"Polygon","coordinates":[[[-73.57909985256968,6.086584339759037],[-73.47382283441254,6.1559946300232],[-73.5374787058564,6.041963438874934],[-73.57909985256968,6.086584339759037]]]}},{"type":"Feature","properties":{"DPTO_CCDGO":"68","MPIO_CCNCT":"68679","MPIO_CNMBR":"SAN GIL"},"geometry":{"type":"Polygon","coordinates":[[[-73.11024987635824,6.649303478686347],[-73.02945588567951,6.537751226476088],[-73.07474948651456,6.481975100370958],[-73.21185444039362,6.558822207449138],[-73.11024987635824,6.649303478686347]]]}},{"type":"Feature","properties":{"DPTO_CCDGO":"68","MPIO_CCNCT":"68682","MPIO_CNMBR":"SAN JOAQUIN"},"geometry":{"type":"Polygon","coordinates":[[[-72.81890184936523,6.543948573821103],[-72.81767769799131,6.400170115416769],[-72.90948905103534,6.374141256567707],[-72.87888526668733,6.498088203467995],[-72.81890184936523,6.543948573821103]]]}},{"type":"Feature","properties":{"DPTO_CCDGO":"68","MPIO_CCNCT":"68684","MPIO_CNMBR":"SAN JOSE DE MIRANDA"},"geometry":{"type":"Polygon","coordinates":[[[-72.7075040743385,6.674092868066406],[-72.72341804219946,6.578653718953184],[-72.74300446418218,6.566259024263154],[-72.76993579440843,6.682769154349426],[-72.7075040743385,6.674092868066406]]]}},{"type":"Feature","properties":{"DPTO_CCDGO":"68","MPIO_CCNCT":"68686","MPIO_CNMBR":"SAN MIGUEL"},"geometry":{"type":"Polygon","coordinates":[[[-72.66710707899914,6.617077272492272],[-72.63772744602505,6.508003959220019],[-72.70260746884281,6.594766822050222],[-72.66710707899914,6.617077272492272]]]}},{"type":"Feature","properties":{"DPTO_CCDGO":"68","MPIO_CCNCT":"68689","MPIO_CNMBR":"SAN VICENTE DE CHUCURI"},"geometry":{"type":"Polygon","coordinates":[[[-73.4530122610559,6.960410315406072],[-73.33304542641173,6.888521086203905],[-73.38323563274245,6.70136119638447],[-73.63908326989177,6.8327449600987755],[-73.63541081577002,6.772010956117633],[-73.73089462293579,6.763334669834613],[-73.7492568935446,6.860013288416839],[-73.53992700860424,7.153767552570523],[-73.4530122610559,6.960410315406072]]]}},{"type":"Feature","properties":{"DPTO_CCDGO":"68","MPIO_CCNCT":"68705","MPIO_CNMBR":"SANTA BARBARA"},"geometry":{"type":"Polygon","coordinates":[[[-72.84828148233932,7.1376544494734855],[-72.8470573309654,7.042215300360262],[-72.91805811065278,6.847618593726809],[-72.99028304171406,6.936860395495017],[-72.84828148233932,7.1376544494734855]]]}},{"type":"Feature","properties":{"DPTO_CCDGO":"68","MPIO_CCNCT":"68720","MPIO_CNMBR":"SANTA HELENA DEL OPON"},"geometry":{"type":"Polygon","coordinates":[[[-73.4652537747951,6.454706772052894],[-73.47627113716038,6.37538072603671],[-73.63663496714393,6.291096802144514],[-73.67580781110938,6.480735630901956],[-73.62439345340474,6.525356531786059],[-73.4652537747951,6.454706772052894]]]}},{"type":"Feature","properties":{"DPTO_CCDGO":"68","MPIO_CCNCT":"68745","MPIO_CNMBR":"SIMACOTA"},"geometry":{"type":"Polygon","coordinates":[[[-73.7492568935446,6.860013288416839],[-73.6770319624833,6.5513853906351205],[-73.40037375197733,6.534032818069079],[-73.29264843107235,6.4844540393089645],[-73.32080391267252,6.400170115416769],[-73.7614984072838,6.552624860104123],[-73.95981092985886,6.805476631780712],[-73.94879356749358,6.888521086203905],[-73.7492568935446,6.860013288416839]]]}},{"type":"Feature","properties":{"DPTO_CCDGO":"68","MPIO_CCNCT":"68755","MPIO_CNMBR":"SOCORRO"},"geometry":{"type":"Polygon","coordinates":[[[-73.22532010550674,6.5265960012550615],[-73.20940613764579,6.406367462761782],[-73.31590730717684,6.416283218513806],[-73.22532010550674,6.5265960012550615]]]}},{"type":"Feature","properties":{"DPTO_CCDGO":"68","MPIO_CCNCT":"68770","MPIO_CNMBR":"SUAITA"},"geometry":{"type":"Polygon","coordinates":[[[-73.36120090801188,6.178305080465252],[-73.23756161924595,6.1274868322361336],[-73.24000992199379,6.054358133564962],[-73.49708171051702,6.107655320732087],[-73.36120090801188,6.178305080465252]]]}},{"type":"Feature","properties":{"DPTO_CCDGO":"68","MPIO_CCNCT":"68773","MPIO_CNMBR":"SUCRE"},"geometry":{"type":"Polygon","coordinates":[[[-74.0773294617552,6.154755160554197],[-74.034484163668,6.049400255688951],[-73.94634526474574,6.070471236662],[-73.75782595316203,5.904382327815613],[-73.84229239796252,5.847366732241481],[-74.05774303977248,5.931650656133677],[-74.12751966808594,6.033287152591914],[-74.0773294617552,6.154755160554197]]]}},{"type":"Feature","properties":{"DPTO_CCDGO":"68","MPIO_CCNCT":"68780","MPIO_CNMBR":"SURATA"},"geometry":{"type":"Polygon","coordinates":[[[-72.98293813347054,7.619808072915607],[-72.86297129882637,7.383069404336055],[-72.9498860463747,7.348364259203976],[-72.92295471614845,7.292588133098846],[-73.08821515162768,7.5280873322093935],[-72.98293813347054,7.619808072915607]]]}},{"type":"Feature","properties":{"DPTO_CCDGO":"68","MPIO_CCNCT":"68820","MPIO_CNMBR":"TONA"},"geometry":{"type":"Polygon","coordinates":[[[-72.84828148233932,7.1376544494734855],[-73.00497285820111,7.0992308959343955],[-73.05638721590576,7.184754289295594],[-72.87643696393948,7.264080335311778],[-72.84828148233932,7.1376544494734855]]]}},{"type":"Feature","properties":{"DPTO_CCDGO":"68","MPIO_CCNCT":"68855","MPIO_CNMBR":"VALLE DE SAN JOSE"},"geometry":{"type":"Polygon","coordinates":[[[-73.11514648185393,6.481975100370958],[-73.07230118376673,6.390254359664745],[-73.1616642340629,6.402649054354773],[-73.11514648185393,6.481975100370958]]]}},{"type":"Feature","properties":{"DPTO_CCDGO":"68","MPIO_CCNCT":"68861","MPIO_CNMBR":"VELEZ"},"geometry":{"type":"Polygon","coordinates":[[[-73.7614984072838,6.552624860104123],[-73.64275572401354,6.447269955238877],[-73.71987726057051,6.294815210551523],[-73.63663496714393,6.131205240643142],[-73.69417008171818,6.040723969405931],[-73.59623797180457,6.019652988432883],[-73.66356629737018,5.927932247726668],[-73.75170519629243,6.001060946397839],[-73.76884331552732,6.19441818356229],[-73.68437687072682,6.4138042795758],[-73.7614984072838,6.552624860104123]]]}},{"type":"Feature","properties":{"DPTO_CCDGO":"68","MPIO_CCNCT":"68867","MPIO_CNMBR":"VETAS"},"geometry":{"type":"Polygon","coordinates":[[[-72.83848827134796,7.359519484425002],[-72.83359166585228,7.3037433583198705],[-72.88133356943517,7.2566435184977625],[-72.92295471614845,7.292588133098846],[-72.83848827134796,7.359519484425002]]]}},{"type":"Feature","properties":{"DPTO_CCDGO":"68","MPIO_CCNCT":"68872","MPIO_CNMBR":"VILLANUEVA"},"geometry":{"type":"Polygon","coordinates":[[[-73.22409595413282,6.733587402578545],[-73.11759478460176,6.686487562756435],[-73.15431932581937,6.599724699926233],[-73.22409595413282,6.733587402578545]]]}},{"type":"Feature","properties":{"DPTO_CCDGO":"68","MPIO_CCNCT":"68895","MPIO_CNMBR":"ZAPATOCA"},"geometry":{"type":"Polygon","coordinates":[[[-73.21675104588931,6.925705170273991],[-73.2583721926026,6.695163849039455],[-73.35997675663796,6.783166181338659],[-73.35875260526404,6.944297212309035],[-73.4530122610559,6.960410315406072],[-73.38323563274245,6.998833868945162],[-73.26326879809827,6.857534349478833],[-73.21675104588931,6.925705170273991]]]}},{"type":"Feature","properties":{"DPTO_CCDGO":"68","MPIO_CCNCT":"68370","MPIO_CNMBR":"JORDAN"},"geometry":{"type":"Polygon","coordinates":[[[-73.06740457827104,6.7373058109855535],[-73.11759478460176,6.686487562756435],[-73.14575026620193,6.729868994171536],[-73.06740457827104,6.7373058109855535]]]}},{"type":"Feature","properties":{"DPTO_CCDGO":"68","MPIO_CCNCT":"68377","MPIO_CNMBR":"LA BELLEZA"},"geometry":{"type":"Polygon","coordinates":[[[-73.92431054001518,5.868437713214529],[-74.07855361312913,5.832493098613446],[-74.1801581771645,5.910579675160628],[-74.12751966808594,6.033287152591914],[-73.92431054001518,5.868437713214529]]]}},{"type":"Feature","properties":{"DPTO_CCDGO":"68","MPIO_CCNCT":"68385","MPIO_CNMBR":"LANDAZURI"},"geometry":{"type":"Polygon","coordinates":[[[-73.78108482926652,6.552624860104123],[-73.68437687072682,6.4138042795758],[-73.7259980174401,6.240278553915395],[-74.06141549389424,6.184502427810266],[-74.10058833785969,6.221686511880353],[-73.85820636582349,6.330759825152606],[-73.80679200811883,6.4609041193979095],[-73.87044787956269,6.5129618370960305],[-73.78108482926652,6.552624860104123]]]}},{"type":"Feature","properties":{"DPTO_CCDGO":"68","MPIO_CCNCT":"68397","MPIO_CNMBR":"LA PAZ"},"geometry":{"type":"Polygon","coordinates":[[[-73.66846290286585,6.3840570123197296],[-73.57665154982185,6.253912718074428],[-73.57909985256968,6.086584339759037],[-73.68560102210074,6.172107733120237],[-73.66846290286585,6.3840570123197296]]]}},{"type":"Feature","properties":{"DPTO_CCDGO":"68","MPIO_CCNCT":"68406","MPIO_CNMBR":"LEBRIJA"},"geometry":{"type":"Polygon","coordinates":[[[-73.16411253681073,7.210783148144655],[-73.20695783489793,7.043454769829266],[-73.41751187121221,7.150049144163514],[-73.35508015114229,7.2851513162848285],[-73.39670129785557,7.402900915840101],[-73.16411253681073,7.210783148144655]]]}},{"type":"Feature","properties":{"DPTO_CCDGO":"68","MPIO_CCNCT":"68418","MPIO_CNMBR":"LOS SANTOS"},"geometry":{"type":"Polygon","coordinates":[[[-73.17635405054993,6.8848026777968965],[-73.0037487068272,6.824068673815754],[-73.14575026620193,6.729868994171536],[-73.17635405054993,6.8848026777968965]]]}},{"type":"Feature","properties":{"DPTO_CCDGO":"68","MPIO_CCNCT":"68425","MPIO_CNMBR":"MACARAVITA"},"geometry":{"type":"Polygon","coordinates":[[[-72.54224363885928,6.583611596829195],[-72.53979533611144,6.488172447715973],[-72.64874480839033,6.436114730017852],[-72.63772744602505,6.508003959220019],[-72.54224363885928,6.583611596829195]]]}},{"type":"Feature","properties":{"DPTO_CCDGO":"68","MPIO_CCNCT":"68432","MPIO_CNMBR":"MALAGA"},"geometry":{"type":"Polygon","coordinates":[[[-72.7075040743385,6.717474299481507],[-72.76993579440843,6.682769154349426],[-72.75402182654747,6.783166181338659],[-72.7075040743385,6.717474299481507]]]}},{"type":"Feature","properties":{"DPTO_CCDGO":"68","MPIO_CCNCT":"68444","MPIO_CNMBR":"MATANZA"},"geometry":{"type":"Polygon","coordinates":[[[-73.04536985354048,7.458677041945233],[-72.97804152797487,7.314898583540897],[-73.0710770323928,7.199627922923629],[-73.11881893597568,7.326053808761923],[-73.04536985354048,7.458677041945233]]]}},{"type":"Feature","properties":{"DPTO_CCDGO":"68","MPIO_CCNCT":"68464","MPIO_CNMBR":"MOGOTES"},"geometry":{"type":"Polygon","coordinates":[[[-72.87276450981773,6.630711436651305],[-72.91193735378317,6.3790991344437185],[-73.06985288101887,6.382817542850727],[-73.07474948651456,6.481975100370958],[-72.87276450981773,6.630711436651305]]]}},{"type":"Feature","properties":{"DPTO_CCDGO":"68","MPIO_CCNCT":"68468","MPIO_CNMBR":"MOLAGAVITA"},"geometry":{"type":"Polygon","coordinates":[[[-72.76993579440843,6.682769154349426],[-72.76993579440843,6.5798931884221865],[-72.81890184936523,6.543948573821103],[-72.90948905103534,6.682769154349426],[-72.76993579440843,6.682769154349426]]]}},{"type":"Feature","properties":{"DPTO_CCDGO":"68","MPIO_CCNCT":"68498","MPIO_CNMBR":"OCAMONTE"},"geometry":{"type":"Polygon","coordinates":[[[-73.1616642340629,6.402649054354773],[-73.06985288101887,6.382817542850727],[-73.11881893597568,6.2886178632065075],[-73.1616642340629,6.402649054354773]]]}},{"type":"Feature","properties":{"DPTO_CCDGO":"68","MPIO_CCNCT":"68500","MPIO_CNMBR":"OIBA"},"geometry":{"type":"Polygon","coordinates":[[[-73.27795861458532,6.334478233559615],[-73.20083707802834,6.276223168516479],[-73.23756161924595,6.1274868322361336],[-73.36120090801188,6.178305080465252],[-73.27795861458532,6.334478233559615]]]}},{"type":"Feature","properties":{"DPTO_CCDGO":"68","MPIO_CCNCT":"68502","MPIO_CNMBR":"ONZAGA"},"geometry":{"type":"Polygon","coordinates":[[[-72.81155694112172,6.542709104352099],[-72.7258663449473,6.371662317629701],[-72.86786790432205,6.144839404802173],[-72.90948905103534,6.374141256567707],[-72.81767769799131,6.400170115416769],[-72.81155694112172,6.542709104352099]]]}},{"type":"Feature","properties":{"DPTO_CCDGO":"68","MPIO_CCNCT":"68522","MPIO_CNMBR":"PALMAR"},"geometry":{"type":"Polygon","coordinates":[[[-73.30366579343763,6.566259024263154],[-73.27183785771571,6.510482898158024],[-73.29264843107235,6.4844540393089645],[-73.30366579343763,6.566259024263154]]]}},{"type":"Feature","properties":{"DPTO_CCDGO":"68","MPIO_CCNCT":"68524","MPIO_CNMBR":"PALMAS DEL SOCORRO"},"geometry":{"type":"Polygon","coordinates":[[[-73.22654425688066,6.408846401699789],[-73.30488994481156,6.348112397718646],[-73.3318212750378,6.370422848160699],[-73.31590730717684,6.416283218513806],[-73.22654425688066,6.408846401699789]]]}},{"type":"Feature","properties":{"DPTO_CCDGO":"68","MPIO_CCNCT":"68533","MPIO_CNMBR":"PARAMO"},"geometry":{"type":"Polygon","coordinates":[[[-73.11514648185393,6.481975100370958],[-73.15921593131506,6.3555492145326635],[-73.2045095321501,6.329520355683604],[-73.20940613764579,6.406367462761782],[-73.11514648185393,6.481975100370958]]]}},{"type":"Feature","properties":{"DPTO_CCDGO":"68","MPIO_CCNCT":"68549","MPIO_CNMBR":"PINCHOTE"},"geometry":{"type":"Polygon","coordinates":[[[-73.2045095321501,6.542709104352099],[-73.17512989917601,6.464622527804918],[-73.22532010550674,6.5265960012550615],[-73.2045095321501,6.542709104352099]]]}},{"type":"Feature","properties":{"DPTO_CCDGO":"68","MPIO_CCNCT":"68572","MPIO_CNMBR":"PUENTE NACIONAL"},"geometry":{"type":"Polygon","coordinates":[[[-73.75048104491852,5.893227102594588],[-73.59991042592632,5.8696771826835334],[-73.65132478363097,5.7122645601201665],[-73.76272255865771,5.772998564101307],[-73.75048104491852,5.893227102594588]]]}},{"type":"Feature","properties":{"DPTO_CCDGO":"68","MPIO_CCNCT":"68573","MPIO_CNMBR":"PUERTO PARRA"},"geometry":{"type":"Polygon","coordinates":[[[-73.7614984072838,6.552624860104123],[-73.87044787956269,6.5129618370960305],[-74.06386379664208,6.599724699926233],[-74.09446758099008,6.804237162311708],[-73.94879356749358,6.888521086203905],[-73.95981092985886,6.805476631780712],[-73.7614984072838,6.552624860104123]]]}},{"type":"Feature","properties":{"DPTO_CCDGO":"68","MPIO_CCNCT":"68575","MPIO_CNMBR":"PUERTO WILCHES"},"geometry":{"type":"Polygon","coordinates":[[[-73.77496407239691,8.145343127772831],[-73.67091120561369,7.893730825565244],[-73.75048104491852,7.803249554328033],[-73.77618822377083,7.4227324273441475],[-73.57542739844793,7.2727566215948],[-73.5680824902044,7.183514819826591],[-73.71987726057051,7.254164579559756],[-73.92308638864125,7.213262087082661],[-73.91696563177166,7.472311206104264],[-73.7982229485014,7.772262817602963],[-73.86799957681485,8.06353814281864],[-73.77496407239691,8.145343127772831]]]}},{"type":"Feature","properties":{"DPTO_CCDGO":"68","MPIO_CCNCT":"68211","MPIO_CNMBR":"CONTRATACION"},"geometry":{"type":"Polygon","coordinates":[[[-73.47627113716038,6.37538072603671],[-73.40771866022085,6.31092831364856],[-73.45056395830807,6.2316022676323755],[-73.59991042592632,6.320844069400584],[-73.47627113716038,6.37538072603671]]]}},{"type":"Feature","properties":{"DPTO_CCDGO":"68","MPIO_CCNCT":"68217","MPIO_CNMBR":"COROMORO"},"geometry":{"type":"Polygon","coordinates":[[[-72.90948905103534,6.374141256567707],[-72.86786790432205,6.144839404802173],[-72.92295471614845,6.097739564980063],[-73.13595705521057,6.206812878252318],[-72.90948905103534,6.374141256567707]]]}},{"type":"Feature","properties":{"DPTO_CCDGO":"68","MPIO_CCNCT":"68229","MPIO_CNMBR":"CURITI"},"geometry":{"type":"Polygon","coordinates":[[[-73.08087024338417,6.686487562756435],[-72.93886868400942,6.690205971163444],[-72.87276450981773,6.630711436651305],[-73.02945588567951,6.537751226476088],[-73.11147402773217,6.584851066298198],[-73.08087024338417,6.686487562756435]]]}},{"type":"Feature","properties":{"DPTO_CCDGO":"68","MPIO_CCNCT":"68235","MPIO_CNMBR":"EL CARMEN"},"geometry":{"type":"Polygon","coordinates":[[[-73.38323563274245,6.70136119638447],[-73.43832244456885,6.525356531786059],[-73.73456707705755,6.617077272492272],[-73.73089462293579,6.763334669834613],[-73.63541081577002,6.772010956117633],[-73.63908326989177,6.8327449600987755],[-73.38323563274245,6.70136119638447]]]}},{"type":"Feature","properties":{"DPTO_CCDGO":"68","MPIO_CCNCT":"68245","MPIO_CNMBR":"EL GUACAMAYO"},"geometry":{"type":"Polygon","coordinates":[[[-73.45056395830807,6.2316022676323755],[-73.48116774265607,6.185741897279268],[-73.63663496714393,6.291096802144514],[-73.59991042592632,6.320844069400584],[-73.45056395830807,6.2316022676323755]]]}},{"type":"Feature","properties":{"DPTO_CCDGO":"68","MPIO_CCNCT":"68255","MPIO_CNMBR":"EL PLAYON"},"geometry":{"type":"Polygon","coordinates":[[[-73.04904230766223,7.606173908756576],[-73.04536985354048,7.458677041945233],[-73.30611409618548,7.441324469379191],[-73.21797519726323,7.632202767605635],[-73.04904230766223,7.606173908756576]]]}},{"type":"Feature","properties":{"DPTO_CCDGO":"68","MPIO_CCNCT":"68264","MPIO_CNMBR":"ENCINO"},"geometry":{"type":"Polygon","coordinates":[[[-72.92295471614845,6.097739564980063],[-73.0110936150707,5.962637392858749],[-73.03068003705343,6.020892457901885],[-73.13962950933234,5.998582007459833],[-73.17268159642818,6.121289484891118],[-73.13595705521057,6.206812878252318],[-72.92295471614845,6.097739564980063]]]}},{"type":"Feature","properties":{"DPTO_CCDGO":"68","MPIO_CCNCT":"68266","MPIO_CNMBR":"ENCISO"},"geometry":{"type":"Polygon","coordinates":[[[-72.62426178091192,6.70136119638447],[-72.66710707899914,6.617077272492272],[-72.72341804219946,6.578653718953184],[-72.7075040743385,6.717474299481507],[-72.62426178091192,6.70136119638447]]]}},{"type":"Feature","properties":{"DPTO_CCDGO":"68","MPIO_CCNCT":"68271","MPIO_CNMBR":"FLORIAN"},"geometry":{"type":"Polygon","coordinates":[[[-73.82637843010156,5.790351136667349],[-73.98184565458943,5.720940846403186],[-74.07855361312913,5.832493098613446],[-73.91451732902382,5.84240885436547],[-73.82637843010156,5.790351136667349]]]}},{"type":"Feature","properties":{"DPTO_CCDGO":"68","MPIO_CCNCT":"68296","MPIO_CNMBR":"GALAN"},"geometry":{"type":"Polygon","coordinates":[[[-73.2583721926026,6.695163849039455],[-73.28285522008099,6.5650195547941514],[-73.39914960060341,6.635669314527316],[-73.35997675663796,6.783166181338659],[-73.2583721926026,6.695163849039455]]]}},{"type":"Feature","properties":{"DPTO_CCDGO":"68","MPIO_CCNCT":"68298","MPIO_CNMBR":"GAMBITA"},"geometry":{"type":"Polygon","coordinates":[[[-73.24000992199379,6.054358133564962],[-73.18369895879346,5.849845671179487],[-73.34528694015093,5.84240885436547],[-73.38201148136854,5.760603869411279],[-73.47137453166471,5.821337873392421],[-73.4040462060991,6.055597603033966],[-73.24000992199379,6.054358133564962]]]}},{"type":"Feature","properties":{"DPTO_CCDGO":"68","MPIO_CCNCT":"68318","MPIO_CNMBR":"GUACA"},"geometry":{"type":"Polygon","coordinates":[[[-72.7503493724257,7.059567872926303],[-72.76136673479098,6.904634189300943],[-72.9376445326355,6.806716101249714],[-72.8470573309654,7.042215300360262],[-72.7503493724257,7.059567872926303]]]}},{"type":"Feature","properties":{"DPTO_CCDGO":"68","MPIO_CCNCT":"68320","MPIO_CNMBR":"GUADALUPE"},"geometry":{"type":"Polygon","coordinates":[[[-73.40771866022085,6.31092831364856],[-73.36120090801188,6.178305080465252],[-73.47382283441254,6.1559946300232],[-73.40771866022085,6.31092831364856]]]}},{"type":"Feature","properties":{"DPTO_CCDGO":"68","MPIO_CCNCT":"68322","MPIO_CNMBR":"GUAPOTA"},"geometry":{"type":"Polygon","coordinates":[[[-73.37833902724677,6.31092831364856],[-73.27795861458532,6.334478233559615],[-73.35997675663796,6.276223168516479],[-73.37833902724677,6.31092831364856]]]}},{"type":"Feature","properties":{"DPTO_CCDGO":"68","MPIO_CCNCT":"68324","MPIO_CNMBR":"GUAVATA"},"geometry":{"type":"Polygon","coordinates":[[[-73.66356629737018,5.927932247726668],[-73.75048104491852,5.893227102594588],[-73.75170519629243,6.001060946397839],[-73.66356629737018,5.927932247726668]]]}},{"type":"Feature","properties":{"DPTO_CCDGO":"68","MPIO_CCNCT":"68327","MPIO_CNMBR":"GUEPSA"},"geometry":{"type":"Polygon","coordinates":[[[-73.57909985256968,6.080386992414024],[-73.58766891218713,5.99734253799083],[-73.61949684790905,5.992384660114819],[-73.57909985256968,6.080386992414024]]]}},{"type":"Feature","properties":{"DPTO_CCDGO":"68","MPIO_CCNCT":"68344","MPIO_CNMBR":"HATO"},"geometry":{"type":"Polygon","coordinates":[[[-73.39914960060341,6.635669314527316],[-73.30611409618548,6.490651386653978],[-73.43832244456885,6.525356531786059],[-73.39914960060341,6.635669314527316]]]}},{"type":"Feature","properties":{"DPTO_CCDGO":"68","MPIO_CCNCT":"68368","MPIO_CNMBR":"JESuS MARIA"},"geometry":{"type":"Polygon","coordinates":[[[-73.75782595316203,5.904382327815613],[-73.82637843010156,5.790351136667349],[-73.92431054001518,5.868437713214529],[-73.84229239796252,5.847366732241481],[-73.75782595316203,5.904382327815613]]]}},{"type":"Feature","properties":{"DPTO_CCDGO":"68","MPIO_CCNCT":"68307","MPIO_CNMBR":"GIRON"},"geometry":{"type":"Polygon","coordinates":[[[-73.15799177994113,7.215741026020666],[-73.10535327086257,6.910831536645956],[-73.17635405054993,6.8848026777968965],[-73.55094437096952,7.163683308322545],[-73.43709829319494,7.181035880888585],[-73.20695783489793,7.043454769829266],[-73.15799177994113,7.215741026020666]]]}},{"type":"Feature","properties":{"DPTO_CCDGO":"68","MPIO_CCNCT":"68276","MPIO_CNMBR":"FLORIDABLANCA"},"geometry":{"type":"Polygon","coordinates":[[[-73.0465940049144,7.138893918942488],[-73.03680079392304,7.052131056112286],[-73.11759478460176,7.0186653804492085],[-73.0465940049144,7.138893918942488]]]}},{"type":"Feature","properties":{"DPTO_CCDGO":"68","MPIO_CCNCT":"68101","MPIO_CNMBR":"BOLIVAR"},"geometry":{"type":"Polygon","coordinates":[[[-74.10058833785969,6.221686511880353],[-73.76884331552732,6.19441818356229],[-73.72844632018794,6.146078874271176],[-73.76761916415339,5.937848003478692],[-73.85820636582349,5.984947843300802],[-73.76394671003163,6.041963438874934],[-73.80189540262316,6.128726301705136],[-73.98429395733727,6.19441818356229],[-74.26584877333892,5.834972037551452],[-74.22177932387778,5.96759527073476],[-74.28665934669556,6.08286593135203],[-74.37847069973958,6.039484499936929],[-74.52659301598392,6.273744229578474],[-74.4102986354615,6.219207572942347],[-74.40540202996581,6.128726301705136],[-74.2107619615125,6.070471236662],[-74.2107619615125,6.167149855244226],[-74.10058833785969,6.221686511880353]]]}},{"type":"Feature","properties":{"DPTO_CCDGO":"68","MPIO_CCNCT":"68250","MPIO_CNMBR":"EL PEÑON"},"geometry":{"type":"Polygon","coordinates":[[[-73.76394671003163,6.041963438874934],[-74.034484163668,6.049400255688951],[-74.0773294617552,6.154755160554197],[-73.80189540262316,6.128726301705136],[-73.76394671003163,6.041963438874934]]]}},{"type":"Feature","properties":{"DPTO_CCDGO":"68","MPIO_CCNCT":"68547","MPIO_CNMBR":"PIEDECUESTA"},"geometry":{"type":"Polygon","coordinates":[[[-72.91071320240926,7.081878323368354],[-72.99028304171406,6.936860395495017],[-72.91805811065278,6.847618593726809],[-72.98293813347054,6.791842467621679],[-73.11759478460176,7.0186653804492085],[-72.91071320240926,7.081878323368354]]]}},{"type":"Feature","properties":{"DPTO_CCDGO":"68","MPIO_CCNCT":"68001","MPIO_CNMBR":"BUCARAMANGA"},"geometry":{"type":"Polygon","coordinates":[[[-73.08209439475809,7.266559274249785],[-73.0465940049144,7.138893918942488],[-73.16411253681073,7.086836201244367],[-73.15799177994113,7.215741026020666],[-73.08209439475809,7.266559274249785]]]}},{"type":"Feature","properties":{"DPTO_CCDGO":"73","MPIO_CCNCT":"73001","MPIO_CNMBR":"IBAGUE"},"geometry":{"type":"Polygon","coordinates":[[[-75.07378868012624,4.5682342402305025],[-75.06644377188273,4.405863739791126],[-74.96606335922127,4.361242838907021],[-75.02971923066512,4.279437853952832],[-75.25496308346644,4.345129735809984],[-75.51937978023321,4.255887934041777],[-75.37003331261494,4.444287293330214],[-75.48510354176344,4.581868404389535],[-75.3859472804759,4.700857473413812],[-75.21579023950099,4.534768564567425],[-75.07378868012624,4.5682342402305025]]]}},{"type":"Feature","properties":{"DPTO_CCDGO":"73","MPIO_CCNCT":"73024","MPIO_CNMBR":"ALPUJARRA"},"geometry":{"type":"Polygon","coordinates":[[[-74.8105961347334,3.4105697561818085],[-74.90975239602093,3.2903412176885283],[-75.06644377188273,3.294059626095537],[-74.99544299219535,3.512206252640045],[-74.84487237320317,3.5097273137020393],[-74.8105961347334,3.4105697561818085]]]}},{"type":"Feature","properties":{"DPTO_CCDGO":"73","MPIO_CCNCT":"73026","MPIO_CNMBR":"ALVARADO"},"geometry":{"type":"Polygon","coordinates":[[[-74.86201049243806,4.625249835804636],[-74.9795290243344,4.486429255276313],[-75.04318489577824,4.45048464067523],[-75.04930565264785,4.662433919874722],[-74.97218411609087,4.703336412351819],[-74.86201049243806,4.625249835804636]]]}},{"type":"Feature","properties":{"DPTO_CCDGO":"73","MPIO_CCNCT":"73030","MPIO_CNMBR":"AMBALEMA"},"geometry":{"type":"Polygon","coordinates":[[[-74.7493885660374,4.952469775621397],[-74.74326780916779,4.790099275182019],[-74.81549274022909,4.713252168103841],[-74.86935540068157,4.819846542438089],[-74.7493885660374,4.952469775621397]]]}},{"type":"Feature","properties":{"DPTO_CCDGO":"73","MPIO_CCNCT":"73043","MPIO_CNMBR":"ANZOATEGUI"},"geometry":{"type":"Polygon","coordinates":[[[-75.05052980402176,4.695899595537801],[-75.07378868012624,4.5682342402305025],[-75.21579023950099,4.534768564567425],[-75.3859472804759,4.700857473413812],[-75.05052980402176,4.695899595537801]]]}},{"type":"Feature","properties":{"DPTO_CCDGO":"73","MPIO_CCNCT":"73055","MPIO_CNMBR":"ARMERO (GUAYABAL)"},"geometry":{"type":"Polygon","coordinates":[[[-74.88404521716862,5.14706648225485],[-74.72980214405467,5.067740436238665],[-74.81182028610732,4.886777893764245],[-75.016253565552,4.995851207036498],[-74.89139012541214,5.037993168982597],[-74.88404521716862,5.14706648225485]]]}},{"type":"Feature","properties":{"DPTO_CCDGO":"73","MPIO_CCNCT":"73067","MPIO_CNMBR":"ATACO"},"geometry":{"type":"Polygon","coordinates":[[[-75.23660081285763,3.6002085849392502],[-75.26842874857957,3.3820619583947424],[-75.47898278489383,3.360990977421693],[-75.57691489480744,3.2209309274243667],[-75.73972702753883,3.322567423882604],[-75.67362285334714,3.4626274738799294],[-75.47163787665032,3.484937924321982],[-75.32351556040597,3.6634215278583975],[-75.23660081285763,3.6002085849392502]]]}},{"type":"Feature","properties":{"DPTO_CCDGO":"73","MPIO_CCNCT":"73124","MPIO_CNMBR":"CAJAMARCA"},"geometry":{"type":"Polygon","coordinates":[[[-75.37003331261494,4.444287293330214],[-75.56956998656393,4.238535361475735],[-75.59282886266841,4.361242838907021],[-75.48510354176344,4.581868404389535],[-75.37003331261494,4.444287293330214]]]}},{"type":"Feature","properties":{"DPTO_CCDGO":"73","MPIO_CCNCT":"73148","MPIO_CNMBR":"CARMEN DE APICALA"},"geometry":{"type":"Polygon","coordinates":[[[-74.74449196054171,4.236056422537731],[-74.6710428781065,4.150533029176531],[-74.7799923503854,4.014191387586214],[-74.78978556137676,4.175322418556588],[-74.74449196054171,4.236056422537731]]]}},{"type":"Feature","properties":{"DPTO_CCDGO":"73","MPIO_CCNCT":"73152","MPIO_CNMBR":"CASABIANCA"},"geometry":{"type":"Polygon","coordinates":[[[-75.04440904715216,5.122277092874793],[-75.06644377188273,5.031795821637582],[-75.33453292277125,4.899172588454274],[-75.34310198238869,4.948751367214388],[-75.04440904715216,5.122277092874793]]]}},{"type":"Feature","properties":{"DPTO_CCDGO":"73","MPIO_CCNCT":"73168","MPIO_CNMBR":"CHAPARRAL"},"geometry":{"type":"Polygon","coordinates":[[[-75.74584778440844,4.04269918537328],[-75.27332535407524,3.74646598228159],[-75.47163787665032,3.484937924321982],[-75.5793631975553,3.4638669433489326],[-75.58303565167705,3.566742909276172],[-75.84133159157422,3.7774527190066625],[-75.91722897675727,3.7489449212195964],[-75.74584778440844,4.04269918537328]]]}},{"type":"Feature","properties":{"DPTO_CCDGO":"73","MPIO_CCNCT":"73200","MPIO_CNMBR":"COELLO"},"geometry":{"type":"Polygon","coordinates":[[[-74.79468216687245,4.500063419435344],[-74.85588973556845,4.335213980057961],[-74.94770108861246,4.208788094219667],[-75.02971923066512,4.279437853952832],[-74.90485579052526,4.480231907931298],[-74.79468216687245,4.500063419435344]]]}},{"type":"Feature","properties":{"DPTO_CCDGO":"73","MPIO_CCNCT":"73217","MPIO_CNMBR":"COYAIMA"},"geometry":{"type":"Polygon","coordinates":[[[-75.10316831310033,3.908836482720968],[-74.97463241883871,3.7452265128125877],[-75.01502941417807,3.6869714477694515],[-75.31004989529285,3.6113638101602756],[-75.10316831310033,3.908836482720968]]]}},{"type":"Feature","properties":{"DPTO_CCDGO":"73","MPIO_CCNCT":"73226","MPIO_CNMBR":"CUNDAY"},"geometry":{"type":"Polygon","coordinates":[[[-74.62452512589753,4.100954250416416],[-74.5314896214796,3.975767834047124],[-74.66859457535867,3.9497389751980627],[-74.7065432679502,3.8022421083867197],[-74.82406179984653,3.895202318561937],[-74.7799923503854,4.014191387586214],[-74.62452512589753,4.100954250416416]]]}},{"type":"Feature","properties":{"DPTO_CCDGO":"73","MPIO_CCNCT":"73236","MPIO_CNMBR":"DOLORES"},"geometry":{"type":"Polygon","coordinates":[[[-74.53516207560136,3.843144600863816],[-74.77509574488973,3.5246009473300743],[-74.76530253389836,3.4403170234378777],[-74.99544299219535,3.512206252640045],[-74.92321806113407,3.6497873636993656],[-74.71756063031548,3.7588606769716195],[-74.67226702948042,3.6968872035214746],[-74.53516207560136,3.843144600863816]]]}},{"type":"Feature","properties":{"DPTO_CCDGO":"73","MPIO_CCNCT":"73268","MPIO_CNMBR":"ESPINAL"},"geometry":{"type":"Polygon","coordinates":[[[-74.81182028610732,4.191435521653625],[-74.82773425396829,4.08979902519539],[-75.00646035456063,4.236056422537731],[-74.9073040932731,4.249690586696762],[-74.81182028610732,4.191435521653625]]]}},{"type":"Feature","properties":{"DPTO_CCDGO":"73","MPIO_CCNCT":"73270","MPIO_CNMBR":"FALAN"},"geometry":{"type":"Polygon","coordinates":[[[-74.96606335922127,5.170616402165905],[-74.89139012541214,5.037993168982597],[-75.06644377188273,5.031795821637582],[-74.96606335922127,5.170616402165905]]]}},{"type":"Feature","properties":{"DPTO_CCDGO":"73","MPIO_CCNCT":"73275","MPIO_CNMBR":"FLANDES"},"geometry":{"type":"Polygon","coordinates":[[[-74.79713046962028,4.288114140235852],[-74.81182028610732,4.191435521653625],[-74.9073040932731,4.249690586696762],[-74.89016597403821,4.289353609704854],[-74.79713046962028,4.288114140235852]]]}},{"type":"Feature","properties":{"DPTO_CCDGO":"73","MPIO_CCNCT":"73283","MPIO_CNMBR":"FRESNO"},"geometry":{"type":"Polygon","coordinates":[[[-75.00033959769104,5.292084410128188],[-74.96606335922127,5.170616402165905],[-75.12887549195266,5.093769295087727],[-75.1496860653093,5.1644190548208915],[-75.00033959769104,5.292084410128188]]]}},{"type":"Feature","properties":{"DPTO_CCDGO":"73","MPIO_CCNCT":"73319","MPIO_CNMBR":"GUAMO"},"geometry":{"type":"Polygon","coordinates":[[[-75.00646035456063,4.236056422537731],[-74.82773425396829,4.08979902519539],[-74.97463241883871,3.9435416278530493],[-75.08480604249154,4.024107143338236],[-75.00646035456063,4.236056422537731]]]}},{"type":"Feature","properties":{"DPTO_CCDGO":"73","MPIO_CCNCT":"73347","MPIO_CNMBR":"HERVEO"},"geometry":{"type":"Polygon","coordinates":[[[-75.1496860653093,5.1644190548208915],[-75.12887549195266,5.093769295087727],[-75.33453292277125,4.899172588454274],[-75.28801517056229,5.13839019597183],[-75.1496860653093,5.1644190548208915]]]}},{"type":"Feature","properties":{"DPTO_CCDGO":"73","MPIO_CCNCT":"73352","MPIO_CNMBR":"ICONONZO"},"geometry":{"type":"Polygon","coordinates":[[[-74.54128283247096,4.252169525634768],[-74.4764028096532,4.119546292451458],[-74.5314896214796,3.975767834047124],[-74.62452512589753,4.100954250416416],[-74.54128283247096,4.252169525634768]]]}},{"type":"Feature","properties":{"DPTO_CCDGO":"73","MPIO_CCNCT":"73408","MPIO_CNMBR":"LERIDA"},"geometry":{"type":"Polygon","coordinates":[[[-74.81182028610732,4.886777893764245],[-74.87180370342942,4.773986172084982],[-75.00768450593456,4.811170256155069],[-74.97340826746479,4.967343409249432],[-74.81182028610732,4.886777893764245]]]}},{"type":"Feature","properties":{"DPTO_CCDGO":"73","MPIO_CCNCT":"73411","MPIO_CNMBR":"LIBANO"},"geometry":{"type":"Polygon","coordinates":[[[-75.016253565552,4.995851207036498],[-74.97708072158655,4.8495938096941575],[-75.07011622600449,4.752915191111933],[-75.10928906996993,4.8979331189852715],[-75.016253565552,4.995851207036498]]]}},{"type":"Feature","properties":{"DPTO_CCDGO":"73","MPIO_CCNCT":"73443","MPIO_CNMBR":"MARIQUITA"},"geometry":{"type":"Polygon","coordinates":[[[-74.86078634106413,5.305718574287221],[-74.79468216687245,5.227631997740039],[-74.96606335922127,5.170616402165905],[-75.00033959769104,5.292084410128188],[-74.86078634106413,5.305718574287221]]]}},{"type":"Feature","properties":{"DPTO_CCDGO":"73","MPIO_CCNCT":"73449","MPIO_CNMBR":"MELGAR"},"geometry":{"type":"Polygon","coordinates":[[[-74.555972648958,4.267043159262803],[-74.68450854321962,4.095996372540403],[-74.74449196054171,4.236056422537731],[-74.555972648958,4.267043159262803]]]}},{"type":"Feature","properties":{"DPTO_CCDGO":"73","MPIO_CCNCT":"73461","MPIO_CNMBR":"MURILLO"},"geometry":{"type":"Polygon","coordinates":[[[-75.10928906996993,4.8979331189852715],[-75.07011622600449,4.752915191111933],[-75.37492991811062,4.8024939698720495],[-75.31861895491029,4.886777893764245],[-75.10928906996993,4.8979331189852715]]]}},{"type":"Feature","properties":{"DPTO_CCDGO":"73","MPIO_CCNCT":"73483","MPIO_CNMBR":"NATAGAIMA"},"geometry":{"type":"Polygon","coordinates":[[[-75.13377209744834,3.694408264583469],[-74.93056296937759,3.61756115750529],[-75.0346158361608,3.427922328747849],[-75.26842874857957,3.3820619583947424],[-75.28923932193621,3.5617850314001602],[-75.13377209744834,3.694408264583469]]]}},{"type":"Feature","properties":{"DPTO_CCDGO":"73","MPIO_CCNCT":"73504","MPIO_CNMBR":"ORTEGA"},"geometry":{"type":"Polygon","coordinates":[[[-75.24394572110116,4.10715159776143],[-75.07256452875232,3.937344280508034],[-75.27332535407524,3.74646598228159],[-75.43980994092838,3.8728918681198845],[-75.4410340923023,3.984444120330144],[-75.24394572110116,4.10715159776143]]]}},{"type":"Feature","properties":{"DPTO_CCDGO":"73","MPIO_CCNCT":"73520","MPIO_CNMBR":"PALOCABILDO"},"geometry":{"type":"Polygon","coordinates":[[[-75.04440904715216,5.122277092874793],[-74.98197732708223,5.077656191990689],[-75.04563319852609,5.054106272079634],[-75.04440904715216,5.122277092874793]]]}},{"type":"Feature","properties":{"DPTO_CCDGO":"73","MPIO_CCNCT":"73547","MPIO_CNMBR":"PIEDRAS"},"geometry":{"type":"Polygon","coordinates":[[[-74.81671689160301,4.611615671645604],[-74.79468216687245,4.500063419435344],[-74.90485579052526,4.480231907931298],[-74.90975239602093,4.399666392446111],[-75.06644377188273,4.405863739791126],[-74.81671689160301,4.611615671645604]]]}},{"type":"Feature","properties":{"DPTO_CCDGO":"73","MPIO_CCNCT":"73555","MPIO_CNMBR":"PLANADAS"},"geometry":{"type":"Polygon","coordinates":[[[-75.57691489480744,3.2209309274243667],[-75.61363943602505,3.0238552818529083],[-75.85969386218302,2.8726400066345565],[-76.028626751784,2.940810827429715],[-76.10329998559314,3.0957445110550754],[-76.09105847185394,3.198620476982315],[-75.91478067400942,3.193662599106304],[-75.73972702753883,3.322567423882604],[-75.57691489480744,3.2209309274243667]]]}},{"type":"Feature","properties":{"DPTO_CCDGO":"73","MPIO_CCNCT":"73563","MPIO_CNMBR":"PRADO"},"geometry":{"type":"Polygon","coordinates":[[[-74.70776741932411,3.789847413696691],[-74.93056296937759,3.61756115750529],[-75.01502941417807,3.6869714477694515],[-74.89628673090782,3.8270314977667788],[-74.70776741932411,3.789847413696691]]]}},{"type":"Feature","properties":{"DPTO_CCDGO":"73","MPIO_CCNCT":"73585","MPIO_CNMBR":"PURIFICACION"},"geometry":{"type":"Polygon","coordinates":[[[-74.86568294655982,4.009233509710201],[-74.70776741932411,3.789847413696691],[-74.89628673090782,3.8270314977667788],[-74.97463241883871,3.7452265128125877],[-75.03339168478688,3.8195946809527612],[-74.86568294655982,4.009233509710201]]]}},{"type":"Feature","properties":{"DPTO_CCDGO":"73","MPIO_CCNCT":"73616","MPIO_CNMBR":"RIOBLANCO"},"geometry":{"type":"Polygon","coordinates":[[[-75.5793631975553,3.4638669433489326],[-75.67362285334714,3.4626274738799294],[-75.91478067400942,3.193662599106304],[-76.09105847185394,3.198620476982315],[-75.91722897675727,3.7489449212195964],[-75.84133159157422,3.7774527190066625],[-75.58303565167705,3.566742909276172],[-75.5793631975553,3.4638669433489326]]]}},{"type":"Feature","properties":{"DPTO_CCDGO":"73","MPIO_CCNCT":"73622","MPIO_CNMBR":"RONCESVALLES"},"geometry":{"type":"Polygon","coordinates":[[[-75.56956998656393,4.238535361475735],[-75.38961973459766,4.120785761920462],[-75.63200170663386,3.9336258721010253],[-75.75196854127805,4.077404330505361],[-75.56956998656393,4.238535361475735]]]}},{"type":"Feature","properties":{"DPTO_CCDGO":"73","MPIO_CCNCT":"73624","MPIO_CNMBR":"ROVIRA"},"geometry":{"type":"Polygon","coordinates":[[[-75.14846191393538,4.321579815898929],[-75.24394572110116,4.10715159776143],[-75.36880916124102,4.041459715904278],[-75.56956998656393,4.238535361475735],[-75.14846191393538,4.321579815898929]]]}},{"type":"Feature","properties":{"DPTO_CCDGO":"73","MPIO_CCNCT":"73671","MPIO_CNMBR":"SALDAÑA"},"geometry":{"type":"Polygon","coordinates":[[[-74.91954560701231,3.955936322543078],[-75.03339168478688,3.8195946809527612],[-75.10316831310033,3.908836482720968],[-75.06154716638704,3.985683589799148],[-74.91954560701231,3.955936322543078]]]}},{"type":"Feature","properties":{"DPTO_CCDGO":"73","MPIO_CCNCT":"73675","MPIO_CNMBR":"SAN ANTONIO"},"geometry":{"type":"Polygon","coordinates":[[[-75.38961973459766,4.120785761920462],[-75.45939636291111,3.8307499061737857],[-75.56589753244216,3.8580182344918494],[-75.61853604152074,3.9683310172331066],[-75.38961973459766,4.120785761920462]]]}},{"type":"Feature","properties":{"DPTO_CCDGO":"73","MPIO_CCNCT":"73678","MPIO_CNMBR":"SAN LUIS"},"geometry":{"type":"Polygon","coordinates":[[[-75.14846191393538,4.321579815898929],[-74.9978912949432,4.248451117227759],[-75.08235773974368,4.138138334486502],[-75.07256452875232,3.937344280508034],[-75.21456608812707,4.032783429621256],[-75.11051322134385,4.167885601742572],[-75.14846191393538,4.321579815898929]]]}},{"type":"Feature","properties":{"DPTO_CCDGO":"73","MPIO_CCNCT":"73686","MPIO_CNMBR":"SANTA ISABEL"},"geometry":{"type":"Polygon","coordinates":[[[-75.05052980402176,4.695899595537801],[-75.38349897772805,4.70829429022783],[-75.37492991811062,4.8024939698720495],[-75.16682418454418,4.7405204964219045],[-75.01258111143024,4.811170256155069],[-75.05052980402176,4.695899595537801]]]}},{"type":"Feature","properties":{"DPTO_CCDGO":"73","MPIO_CCNCT":"73770","MPIO_CNMBR":"SUAREZ"},"geometry":{"type":"Polygon","coordinates":[[[-74.78121650175932,4.264564220324797],[-74.78978556137676,4.175322418556588],[-74.82406179984653,3.895202318561937],[-74.86568294655982,4.009233509710201],[-74.78121650175932,4.264564220324797]]]}},{"type":"Feature","properties":{"DPTO_CCDGO":"73","MPIO_CCNCT":"73854","MPIO_CNMBR":"VALLE DE SAN JUAN"},"geometry":{"type":"Polygon","coordinates":[[[-75.11051322134385,4.167885601742572],[-75.24394572110116,4.10715159776143],[-75.17906569828338,4.278198384483828],[-75.11051322134385,4.167885601742572]]]}},{"type":"Feature","properties":{"DPTO_CCDGO":"73","MPIO_CCNCT":"73861","MPIO_CNMBR":"VENADILLO"},"geometry":{"type":"Polygon","coordinates":[[[-75.00768450593456,4.811170256155069],[-74.87180370342942,4.773986172084982],[-74.81671689160301,4.611615671645604],[-75.05052980402176,4.695899595537801],[-75.00768450593456,4.811170256155069]]]}},{"type":"Feature","properties":{"DPTO_CCDGO":"73","MPIO_CCNCT":"73870","MPIO_CNMBR":"VILLAHERMOSA"},"geometry":{"type":"Polygon","coordinates":[[[-75.31861895491029,4.886777893764245],[-75.00890865730848,5.009485371195531],[-75.10928906996993,4.8979331189852715],[-75.31861895491029,4.886777893764245]]]}},{"type":"Feature","properties":{"DPTO_CCDGO":"73","MPIO_CCNCT":"73873","MPIO_CNMBR":"VILLARRICA"},"geometry":{"type":"Polygon","coordinates":[[[-74.5314896214796,3.975767834047124],[-74.54005868109704,3.8443840703328185],[-74.67226702948042,3.6968872035214746],[-74.66859457535867,3.9497389751980627],[-74.5314896214796,3.975767834047124]]]}},{"type":"Feature","properties":{"DPTO_CCDGO":"13","MPIO_CCNCT":"13300","MPIO_CNMBR":"HATILLO DE LOBA"},"geometry":{"type":"MultiPolygon","coordinates":[[[[-73.97817320046767,8.984463958287783],[-74.0712087048856,8.9485193436867],[-74.22667592937347,8.9485193436867],[-74.10058833785969,9.019169103419864],[-73.97817320046767,8.984463958287783]]],[[[-74.26340047059108,8.9919007751018],[-74.36378088325253,8.973308733066759],[-74.43233336019206,9.009253347667842],[-74.26340047059108,8.9919007751018]]]]}},{"type":"Feature","properties":{"DPTO_CCDGO":"13","MPIO_CCNCT":"13650","MPIO_CNMBR":"SAN FERNANDO"},"geometry":{"type":"Polygon","coordinates":[[[-74.30012501180869,9.203850054301295],[-74.26340047059108,8.9919007751018],[-74.43233336019206,9.009253347667842],[-74.48007526377495,9.078663637932003],[-74.3919363648527,9.215005279522321],[-74.30012501180869,9.203850054301295]]]}},{"type":"Feature","properties":{"DPTO_CCDGO":"13","MPIO_CCNCT":"13430","MPIO_CNMBR":"MAGANGUE"},"geometry":{"type":"Polygon","coordinates":[[[-74.73959535504603,9.425715089252812],[-74.67838778635003,9.30548655075953],[-74.72980214405467,9.127002947223115],[-74.53516207560136,8.99561918350881],[-74.46905790140967,8.824572396786412],[-74.56454170857545,8.83696709147644],[-74.90852824464702,9.205089523770297],[-74.92199390976015,9.388531005182724],[-74.73959535504603,9.425715089252812]]]}},{"type":"Feature","properties":{"DPTO_CCDGO":"25","MPIO_CCNCT":"25307","MPIO_CNMBR":"GIRARDOT"},"geometry":{"type":"Polygon","coordinates":[[[-74.75306102015915,4.434371537578192],[-74.79713046962028,4.288114140235852],[-74.89016597403821,4.289353609704854],[-74.75306102015915,4.434371537578192]]]}},{"type":"Feature","properties":{"DPTO_CCDGO":"25","MPIO_CCNCT":"25754","MPIO_CNMBR":"SOACHA"},"geometry":{"type":"Polygon","coordinates":[[[-74.22300347525172,4.628968244211645],[-74.17770987441666,4.486429255276313],[-74.21443441563427,4.381074350411067],[-74.30624576867828,4.620291957928625],[-74.22300347525172,4.628968244211645]]]}},{"type":"Feature","properties":{"DPTO_CCDGO":"25","MPIO_CCNCT":"25175","MPIO_CNMBR":"CHIA"},"geometry":{"type":"Polygon","coordinates":[[[-74.00632868206783,4.823564950845098],[-74.09446758099008,4.848354340225155],[-74.0773294617552,4.9115672831443025],[-74.00632868206783,4.917764630489318],[-74.00632868206783,4.823564950845098]]]}},{"type":"Feature","properties":{"DPTO_CCDGO":"25","MPIO_CCNCT":"25260","MPIO_CNMBR":"EL ROSAL"},"geometry":{"type":"Polygon","coordinates":[[[-74.23034838349523,4.945032958807381],[-74.20096875052114,4.857030626508175],[-74.26095216784323,4.823564950845098],[-74.28421104394772,4.875622668543219],[-74.23034838349523,4.945032958807381]]]}},{"type":"Feature","properties":{"DPTO_CCDGO":"25","MPIO_CCNCT":"25473","MPIO_CNMBR":"MOSQUERA"},"geometry":{"type":"Polygon","coordinates":[[[-74.17281326892098,4.695899595537801],[-74.27196953020852,4.619052488459621],[-74.29890086043476,4.71697057651085],[-74.23279668624306,4.736802088014896],[-74.17281326892098,4.695899595537801]]]}},{"type":"Feature","properties":{"DPTO_CCDGO":"25","MPIO_CCNCT":"25740","MPIO_CNMBR":"SIBATE"},"geometry":{"type":"Polygon","coordinates":[[[-74.21810686975603,4.5161765225323816],[-74.2829868925738,4.379834880942065],[-74.30257331455653,4.503781827842353],[-74.21810686975603,4.5161765225323816]]]}},{"type":"Feature","properties":{"DPTO_CCDGO":"25","MPIO_CCNCT":"25290","MPIO_CNMBR":"FUSAGASUGA"},"geometry":{"type":"Polygon","coordinates":[[[-74.2829868925738,4.379834880942065],[-74.33562540165236,4.227380136254711],[-74.42988505744422,4.293072018111863],[-74.5498518920884,4.260845811917788],[-74.38826391073094,4.398426922977109],[-74.2829868925738,4.379834880942065]]]}},{"type":"Feature","properties":{"DPTO_CCDGO":"25","MPIO_CCNCT":"25662","MPIO_CNMBR":"SAN JUAN DE RIOSECO"},"geometry":{"type":"Polygon","coordinates":[[[-74.57678322231465,4.88925683270225],[-74.59024888742776,4.742999435359911],[-74.76897498802012,4.842156992880142],[-74.72735384130684,4.977259165001456],[-74.57678322231465,4.88925683270225]]]}},{"type":"Feature","properties":{"DPTO_CCDGO":"73","MPIO_CCNCT":"73349","MPIO_CNMBR":"HONDA"},"geometry":{"type":"Polygon","coordinates":[[[-74.86078634106413,5.305718574287221],[-74.73469874955035,5.287126532252177],[-74.72980214405467,5.067740436238665],[-74.88404521716862,5.14706648225485],[-74.79468216687245,5.227631997740039],[-74.86078634106413,5.305718574287221]]]}},{"type":"Feature","properties":{"DPTO_CCDGO":"05","MPIO_CCNCT":"05631","MPIO_CNMBR":"SABANETA"},"geometry":{"type":"Polygon","coordinates":[[[-75.60507037640761,6.163431446837217],[-75.60629452778153,6.116331607015107],[-75.62588094976425,6.153515691085193],[-75.60507037640761,6.163431446837217]]]}},{"type":"Feature","properties":{"DPTO_CCDGO":"05","MPIO_CCNCT":"05380","MPIO_CNMBR":"LA ESTRELLA"},"geometry":{"type":"Polygon","coordinates":[[[-75.67239870197322,6.118810545953114],[-75.62588094976425,6.153515691085193],[-75.60629452778153,6.116331607015107],[-75.67239870197322,6.118810545953114]]]}}]}